Txn_id,Txn_date,Customer_id,Agent_id,Region,Txn_type,Amount (TZS),Sender_balance_before,Receiver_balance_before,Device_type,Hour_of_day,Is_fraud_flag,Unusual_hour_flag,High_amount_flag,Txn_datetime,Rapid_txn_flag,Fraud_risk_score,Risk_Category,Year_month
TXN0002,2025-07-27,CUST0045,AGT0093,Mbeya,BuyAirtime,"144,982 ","538,768 ",0 ,Feature Phone,17,0,0,0,7,1,70,High Risk,2025-07
TXN0003,2025-03-14,CUST0378,AGT0115,Mbeya,Receive,"298,589 ","371,016 ","196,731 ",USSD,18,0,0,1,10,1,120,High Risk,2025-03
TXN0004,2025-01-05,CUST0330,AGT0089,Dodoma,Deposit,"159,813 ","193,890 ",0 ,USSD,9,0,0,0,15,1,150,High Risk,2025-01
TXN0005,2025-03-04,CUST0069,AGT0172,Dodoma,Receive,"353,315 ","381,361 ","256,214 ",Web,14,0,0,1,6,1,80,High Risk,2025-03
TXN0006,2025-08-26,CUST0063,AGT0082,Dodoma,Send,"198,276 ","937,998 ",0 ,Feature Phone,22,0,0,0,4,1,40,Medium Risk,2025-08
TXN0007,2025-08-17,CUST0011,AGT0169,Mwanza,Receive,"311,520 ","31,263 ","54,037 ",Smartphone,10,0,0,1,5,1,70,High Risk,2025-08
TXN0008,2025-10-23,CUST0342,AGT0125,Arusha,PayBill,"382,100 ","692,283 ",0 ,Smartphone,13,0,0,1,1,0,30,Low Risk,2025-10
TXN0009,2025-04-11,CUST0386,AGT0060,Mbeya,BuyAirtime,"28,409 ","166,497 ",0 ,USSD,5,0,0,0,6,1,60,Medium Risk,2025-04
TXN0010,2025-02-06,CUST0077,AGT0041,Mbeya,BuyAirtime,"169,117 ","234,077 ",0 ,Feature Phone,23,0,0,0,10,1,100,High Risk,2025-02
TXN0011,2025-09-12,CUST0091,AGT0171,Arusha,Deposit,"253,760 ","297,368 ",0 ,Feature Phone,15,0,0,1,6,1,80,High Risk,2025-09
TXN0012,2025-08-24,CUST0056,AGT0156,Mwanza,Deposit,"292,267 ","139,521 ",0 ,Feature Phone,15,0,0,1,6,1,80,High Risk,2025-08
TXN0013,2025-12-16,CUST0210,AGT0082,Mwanza,PayBill,"408,748 ","700,726 ",0 ,Smartphone,23,0,0,1,1,0,30,Low Risk,2025-12
TXN0014,2025-12-17,CUST0453,AGT0130,Mbeya,BuyAirtime,"390,027 ","954,284 ",0 ,Smartphone,8,0,0,1,1,0,30,Low Risk,2025-12
TXN0015,2025-01-21,CUST0240,AGT0081,Dar,Withdraw,"233,594 ","535,233 ",0 ,Feature Phone,10,0,0,1,7,1,90,High Risk,2025-01
TXN0016,2025-02-10,CUST0139,AGT0085,Dodoma,PayBill,"190,086 ","687,963 ",0 ,Feature Phone,4,0,0,0,12,1,120,High Risk,2025-02
TXN0017,2025-08-18,CUST0247,AGT0075,Arusha,Send,"243,539 ","414,468 ",0 ,Feature Phone,6,0,0,1,8,1,100,High Risk,2025-08
TXN0018,2025-02-18,CUST0370,AGT0130,Dar,Send,"457,881 ","547,843 ",0 ,Smartphone,0,0,0,1,9,1,110,High Risk,2025-02
TXN0019,2025-06-13,CUST0389,AGT0034,Mwanza,Deposit,"210,071 ","504,657 ",0 ,USSD,20,0,0,1,12,1,140,High Risk,2025-06
TXN0020,2025-08-23,CUST0265,AGT0104,Arusha,PayBill,"24,885 ","453,562 ",0 ,Web,11,0,0,0,7,1,70,High Risk,2025-08
TXN0021,2025-10-12,CUST0171,AGT0134,Dodoma,Receive,"248,532 ","57,967 ","93,505 ",Smartphone,2,0,0,1,2,0,40,Medium Risk,2025-10
TXN0022,2025-07-27,CUST0078,AGT0043,Mwanza,BuyAirtime,"39,470 ","135,670 ",0 ,Web,5,0,0,0,4,1,40,Medium Risk,2025-07
TXN0023,2025-10-27,CUST0022,AGT0168,Arusha,Send,"155,764 ","161,660 ",0 ,Web,2,0,0,0,3,1,30,Low Risk,2025-10
TXN0024,2025-08-01,CUST0269,AGT0089,Dar,Receive,"256,564 ","82,147 ","176,801 ",USSD,20,0,0,1,6,1,80,High Risk,2025-08
TXN0025,2025-07-19,CUST0465,AGT0082,Dar,PayBill,"259,852 ","663,631 ",0 ,USSD,17,0,0,1,3,1,50,Medium Risk,2025-07
TXN0026,2025-11-05,CUST0390,AGT0174,Arusha,Receive,"235,872 ","824,789 ","88,491 ",Smartphone,20,0,0,1,2,0,40,Medium Risk,2025-11
TXN0027,2025-02-25,CUST0182,AGT0186,Dodoma,Send,"227,779 ","308,778 ",0 ,USSD,18,0,0,1,12,1,140,High Risk,2025-02
TXN0028,2025-01-15,CUST0175,AGT0070,Dodoma,Deposit,"384,900 ","804,496 ",0 ,Smartphone,0,0,0,1,8,1,100,High Risk,2025-01
TXN0029,2025-09-03,CUST0478,AGT0144,Arusha,BuyAirtime,"146,631 ","496,886 ",0 ,Smartphone,12,0,0,0,6,1,60,Medium Risk,2025-09
TXN0030,2025-06-14,CUST0282,AGT0162,Dodoma,PayBill,"480,620 ","777,209 ",0 ,Smartphone,11,0,0,1,9,1,110,High Risk,2025-06
TXN0031,2025-02-03,CUST0320,AGT0176,Mwanza,BuyAirtime,"424,197 ","988,589 ",0 ,Smartphone,15,0,0,1,11,1,130,High Risk,2025-02
TXN0032,2025-09-05,CUST0166,AGT0141,Dodoma,Withdraw,"195,770 ","6,677 ",0 ,USSD,9,0,0,0,5,1,50,Medium Risk,2025-09
TXN0033,2025-02-14,CUST0425,AGT0167,Dar,Withdraw,"359,178 ","183,163 ",0 ,USSD,15,0,0,1,15,1,170,High Risk,2025-02
TXN0034,2025-08-30,CUST0208,AGT0039,Dar,Deposit,"274,865 ","183,559 ",0 ,Smartphone,23,0,0,1,4,1,60,Medium Risk,2025-08
TXN0035,2025-11-03,CUST0197,AGT0121,Mbeya,Withdraw,"390,623 ","636,812 ",0 ,Feature Phone,8,1,0,1,2,0,90,High Risk,2025-11
TXN0036,2025-08-12,CUST0309,AGT0063,Mwanza,Deposit,"472,347 ","835,879 ",0 ,Smartphone,8,0,0,1,6,1,80,High Risk,2025-08
TXN0037,2025-03-11,CUST0091,AGT0056,Mwanza,BuyAirtime,"479,276 ","919,931 ",0 ,Web,6,0,0,1,10,1,120,High Risk,2025-03
TXN0038,2025-09-05,CUST0468,AGT0013,Arusha,BuyAirtime,"334,994 ","8,859 ",0 ,Smartphone,8,0,0,1,4,1,60,Medium Risk,2025-09
TXN0039,2025-06-16,CUST0172,AGT0146,Mwanza,PayBill,"79,622 ","535,746 ",0 ,USSD,11,0,0,0,5,1,50,Medium Risk,2025-06
TXN0040,2025-03-21,CUST0352,AGT0089,Mbeya,BuyAirtime,"136,828 ","314,063 ",0 ,Smartphone,8,0,0,0,9,1,90,High Risk,2025-03
TXN0041,2025-07-04,CUST0306,AGT0105,Mwanza,BuyAirtime,"82,694 ","38,302 ",0 ,Feature Phone,4,0,0,0,6,1,60,Medium Risk,2025-07
TXN0042,2025-05-04,CUST0380,AGT0178,Dodoma,Send,"211,866 ","43,395 ",0 ,Web,21,0,0,1,10,1,120,High Risk,2025-05
TXN0043,2025-06-28,CUST0495,AGT0021,Mbeya,Receive,"369,347 ","536,330 ","463,873 ",Web,6,0,0,1,7,1,90,High Risk,2025-06
TXN0044,2025-02-19,CUST0403,AGT0147,Arusha,Receive,"198,656 ","609,297 ","474,967 ",Web,9,0,0,0,7,1,70,High Risk,2025-02
TXN0045,2025-07-08,CUST0076,AGT0025,Mwanza,Withdraw,"357,399 ","894,533 ",0 ,Web,15,0,0,1,5,1,70,High Risk,2025-07
TXN0046,2025-04-09,CUST0131,AGT0008,Dar,Receive,"261,907 ","688,066 ","364,086 ",USSD,13,0,0,1,10,1,120,High Risk,2025-04
TXN0047,2025-10-01,CUST0178,AGT0056,Dodoma,Deposit,"148,426 ","360,986 ",0 ,USSD,15,0,0,0,2,0,20,Low Risk,2025-10
TXN0048,2025-11-24,CUST0014,AGT0178,Mbeya,Send,"107,567 ","1,097 ",0 ,Feature Phone,6,0,0,0,3,1,30,Low Risk,2025-11
TXN0049,2025-04-28,CUST0366,AGT0186,Dodoma,Receive,"283,719 ","770,026 ","29,975 ",Web,8,0,0,1,9,1,110,High Risk,2025-04
TXN0050,2025-02-07,CUST0012,AGT0180,Dar,Receive,"448,736 ","753,922 ","421,635 ",Feature Phone,17,0,0,1,12,1,140,High Risk,2025-02
TXN0051,2025-05-19,CUST0073,AGT0112,Mwanza,PayBill,"434,467 ","772,995 ",0 ,Web,8,0,0,1,6,1,80,High Risk,2025-05
TXN0052,2025-06-03,CUST0094,AGT0005,Dodoma,BuyAirtime,"31,772 ","959,254 ",0 ,USSD,4,0,0,0,4,1,40,Medium Risk,2025-06
TXN0053,2025-06-25,CUST0408,AGT0147,Dar,Deposit,"188,953 ","62,233 ",0 ,Feature Phone,23,0,0,0,10,1,100,High Risk,2025-06
TXN0054,2025-11-19,CUST0166,AGT0105,Dar,Send,"441,470 ","382,111 ",0 ,Web,20,0,0,1,1,0,30,Low Risk,2025-11
TXN0055,2025-07-18,CUST0198,AGT0166,Arusha,Deposit,"389,584 ","467,294 ",0 ,Web,5,0,0,1,4,1,60,Medium Risk,2025-07
TXN0056,2025-03-06,CUST0336,AGT0050,Mwanza,Deposit,"261,381 ","627,117 ",0 ,Web,23,1,0,1,2,0,90,High Risk,2025-03
TXN0057,2025-06-27,CUST0089,AGT0181,Dodoma,BuyAirtime,"430,883 ","78,683 ",0 ,Smartphone,9,0,0,1,6,1,80,High Risk,2025-06
TXN0058,2025-06-30,CUST0169,AGT0101,Dar,Withdraw,"324,942 ","247,384 ",0 ,Feature Phone,13,0,0,1,4,1,60,Medium Risk,2025-06
TXN0059,2025-12-31,CUST0198,AGT0007,Mwanza,Send,"270,353 ","370,390 ",0 ,USSD,13,0,0,1,1,0,30,Low Risk,2025-12
TXN0060,2025-08-20,CUST0412,AGT0147,Mbeya,BuyAirtime,"457,714 ","965,433 ",0 ,USSD,11,0,0,1,3,1,50,Medium Risk,2025-08
TXN0061,2025-11-11,CUST0042,AGT0169,Mwanza,Withdraw,"152,962 ","399,540 ",0 ,USSD,5,0,0,0,3,1,30,Low Risk,2025-11
TXN0062,2025-01-12,CUST0296,AGT0033,Arusha,PayBill,"91,674 ","642,295 ",0 ,Web,3,0,0,0,5,1,50,Medium Risk,2025-01
TXN0063,2025-08-28,CUST0044,AGT0146,Dodoma,Receive,"423,093 ","156,133 ","437,959 ",Feature Phone,15,0,0,1,9,1,110,High Risk,2025-08
TXN0064,2025-09-21,CUST0484,AGT0071,Dar,Send,"290,661 ","603,192 ",0 ,USSD,16,0,0,1,4,1,60,Medium Risk,2025-09
TXN0065,2025-02-20,CUST0302,AGT0162,Dar,Send,"481,304 ","796,053 ",0 ,USSD,16,0,0,1,11,1,130,High Risk,2025-02
TXN0066,2025-09-21,CUST0424,AGT0099,Dar,BuyAirtime,"401,664 ","725,724 ",0 ,USSD,19,0,0,1,4,1,60,Medium Risk,2025-09
TXN0067,2025-04-28,CUST0067,AGT0127,Dar,Deposit,"294,880 ","893,669 ",0 ,Smartphone,2,0,0,1,10,1,120,High Risk,2025-04
TXN0068,2025-06-11,CUST0079,AGT0161,Dar,BuyAirtime,"269,531 ","724,757 ",0 ,Feature Phone,19,0,0,1,12,1,140,High Risk,2025-06
TXN0069,2025-05-06,CUST0337,AGT0049,Dar,BuyAirtime,"205,246 ","610,900 ",0 ,USSD,22,0,0,1,6,1,80,High Risk,2025-05
TXN0070,2025-10-12,CUST0294,AGT0142,Dar,PayBill,"422,577 ","895,790 ",0 ,Smartphone,20,0,0,1,2,0,40,Medium Risk,2025-10
TXN0071,2025-01-01,CUST0374,AGT0062,Dar,PayBill,"120,290 ","915,047 ",0 ,Feature Phone,14,0,0,0,12,1,120,High Risk,2025-01
TXN0072,2025-01-24,CUST0104,AGT0186,Arusha,Withdraw,"5,799 ","423,471 ",0 ,Web,23,0,0,0,14,1,140,High Risk,2025-01
TXN0073,2025-04-27,CUST0064,AGT0179,Mbeya,Deposit,"356,127 ","434,621 ",0 ,USSD,14,0,0,1,7,1,90,High Risk,2025-04
TXN0074,2025-05-21,CUST0340,AGT0154,Dodoma,Deposit,"81,821 ","683,810 ",0 ,USSD,20,0,0,0,6,1,60,Medium Risk,2025-05
TXN0075,2025-03-06,CUST0262,AGT0048,Dar,Send,"374,523 ","237,938 ",0 ,Feature Phone,5,0,0,1,12,1,140,High Risk,2025-03
TXN0076,2025-10-15,CUST0457,AGT0142,Mwanza,Withdraw,"280,281 ","445,656 ",0 ,Feature Phone,19,1,0,1,2,0,90,High Risk,2025-10
TXN0077,2025-01-08,CUST0294,AGT0156,Dar,Receive,"187,603 ","648,662 ","163,166 ",Web,6,0,0,0,11,1,110,High Risk,2025-01
TXN0078,2025-08-28,CUST0167,AGT0172,Mwanza,PayBill,"319,367 ","723,930 ",0 ,Smartphone,19,0,0,1,1,0,30,Low Risk,2025-08
TXN0079,2025-08-25,CUST0454,AGT0066,Dar,Receive,"483,521 ","90,041 ","327,517 ",Web,12,0,0,1,4,1,60,Medium Risk,2025-08
TXN0080,2025-12-10,CUST0090,AGT0025,Dar,Send,"228,367 ","794,104 ",0 ,Feature Phone,22,0,0,1,2,0,40,Medium Risk,2025-12
TXN0081,2025-08-20,CUST0249,AGT0111,Mbeya,BuyAirtime,"392,737 ","132,777 ",0 ,Feature Phone,15,0,0,1,5,1,70,High Risk,2025-08
TXN0082,2025-08-07,CUST0372,AGT0110,Mbeya,Withdraw,"136,373 ","6,422 ",0 ,Feature Phone,1,0,0,0,4,1,40,Medium Risk,2025-08
TXN0083,2025-03-18,CUST0008,AGT0120,Dodoma,Receive,"313,587 ","345,526 ","293,684 ",Smartphone,12,0,0,1,13,1,150,High Risk,2025-03
TXN0084,2025-03-29,CUST0494,AGT0045,Dar,Receive,"280,683 ","48,156 ","244,030 ",Web,23,0,0,1,14,1,160,High Risk,2025-03
TXN0085,2025-07-16,CUST0452,AGT0038,Arusha,BuyAirtime,"95,786 ","342,320 ",0 ,Web,11,0,0,0,3,1,30,Low Risk,2025-07
TXN0086,2025-11-30,CUST0332,AGT0093,Arusha,Send,"308,320 ","221,681 ",0 ,USSD,0,0,0,1,3,1,50,Medium Risk,2025-11
TXN0087,2025-01-17,CUST0241,AGT0026,Arusha,Send,"419,463 ","396,894 ",0 ,Web,21,0,0,1,8,1,100,High Risk,2025-01
TXN0088,2025-04-05,CUST0206,AGT0026,Arusha,Withdraw,"211,264 ","720,901 ",0 ,Web,21,0,0,1,10,1,120,High Risk,2025-04
TXN0089,2025-04-07,CUST0244,AGT0079,Arusha,Deposit,"336,351 ","972,511 ",0 ,Smartphone,0,0,0,1,10,1,120,High Risk,2025-04
TXN0090,2025-05-14,CUST0221,AGT0139,Mwanza,Receive,"128,594 ","658,412 ","399,809 ",Feature Phone,21,0,0,0,8,1,80,High Risk,2025-05
TXN0091,2025-06-07,CUST0278,AGT0124,Dodoma,Withdraw,"346,216 ","190,985 ",0 ,Smartphone,7,0,0,1,6,1,80,High Risk,2025-06
TXN0092,2025-08-20,CUST0036,AGT0128,Mbeya,Send,"347,221 ","202,121 ",0 ,USSD,2,0,0,1,8,1,100,High Risk,2025-08
TXN0093,2025-01-18,CUST0011,AGT0153,Arusha,BuyAirtime,"359,468 ","580,897 ",0 ,Web,7,0,0,1,10,1,120,High Risk,2025-01
TXN0094,2025-07-10,CUST0218,AGT0099,Arusha,PayBill,"103,220 ","150,800 ",0 ,Smartphone,17,0,0,0,6,1,60,Medium Risk,2025-07
TXN0095,2025-12-04,CUST0216,AGT0144,Dodoma,PayBill,"126,702 ","694,700 ",0 ,Smartphone,17,0,0,0,2,0,20,Low Risk,2025-12
TXN0096,2025-05-24,CUST0399,AGT0125,Dar,Withdraw,"280,643 ","308,612 ",0 ,Smartphone,9,0,0,1,3,1,50,Medium Risk,2025-05
TXN0097,2025-05-01,CUST0246,AGT0010,Arusha,Withdraw,"178,891 ","274,428 ",0 ,Smartphone,4,0,0,0,13,1,130,High Risk,2025-05
TXN0098,2025-12-21,CUST0413,AGT0160,Mwanza,Withdraw,"4,422 ","643,263 ",0 ,Smartphone,0,0,0,0,1,0,10,Low Risk,2025-12
TXN0099,2025-11-25,CUST0117,AGT0017,Arusha,Deposit,"370,558 ","914,436 ",0 ,Web,19,0,0,1,2,0,40,Medium Risk,2025-11
TXN0100,2025-12-14,CUST0262,AGT0182,Dar,Deposit,"62,977 ","362,553 ",0 ,Web,6,0,0,0,2,0,20,Low Risk,2025-12
TXN0101,2025-05-09,CUST0171,AGT0132,Mbeya,Receive,"329,495 ","689,583 ","490,652 ",USSD,22,0,0,1,5,1,70,High Risk,2025-05
TXN0102,2025-11-26,CUST0424,AGT0078,Mbeya,BuyAirtime,"260,515 ","759,912 ",0 ,USSD,5,0,0,1,2,0,40,Medium Risk,2025-11
TXN0103,2025-12-29,CUST0380,AGT0159,Mbeya,PayBill,"259,948 ","290,493 ",0 ,Feature Phone,5,0,0,1,1,0,30,Low Risk,2025-12
TXN0104,2025-01-21,CUST0082,AGT0020,Mbeya,Send,"197,810 ","893,352 ",0 ,Feature Phone,20,0,0,0,5,1,50,Medium Risk,2025-01
TXN0105,2025-05-28,CUST0224,AGT0183,Mbeya,Receive,"125,526 ","432,167 ","108,336 ",USSD,0,0,0,0,5,1,50,Medium Risk,2025-05
TXN0106,2025-04-09,CUST0133,AGT0101,Arusha,Send,"97,072 ","474,828 ",0 ,Smartphone,2,0,0,0,8,1,80,High Risk,2025-04
TXN0107,2025-07-26,CUST0352,AGT0062,Arusha,Send,"280,047 ","447,822 ",0 ,USSD,15,0,0,1,5,1,70,High Risk,2025-07
TXN0108,2025-05-14,CUST0232,AGT0006,Mbeya,Send,"459,247 ","166,678 ",0 ,Feature Phone,2,0,0,1,7,1,90,High Risk,2025-05
TXN0109,2025-05-25,CUST0084,AGT0029,Mbeya,BuyAirtime,"212,958 ","765,324 ",0 ,Smartphone,4,0,0,1,7,1,90,High Risk,2025-05
TXN0110,2025-11-27,CUST0052,AGT0037,Mbeya,PayBill,"70,104 ","608,314 ",0 ,Smartphone,17,0,0,0,2,0,20,Low Risk,2025-11
TXN0111,2025-01-09,CUST0498,AGT0072,Mbeya,Deposit,"403,695 ","891,213 ",0 ,Web,16,0,0,1,16,1,180,High Risk,2025-01
TXN0112,2025-09-16,CUST0230,AGT0002,Mbeya,Receive,"287,178 ","847,572 ","27,806 ",Feature Phone,1,0,0,1,3,1,50,Medium Risk,2025-09
TXN0113,2025-06-22,CUST0120,AGT0181,Arusha,BuyAirtime,"266,341 ","837,882 ",0 ,Web,14,0,0,1,3,1,50,Medium Risk,2025-06
TXN0114,2025-05-29,CUST0499,AGT0034,Mbeya,PayBill,"27,559 ","203,963 ",0 ,USSD,11,0,0,0,7,1,70,High Risk,2025-05
TXN0115,2025-05-04,CUST0412,AGT0177,Mwanza,Receive,"12,985 ","177,478 ","85,670 ",Feature Phone,20,0,0,0,8,1,80,High Risk,2025-05
TXN0116,2025-05-12,CUST0312,AGT0185,Arusha,PayBill,"89,248 ","742,116 ",0 ,Feature Phone,3,0,0,0,8,1,80,High Risk,2025-05
TXN0117,2025-06-02,CUST0045,AGT0038,Dar,Withdraw,"98,783 ","964,224 ",0 ,USSD,14,0,0,0,10,1,100,High Risk,2025-06
TXN0118,2025-12-23,CUST0201,AGT0032,Mbeya,Send,"218,814 ","861,358 ",0 ,Smartphone,16,0,0,1,1,0,30,Low Risk,2025-12
TXN0119,2025-01-30,CUST0101,AGT0054,Mbeya,PayBill,"416,908 ","82,240 ",0 ,USSD,17,0,0,1,14,1,160,High Risk,2025-01
TXN0120,2025-02-27,CUST0107,AGT0189,Dar,PayBill,"416,288 ","36,896 ",0 ,Smartphone,15,0,0,1,11,1,130,High Risk,2025-02
TXN0121,2025-02-03,CUST0047,AGT0162,Mbeya,BuyAirtime,"255,567 ","988,796 ",0 ,Feature Phone,10,0,0,1,10,1,120,High Risk,2025-02
TXN0122,2025-08-30,CUST0281,AGT0104,Dar,Withdraw,"58,674 ","77,031 ",0 ,Web,23,0,0,0,7,1,70,High Risk,2025-08
TXN0123,2025-01-11,CUST0163,AGT0040,Mwanza,Receive,"389,934 ","320,012 ","432,703 ",Feature Phone,21,0,0,1,11,1,130,High Risk,2025-01
TXN0124,2025-07-11,CUST0389,AGT0145,Arusha,BuyAirtime,"345,383 ","466,212 ",0 ,USSD,7,0,0,1,10,1,120,High Risk,2025-07
TXN0125,2025-04-18,CUST0260,AGT0093,Arusha,Receive,"106,081 ","42,798 ","338,640 ",Feature Phone,6,0,0,0,7,1,70,High Risk,2025-04
TXN0126,2025-08-01,CUST0138,AGT0193,Arusha,Withdraw,"70,976 ","275,799 ",0 ,USSD,7,0,0,0,6,1,60,Medium Risk,2025-08
TXN0127,2025-12-10,CUST0313,AGT0120,Mbeya,Receive,"361,406 ","757,622 ","208,445 ",Feature Phone,23,0,0,1,2,0,40,Medium Risk,2025-12
TXN0128,2025-01-29,CUST0271,AGT0098,Dodoma,PayBill,"272,576 ","829,774 ",0 ,Smartphone,8,0,0,1,6,1,80,High Risk,2025-01
TXN0129,2025-11-26,CUST0226,AGT0164,Mbeya,Receive,"463,526 ","218,729 ","242,118 ",Feature Phone,20,0,0,1,2,0,40,Medium Risk,2025-11
TXN0130,2025-06-18,CUST0479,AGT0192,Dar,PayBill,"45,594 ","70,482 ",0 ,Feature Phone,21,0,0,0,6,1,60,Medium Risk,2025-06
TXN0131,2025-03-18,CUST0063,AGT0039,Dar,Withdraw,"87,943 ","89,191 ",0 ,Feature Phone,5,0,0,0,12,1,120,High Risk,2025-03
TXN0132,2025-11-27,CUST0390,AGT0061,Mwanza,Withdraw,"281,410 ","19,425 ",0 ,Feature Phone,20,0,0,1,1,0,30,Low Risk,2025-11
TXN0133,2025-08-24,CUST0435,AGT0040,Arusha,Send,"385,917 ","352,943 ",0 ,Web,22,0,0,1,4,1,60,Medium Risk,2025-08
TXN0134,2025-07-05,CUST0121,AGT0102,Arusha,Receive,"12,958 ","422,604 ","403,144 ",USSD,18,0,0,0,4,1,40,Medium Risk,2025-07
TXN0135,2025-02-17,CUST0118,AGT0020,Dodoma,Deposit,"174,779 ","877,816 ",0 ,Feature Phone,17,0,0,0,11,1,110,High Risk,2025-02
TXN0136,2025-02-20,CUST0204,AGT0135,Dar,Send,"201,187 ","909,066 ",0 ,Smartphone,7,0,0,1,12,1,140,High Risk,2025-02
TXN0137,2025-06-02,CUST0205,AGT0130,Dodoma,Deposit,"470,703 ","422,059 ",0 ,Web,15,0,0,1,6,1,80,High Risk,2025-06
TXN0138,2025-02-25,CUST0132,AGT0070,Mbeya,PayBill,"54,989 ","760,282 ",0 ,Smartphone,0,0,0,0,6,1,60,Medium Risk,2025-02
TXN0139,2025-03-06,CUST0317,AGT0055,Mwanza,PayBill,"213,834 ","504,623 ",0 ,Web,15,0,0,1,14,1,160,High Risk,2025-03
TXN0140,2025-07-31,CUST0424,AGT0048,Arusha,Withdraw,"87,442 ","424,397 ",0 ,Smartphone,23,0,0,0,6,1,60,Medium Risk,2025-07
TXN0141,2025-09-10,CUST0129,AGT0110,Arusha,PayBill,"427,241 ","271,383 ",0 ,Web,15,0,0,1,4,1,60,Medium Risk,2025-09
TXN0142,2025-08-14,CUST0016,AGT0112,Mwanza,Send,"247,312 ","241,965 ",0 ,Web,10,0,0,1,4,1,60,Medium Risk,2025-08
TXN0143,2025-03-05,CUST0229,AGT0027,Dar,Receive,"320,643 ","279,593 ","187,720 ",USSD,12,0,0,1,15,1,170,High Risk,2025-03
TXN0144,2025-04-16,CUST0118,AGT0096,Dar,Send,"455,128 ","202,394 ",0 ,Smartphone,19,0,0,1,10,1,120,High Risk,2025-04
TXN0145,2025-08-08,CUST0449,AGT0153,Dar,Receive,"101,808 ","904,933 ","104,074 ",USSD,12,0,0,0,4,1,40,Medium Risk,2025-08
TXN0146,2025-02-24,CUST0295,AGT0077,Mwanza,Send,"305,497 ","828,188 ",0 ,Feature Phone,6,0,0,1,9,1,110,High Risk,2025-02
TXN0147,2025-06-13,CUST0110,AGT0003,Dar,Withdraw,"222,576 ","235,580 ",0 ,Smartphone,1,0,0,1,3,1,50,Medium Risk,2025-06
TXN0148,2025-07-27,CUST0094,AGT0056,Mbeya,Receive,"238,822 ","641,607 ","140,813 ",Web,3,0,0,1,2,0,40,Medium Risk,2025-07
TXN0149,2025-05-23,CUST0002,AGT0099,Mbeya,Deposit,"300,054 ","266,027 ",0 ,Smartphone,15,0,0,1,7,1,90,High Risk,2025-05
TXN0150,2025-06-29,CUST0371,AGT0012,Dar,Deposit,"142,311 ","267,230 ",0 ,Smartphone,17,0,0,0,3,1,30,Low Risk,2025-06
TXN0151,2025-01-06,CUST0256,AGT0008,Mwanza,PayBill,"113,403 ","842,796 ",0 ,Smartphone,19,0,0,0,12,1,120,High Risk,2025-01
TXN0152,2025-08-07,CUST0457,AGT0044,Dar,PayBill,"216,069 ","88,461 ",0 ,Smartphone,21,0,0,1,5,1,70,High Risk,2025-08
TXN0153,2025-05-14,CUST0438,AGT0022,Dodoma,PayBill,"189,301 ","983,479 ",0 ,Feature Phone,15,0,0,0,8,1,80,High Risk,2025-05
TXN0154,2025-11-23,CUST0448,AGT0185,Mbeya,Withdraw,"301,985 ","770,641 ",0 ,Web,1,0,0,1,1,0,30,Low Risk,2025-11
TXN0155,2025-11-14,CUST0323,AGT0136,Dodoma,Receive,"494,204 ","555,853 ","77,273 ",Feature Phone,4,0,0,1,4,1,60,Medium Risk,2025-11
TXN0156,2025-09-14,CUST0070,AGT0082,Dar,Receive,"4,745 ","363,378 ","485,949 ",Feature Phone,22,1,0,0,6,1,110,High Risk,2025-09
TXN0157,2025-05-16,CUST0252,AGT0054,Arusha,BuyAirtime,"333,768 ","431,284 ",0 ,Smartphone,14,0,0,1,3,1,50,Medium Risk,2025-05
TXN0158,2025-10-15,CUST0388,AGT0119,Dar,Send,"313,765 ","99,559 ",0 ,Web,18,0,0,1,3,1,50,Medium Risk,2025-10
TXN0159,2025-02-26,CUST0467,AGT0158,Mbeya,Deposit,"50,316 ","489,683 ",0 ,Feature Phone,16,0,0,0,16,1,160,High Risk,2025-02
TXN0160,2025-02-28,CUST0092,AGT0164,Mbeya,Send,"471,952 ","628,885 ",0 ,Smartphone,18,0,0,1,12,1,140,High Risk,2025-02
TXN0161,2025-12-03,CUST0282,AGT0080,Dar,Withdraw,"102,285 ","167,408 ",0 ,Smartphone,13,0,0,0,1,0,10,Low Risk,2025-12
TXN0162,2025-04-02,CUST0463,AGT0200,Arusha,Withdraw,"33,337 ","228,706 ",0 ,USSD,12,0,0,0,7,1,70,High Risk,2025-04
TXN0163,2025-01-17,CUST0023,AGT0099,Dar,Receive,"78,563 ","973,926 ","478,360 ",Feature Phone,11,0,0,0,9,1,90,High Risk,2025-01
TXN0164,2025-06-16,CUST0347,AGT0055,Mbeya,Deposit,"56,251 ","652,480 ",0 ,Feature Phone,18,0,0,0,3,1,30,Low Risk,2025-06
TXN0165,2025-04-02,CUST0215,AGT0093,Arusha,BuyAirtime,"360,100 ","105,599 ",0 ,Feature Phone,23,0,0,1,9,1,110,High Risk,2025-04
TXN0166,2025-05-09,CUST0430,AGT0029,Mbeya,BuyAirtime,"177,159 ","418,161 ",0 ,USSD,4,0,0,0,8,1,80,High Risk,2025-05
TXN0167,2025-01-02,CUST0148,AGT0071,Dar,PayBill,"271,199 ","198,073 ",0 ,Feature Phone,0,0,0,1,7,1,90,High Risk,2025-01
TXN0168,2025-05-24,CUST0492,AGT0131,Mbeya,PayBill,"482,702 ","106,571 ",0 ,Feature Phone,2,0,0,1,5,1,70,High Risk,2025-05
TXN0169,2025-04-16,CUST0394,AGT0098,Arusha,Send,"439,528 ","50,932 ",0 ,USSD,7,0,0,1,6,1,80,High Risk,2025-04
TXN0170,2025-09-10,CUST0392,AGT0196,Mbeya,Deposit,"253,012 ","686,047 ",0 ,Smartphone,15,1,0,1,3,1,100,High Risk,2025-09
TXN0171,2025-01-03,CUST0407,AGT0088,Arusha,Deposit,"377,229 ","947,842 ",0 ,Web,6,0,0,1,20,1,220,High Risk,2025-01
TXN0172,2025-09-13,CUST0289,AGT0199,Dodoma,PayBill,"340,487 ","434,583 ",0 ,Feature Phone,11,0,0,1,3,1,50,Medium Risk,2025-09
TXN0173,2025-04-06,CUST0453,AGT0009,Mwanza,PayBill,"496,859 ","998,408 ",0 ,Feature Phone,1,0,0,1,8,1,100,High Risk,2025-04
TXN0174,2025-12-16,CUST0269,AGT0118,Arusha,BuyAirtime,"475,398 ","139,208 ",0 ,Smartphone,2,0,0,1,2,0,40,Medium Risk,2025-12
TXN0175,2025-04-11,CUST0167,AGT0016,Mbeya,BuyAirtime,"469,258 ","579,299 ",0 ,Feature Phone,12,0,0,1,8,1,100,High Risk,2025-04
TXN0176,2025-11-12,CUST0187,AGT0097,Mbeya,PayBill,"198,046 ","448,513 ",0 ,Feature Phone,16,0,0,0,3,1,30,Low Risk,2025-11
TXN0177,2025-01-05,CUST0129,AGT0143,Mwanza,PayBill,"338,873 ","625,109 ",0 ,Web,22,0,0,1,14,1,160,High Risk,2025-01
TXN0178,2025-12-27,CUST0259,AGT0090,Mbeya,BuyAirtime,"16,696 ","100,800 ",0 ,Feature Phone,14,0,0,0,1,0,10,Low Risk,2025-12
TXN0179,2025-02-14,CUST0145,AGT0199,Arusha,Send,"68,948 ","378,532 ",0 ,USSD,3,0,0,0,9,1,90,High Risk,2025-02
TXN0180,2025-04-15,CUST0465,AGT0022,Arusha,Deposit,"445,568 ","121,539 ",0 ,Feature Phone,0,0,0,1,7,1,90,High Risk,2025-04
TXN0181,2025-10-10,CUST0494,AGT0009,Mbeya,PayBill,"209,274 ","462,540 ",0 ,USSD,6,0,0,1,6,1,80,High Risk,2025-10
TXN0182,2025-07-26,CUST0048,AGT0015,Dar,BuyAirtime,"468,016 ","185,529 ",0 ,Smartphone,0,0,0,1,8,1,100,High Risk,2025-07
TXN0183,2025-09-01,CUST0371,AGT0173,Dar,Send,"66,438 ","465,454 ",0 ,Smartphone,0,0,0,0,2,0,20,Low Risk,2025-09
TXN0184,2025-01-27,CUST0097,AGT0160,Mbeya,Deposit,"165,583 ","461,068 ",0 ,USSD,2,0,0,0,6,1,60,Medium Risk,2025-01
TXN0185,2025-04-23,CUST0398,AGT0140,Mwanza,Send,"454,607 ","43,922 ",0 ,USSD,12,0,0,1,7,1,90,High Risk,2025-04
TXN0186,2025-07-16,CUST0321,AGT0181,Arusha,PayBill,"197,428 ","509,559 ",0 ,Smartphone,18,0,0,0,4,1,40,Medium Risk,2025-07
TXN0187,2025-11-13,CUST0052,AGT0138,Mbeya,Withdraw,"39,480 ","273,880 ",0 ,Feature Phone,12,0,0,0,3,1,30,Low Risk,2025-11
TXN0188,2025-09-28,CUST0493,AGT0171,Mwanza,PayBill,"260,376 ","802,043 ",0 ,Feature Phone,20,0,0,1,3,1,50,Medium Risk,2025-09
TXN0189,2025-10-01,CUST0321,AGT0075,Dar,Send,"210,170 ","988,804 ",0 ,Web,9,0,0,1,2,0,40,Medium Risk,2025-10
TXN0190,2025-01-10,CUST0326,AGT0110,Arusha,PayBill,"378,446 ","384,410 ",0 ,USSD,10,0,0,1,7,1,90,High Risk,2025-01
TXN0191,2025-10-31,CUST0129,AGT0032,Mbeya,BuyAirtime,"39,381 ","687,378 ",0 ,Web,7,1,0,0,2,0,70,High Risk,2025-10
TXN0192,2025-07-21,CUST0231,AGT0128,Dodoma,PayBill,"441,453 ","315,138 ",0 ,USSD,12,0,0,1,5,1,70,High Risk,2025-07
TXN0193,2025-06-18,CUST0037,AGT0093,Mwanza,Receive,"365,386 ","830,155 ","374,106 ",Smartphone,6,0,0,1,6,1,80,High Risk,2025-06
TXN0194,2025-04-07,CUST0320,AGT0096,Mwanza,Deposit,"194,912 ","470,243 ",0 ,Web,11,0,0,0,9,1,90,High Risk,2025-04
TXN0195,2025-12-29,CUST0500,AGT0136,Arusha,Send,"39,850 ","624,737 ",0 ,USSD,4,0,0,0,1,0,10,Low Risk,2025-12
TXN0196,2025-09-15,CUST0467,AGT0136,Dar,BuyAirtime,"163,793 ","250,161 ",0 ,Smartphone,14,0,0,0,8,1,80,High Risk,2025-09
TXN0197,2025-09-03,CUST0319,AGT0163,Dar,Deposit,"47,033 ","496,516 ",0 ,Feature Phone,20,0,0,0,2,0,20,Low Risk,2025-09
TXN0198,2025-01-02,CUST0186,AGT0198,Dar,Withdraw,"16,030 ","986,498 ",0 ,Web,5,0,0,0,5,1,50,Medium Risk,2025-01
TXN0199,2025-02-06,CUST0465,AGT0046,Mbeya,Send,"353,015 ","208,254 ",0 ,USSD,9,0,0,1,11,1,130,High Risk,2025-02
TXN0200,2025-08-22,CUST0187,AGT0138,Dar,PayBill,"258,570 ","591,788 ",0 ,Web,10,0,0,1,5,1,70,High Risk,2025-08
TXN0201,2025-12-05,CUST0397,AGT0197,Arusha,PayBill,"197,409 ","332,448 ",0 ,Feature Phone,23,0,0,0,2,0,20,Low Risk,2025-12
TXN0202,2025-11-14,CUST0494,AGT0058,Arusha,Receive,"387,537 ","485,174 ","276,636 ",Feature Phone,5,0,0,1,3,1,50,Medium Risk,2025-11
TXN0203,2025-08-16,CUST0447,AGT0015,Dodoma,PayBill,"435,816 ","337,268 ",0 ,Web,10,0,0,1,3,1,50,Medium Risk,2025-08
TXN0204,2025-09-17,CUST0323,AGT0133,Mbeya,Receive,"309,582 ","813,731 ","52,867 ",Feature Phone,22,0,0,1,9,1,110,High Risk,2025-09
TXN0205,2025-10-19,CUST0266,AGT0020,Dodoma,Deposit,"407,772 ","155,135 ",0 ,Feature Phone,11,0,0,1,1,0,30,Low Risk,2025-10
TXN0206,2025-08-06,CUST0126,AGT0159,Dodoma,Deposit,"146,382 ","340,354 ",0 ,Smartphone,3,0,0,0,2,0,20,Low Risk,2025-08
TXN0207,2025-08-30,CUST0057,AGT0020,Arusha,Withdraw,"31,844 ","199,260 ",0 ,USSD,6,0,0,0,9,1,90,High Risk,2025-08
TXN0208,2025-01-15,CUST0201,AGT0191,Mwanza,Withdraw,"469,562 ","55,619 ",0 ,Smartphone,22,0,0,1,12,1,140,High Risk,2025-01
TXN0209,2025-03-12,CUST0381,AGT0118,Dar,PayBill,"313,558 ","334,088 ",0 ,Feature Phone,23,0,0,1,9,1,110,High Risk,2025-03
TXN0210,2025-12-02,CUST0252,AGT0183,Dar,Receive,"175,047 ","687,861 ","70,995 ",Feature Phone,3,0,0,0,1,0,10,Low Risk,2025-12
TXN0211,2025-09-24,CUST0079,AGT0143,Dodoma,PayBill,"71,426 ","140,313 ",0 ,Web,11,0,0,0,6,1,60,Medium Risk,2025-09
TXN0212,2025-09-25,CUST0165,AGT0177,Dar,Withdraw,"228,846 ","538,581 ",0 ,Web,12,0,0,1,5,1,70,High Risk,2025-09
TXN0213,2025-05-19,CUST0071,AGT0100,Mwanza,BuyAirtime,"202,496 ","551,872 ",0 ,Smartphone,0,0,0,1,7,1,90,High Risk,2025-05
TXN0214,2025-12-17,CUST0295,AGT0101,Arusha,Receive,"177,516 ","894,055 ","81,221 ",USSD,2,0,0,0,2,0,20,Low Risk,2025-12
TXN0215,2025-12-06,CUST0231,AGT0081,Mbeya,Send,"34,362 ","167,095 ",0 ,Web,14,0,0,0,1,0,10,Low Risk,2025-12
TXN0216,2025-12-04,CUST0180,AGT0196,Mwanza,PayBill,"261,580 ","729,916 ",0 ,Feature Phone,8,0,0,1,1,0,30,Low Risk,2025-12
TXN0217,2025-07-15,CUST0146,AGT0012,Mbeya,Deposit,"187,083 ","514,424 ",0 ,Feature Phone,0,0,0,0,3,1,30,Low Risk,2025-07
TXN0218,2025-12-19,CUST0314,AGT0038,Arusha,Send,"328,272 ","291,656 ",0 ,Feature Phone,1,0,0,1,1,0,30,Low Risk,2025-12
TXN0219,2025-09-27,CUST0104,AGT0036,Mbeya,Receive,"386,180 ","883,806 ","92,217 ",Smartphone,11,0,0,1,5,1,70,High Risk,2025-09
TXN0220,2025-07-07,CUST0013,AGT0026,Mbeya,Send,"343,689 ","250,732 ",0 ,Feature Phone,18,0,0,1,6,1,80,High Risk,2025-07
TXN0221,2025-06-23,CUST0169,AGT0095,Dar,PayBill,"10,949 ","408,894 ",0 ,Web,13,0,0,0,5,1,50,Medium Risk,2025-06
TXN0222,2025-08-20,CUST0162,AGT0032,Mwanza,BuyAirtime,"189,650 ","787,873 ",0 ,Web,7,0,0,0,4,1,40,Medium Risk,2025-08
TXN0223,2025-05-22,CUST0373,AGT0083,Arusha,Deposit,"282,098 ","431,896 ",0 ,Smartphone,10,0,0,1,4,1,60,Medium Risk,2025-05
TXN0224,2025-04-30,CUST0211,AGT0113,Dodoma,Receive,"333,377 ","216,125 ","220,966 ",Web,5,0,0,1,7,1,90,High Risk,2025-04
TXN0225,2025-08-26,CUST0294,AGT0136,Dar,Receive,"293,220 ","813,269 ","430,804 ",Web,10,0,0,1,3,1,50,Medium Risk,2025-08
TXN0226,2025-06-08,CUST0417,AGT0075,Dar,Withdraw,"39,562 ","132,059 ",0 ,Feature Phone,10,0,0,0,12,1,120,High Risk,2025-06
TXN0227,2025-02-13,CUST0426,AGT0166,Dodoma,Receive,"162,144 ","29,014 ","436,308 ",Smartphone,0,0,0,0,6,1,60,Medium Risk,2025-02
TXN0228,2025-06-16,CUST0319,AGT0041,Mwanza,Deposit,"242,525 ","636,058 ",0 ,Feature Phone,12,0,0,1,6,1,80,High Risk,2025-06
TXN0229,2025-01-18,CUST0374,AGT0043,Dodoma,Receive,"278,273 ","338,104 ","113,132 ",Smartphone,20,0,0,1,11,1,130,High Risk,2025-01
TXN0230,2025-07-17,CUST0439,AGT0159,Mbeya,BuyAirtime,"352,971 ","362,978 ",0 ,Feature Phone,21,0,0,1,5,1,70,High Risk,2025-07
TXN0231,2025-06-17,CUST0274,AGT0076,Dodoma,BuyAirtime,"277,557 ","277,683 ",0 ,USSD,0,0,0,1,6,1,80,High Risk,2025-06
TXN0232,2025-05-19,CUST0077,AGT0117,Dar,PayBill,"489,832 ","777,896 ",0 ,USSD,13,0,0,1,5,1,70,High Risk,2025-05
TXN0233,2025-02-28,CUST0430,AGT0039,Dar,BuyAirtime,"157,863 ","735,283 ",0 ,Feature Phone,0,0,0,0,10,1,100,High Risk,2025-02
TXN0234,2025-01-01,CUST0027,AGT0160,Mwanza,Withdraw,"43,985 ","733,512 ",0 ,Web,15,0,0,0,9,1,90,High Risk,2025-01
TXN0235,2025-09-23,CUST0106,AGT0163,Mwanza,Receive,"222,662 ","677,218 ","325,191 ",Feature Phone,14,0,0,1,6,1,80,High Risk,2025-09
TXN0236,2025-12-02,CUST0471,AGT0007,Dodoma,BuyAirtime,"465,612 ","199,781 ",0 ,Web,14,0,0,1,2,0,40,Medium Risk,2025-12
TXN0237,2025-08-20,CUST0101,AGT0123,Mwanza,BuyAirtime,"403,575 ","497,732 ",0 ,Web,15,0,0,1,6,1,80,High Risk,2025-08
TXN0238,2025-03-09,CUST0213,AGT0178,Mbeya,Receive,"80,462 ","328,982 ","277,367 ",Feature Phone,21,0,0,0,5,1,50,Medium Risk,2025-03
TXN0239,2025-05-08,CUST0454,AGT0088,Arusha,Withdraw,"69,281 ","968,341 ",0 ,Feature Phone,17,0,0,0,7,1,70,High Risk,2025-05
TXN0240,2025-09-13,CUST0188,AGT0028,Mbeya,BuyAirtime,"194,511 ","907,618 ",0 ,Feature Phone,14,0,0,0,3,1,30,Low Risk,2025-09
TXN0241,2025-03-30,CUST0363,AGT0164,Dar,Withdraw,"435,895 ","937,715 ",0 ,Smartphone,2,0,0,1,4,1,60,Medium Risk,2025-03
TXN0242,2025-02-23,CUST0346,AGT0014,Mwanza,BuyAirtime,"455,265 ","823,073 ",0 ,Feature Phone,16,0,0,1,14,1,160,High Risk,2025-02
TXN0243,2025-05-09,CUST0187,AGT0067,Dodoma,Receive,"391,061 ","517,241 ","412,469 ",USSD,23,0,0,1,10,1,120,High Risk,2025-05
TXN0244,2025-01-07,CUST0212,AGT0053,Dar,Withdraw,"36,610 ","991,893 ",0 ,Feature Phone,22,0,0,0,11,1,110,High Risk,2025-01
TXN0245,2025-02-10,CUST0036,AGT0186,Dar,Send,"171,581 ","810,157 ",0 ,USSD,8,0,0,0,13,1,130,High Risk,2025-02
TXN0246,2025-01-19,CUST0292,AGT0192,Mwanza,Send,"151,430 ","609,148 ",0 ,Feature Phone,0,0,0,0,11,1,110,High Risk,2025-01
TXN0247,2025-03-06,CUST0164,AGT0036,Mbeya,Deposit,"69,042 ","697,598 ",0 ,Smartphone,19,0,0,0,14,1,140,High Risk,2025-03
TXN0248,2025-03-16,CUST0380,AGT0157,Arusha,Withdraw,"134,289 ","658,757 ",0 ,USSD,15,1,0,0,11,1,160,High Risk,2025-03
TXN0249,2025-09-04,CUST0274,AGT0077,Mwanza,BuyAirtime,"338,446 ","909,520 ",0 ,Smartphone,17,0,0,1,3,1,50,Medium Risk,2025-09
TXN0250,2025-12-25,CUST0358,AGT0013,Mwanza,Deposit,"89,874 ","740,232 ",0 ,USSD,20,0,0,0,1,0,10,Low Risk,2025-12
TXN0251,2025-05-09,CUST0249,AGT0056,Arusha,BuyAirtime,"490,564 ","814,465 ",0 ,Feature Phone,18,0,0,1,9,1,110,High Risk,2025-05
TXN0252,2025-08-22,CUST0092,AGT0043,Arusha,Withdraw,"98,581 ","756,834 ",0 ,Web,2,0,0,0,4,1,40,Medium Risk,2025-08
TXN0253,2025-04-27,CUST0030,AGT0015,Mbeya,PayBill,"411,590 ","791,498 ",0 ,Smartphone,18,0,0,1,5,1,70,High Risk,2025-04
TXN0254,2025-07-12,CUST0322,AGT0114,Dar,Receive,"138,368 ","769,355 ","391,819 ",Smartphone,16,0,0,0,6,1,60,Medium Risk,2025-07
TXN0255,2025-12-01,CUST0406,AGT0023,Dodoma,BuyAirtime,"211,879 ","518,361 ",0 ,Smartphone,13,0,0,1,1,0,30,Low Risk,2025-12
TXN0256,2025-08-22,CUST0242,AGT0077,Arusha,BuyAirtime,"58,183 ","514,597 ",0 ,USSD,14,0,0,0,5,1,50,Medium Risk,2025-08
TXN0257,2025-11-30,CUST0222,AGT0013,Dodoma,Receive,"129,187 ","819,593 ","262,039 ",Feature Phone,22,0,0,0,2,0,20,Low Risk,2025-11
TXN0258,2025-02-10,CUST0118,AGT0164,Mbeya,Receive,"45,507 ","3,114 ","274,180 ",Feature Phone,17,0,0,0,12,1,120,High Risk,2025-02
TXN0259,2025-01-14,CUST0138,AGT0163,Arusha,Deposit,"435,682 ","822,579 ",0 ,USSD,0,0,0,1,8,1,100,High Risk,2025-01
TXN0260,2025-08-13,CUST0013,AGT0064,Dar,BuyAirtime,"429,603 ","592,043 ",0 ,Web,20,0,0,1,2,0,40,Medium Risk,2025-08
TXN0261,2025-03-10,CUST0439,AGT0131,Arusha,BuyAirtime,"326,462 ","963,367 ",0 ,Feature Phone,22,0,0,1,13,1,150,High Risk,2025-03
TXN0262,2025-06-12,CUST0196,AGT0100,Arusha,BuyAirtime,"254,723 ","374,290 ",0 ,Feature Phone,9,0,0,1,6,1,80,High Risk,2025-06
TXN0263,2025-05-07,CUST0015,AGT0122,Mbeya,Send,"291,967 ","404,574 ",0 ,USSD,1,0,0,1,8,1,100,High Risk,2025-05
TXN0264,2025-01-03,CUST0039,AGT0093,Dar,PayBill,"36,008 ","653,777 ",0 ,Web,0,0,0,0,5,1,50,Medium Risk,2025-01
TXN0265,2025-06-08,CUST0293,AGT0035,Mwanza,Deposit,"369,994 ","721,205 ",0 ,Smartphone,20,0,0,1,6,1,80,High Risk,2025-06
TXN0266,2025-03-09,CUST0247,AGT0025,Mbeya,Send,"16,305 ","692,943 ",0 ,USSD,3,0,0,0,12,1,120,High Risk,2025-03
TXN0267,2025-06-30,CUST0160,AGT0025,Dar,Send,"429,509 ","462,443 ",0 ,USSD,23,0,0,1,4,1,60,Medium Risk,2025-06
TXN0268,2025-07-08,CUST0051,AGT0165,Dodoma,Send,"31,748 ","350,155 ",0 ,Feature Phone,3,0,0,0,10,1,100,High Risk,2025-07
TXN0269,2025-03-18,CUST0257,AGT0026,Dar,Withdraw,"464,668 ","24,976 ",0 ,Feature Phone,13,0,0,1,10,1,120,High Risk,2025-03
TXN0270,2025-03-17,CUST0186,AGT0111,Mwanza,Withdraw,"102,949 ","194,318 ",0 ,Smartphone,2,0,0,0,2,0,20,Low Risk,2025-03
TXN0271,2025-07-29,CUST0083,AGT0034,Arusha,Send,"60,586 ","893,139 ",0 ,Smartphone,21,0,0,0,3,1,30,Low Risk,2025-07
TXN0272,2025-06-03,CUST0395,AGT0200,Mwanza,PayBill,"112,721 ","266,087 ",0 ,Feature Phone,10,0,0,0,7,1,70,High Risk,2025-06
TXN0273,2025-02-17,CUST0076,AGT0110,Mbeya,Deposit,"309,774 ","368,952 ",0 ,Feature Phone,23,0,0,1,9,1,110,High Risk,2025-02
TXN0274,2025-03-24,CUST0476,AGT0054,Mbeya,PayBill,"111,599 ","79,479 ",0 ,Feature Phone,7,0,0,0,3,1,30,Low Risk,2025-03
TXN0275,2025-01-26,CUST0220,AGT0122,Mwanza,Deposit,"483,684 ","529,051 ",0 ,Web,2,0,0,1,6,1,80,High Risk,2025-01
TXN0276,2025-08-16,CUST0233,AGT0063,Dar,BuyAirtime,"220,443 ","24,531 ",0 ,Feature Phone,18,0,0,1,4,1,60,Medium Risk,2025-08
TXN0277,2025-04-01,CUST0116,AGT0185,Dar,Withdraw,"95,560 ","203,479 ",0 ,Feature Phone,12,0,0,0,8,1,80,High Risk,2025-04
TXN0278,2025-12-11,CUST0089,AGT0081,Mbeya,Receive,"154,841 ","234,424 ","254,918 ",Smartphone,14,0,0,0,2,0,20,Low Risk,2025-12
TXN0279,2025-06-23,CUST0195,AGT0094,Arusha,Receive,"124,789 ","823,492 ","262,483 ",USSD,18,0,0,0,8,1,80,High Risk,2025-06
TXN0280,2025-10-29,CUST0201,AGT0094,Arusha,Receive,"202,694 ","901,636 ","365,607 ",Smartphone,23,0,0,1,2,0,40,Medium Risk,2025-10
TXN0281,2025-03-18,CUST0169,AGT0120,Dar,Receive,"332,709 ","231,762 ","101,547 ",Feature Phone,23,0,0,1,8,1,100,High Risk,2025-03
TXN0282,2025-02-14,CUST0282,AGT0094,Dodoma,PayBill,"303,712 ","196,079 ",0 ,Smartphone,1,0,0,1,14,1,160,High Risk,2025-02
TXN0283,2025-10-11,CUST0335,AGT0094,Mwanza,BuyAirtime,"283,329 ","196,103 ",0 ,USSD,7,0,0,1,6,1,80,High Risk,2025-10
TXN0284,2025-08-29,CUST0470,AGT0198,Mbeya,Withdraw,"354,225 ","917,966 ",0 ,Feature Phone,0,0,0,1,2,0,40,Medium Risk,2025-08
TXN0285,2025-01-01,CUST0406,AGT0055,Mwanza,Send,"268,663 ","912,771 ",0 ,Web,1,0,0,1,13,1,150,High Risk,2025-01
TXN0286,2025-09-03,CUST0152,AGT0081,Mbeya,PayBill,"360,391 ","264,542 ",0 ,USSD,13,0,0,1,5,1,70,High Risk,2025-09
TXN0287,2025-02-03,CUST0254,AGT0197,Dar,BuyAirtime,"493,573 ","606,590 ",0 ,Smartphone,21,0,0,1,11,1,130,High Risk,2025-02
TXN0288,2025-07-28,CUST0187,AGT0148,Arusha,Withdraw,"249,624 ","41,543 ",0 ,USSD,20,0,0,1,6,1,80,High Risk,2025-07
TXN0289,2025-05-28,CUST0192,AGT0133,Arusha,PayBill,"369,095 ","519,623 ",0 ,Smartphone,3,0,0,1,7,1,90,High Risk,2025-05
TXN0290,2025-12-03,CUST0287,AGT0060,Mwanza,PayBill,"116,319 ","429,103 ",0 ,Web,5,0,0,0,1,0,10,Low Risk,2025-12
TXN0291,2025-06-19,CUST0050,AGT0158,Arusha,BuyAirtime,"254,202 ","131,093 ",0 ,Smartphone,18,0,0,1,5,1,70,High Risk,2025-06
TXN0292,2025-10-23,CUST0407,AGT0020,Mwanza,PayBill,"43,452 ","45,783 ",0 ,USSD,10,0,0,0,3,1,30,Low Risk,2025-10
TXN0293,2025-09-30,CUST0346,AGT0198,Mwanza,Deposit,"238,054 ","451,720 ",0 ,Smartphone,22,0,0,1,4,1,60,Medium Risk,2025-09
TXN0294,2025-01-30,CUST0432,AGT0081,Mwanza,BuyAirtime,"3,269 ","872,576 ",0 ,Feature Phone,13,0,0,0,14,1,140,High Risk,2025-01
TXN0295,2025-08-17,CUST0179,AGT0140,Dodoma,Deposit,"483,133 ","494,500 ",0 ,Feature Phone,16,0,0,1,3,1,50,Medium Risk,2025-08
TXN0296,2025-07-21,CUST0423,AGT0131,Arusha,Receive,"294,559 ","32,772 ","422,421 ",Feature Phone,22,0,0,1,7,1,90,High Risk,2025-07
TXN0297,2025-08-06,CUST0308,AGT0139,Dodoma,Withdraw,"39,608 ","735,134 ",0 ,Web,16,0,0,0,5,1,50,Medium Risk,2025-08
TXN0298,2025-03-08,CUST0490,AGT0159,Dodoma,PayBill,"446,585 ","672,695 ",0 ,Web,8,0,0,1,6,1,80,High Risk,2025-03
TXN0299,2025-10-17,CUST0477,AGT0170,Dar,Send,"485,850 ","896,076 ",0 ,Web,3,0,0,1,1,0,30,Low Risk,2025-10
TXN0300,2025-05-14,CUST0302,AGT0111,Mwanza,Receive,"95,393 ","269,816 ","405,740 ",Smartphone,23,0,0,0,7,1,70,High Risk,2025-05
TXN0301,2025-11-03,CUST0422,AGT0187,Dar,Send,"380,529 ","130,354 ",0 ,Smartphone,11,0,0,1,1,0,30,Low Risk,2025-11
TXN0302,2025-04-02,CUST0113,AGT0099,Dar,BuyAirtime,"74,295 ","56,189 ",0 ,Web,22,0,0,0,7,1,70,High Risk,2025-04
TXN0303,2025-07-24,CUST0275,AGT0038,Arusha,BuyAirtime,"283,363 ","315,185 ",0 ,Web,12,0,0,1,7,1,90,High Risk,2025-07
TXN0304,2025-07-30,CUST0255,AGT0042,Dar,Receive,"96,304 ","80,487 ","284,128 ",Smartphone,13,0,0,0,2,0,20,Low Risk,2025-07
TXN0305,2025-07-02,CUST0420,AGT0034,Dar,BuyAirtime,"337,499 ","690,219 ",0 ,Feature Phone,10,0,0,1,6,1,80,High Risk,2025-07
TXN0306,2025-05-08,CUST0458,AGT0133,Arusha,Deposit,"270,774 ","764,227 ",0 ,Web,21,0,0,1,8,1,100,High Risk,2025-05
TXN0307,2025-10-18,CUST0454,AGT0160,Dar,Receive,"292,692 ","37,692 ","35,429 ",Web,21,0,0,1,3,1,50,Medium Risk,2025-10
TXN0308,2025-08-23,CUST0276,AGT0106,Dodoma,Deposit,"494,309 ","122,185 ",0 ,USSD,12,0,0,1,6,1,80,High Risk,2025-08
TXN0309,2025-01-25,CUST0350,AGT0080,Mbeya,BuyAirtime,"121,259 ","367,095 ",0 ,Web,12,0,0,0,14,1,140,High Risk,2025-01
TXN0310,2025-05-15,CUST0190,AGT0199,Mwanza,Receive,"3,918 ","122,223 ","277,773 ",Smartphone,6,1,0,0,6,1,110,High Risk,2025-05
TXN0311,2025-09-19,CUST0090,AGT0136,Mbeya,Deposit,"310,085 ","761,816 ",0 ,Smartphone,10,0,0,1,5,1,70,High Risk,2025-09
TXN0312,2025-03-20,CUST0346,AGT0180,Dar,Receive,"354,079 ","651,033 ","139,291 ",Web,22,0,0,1,13,1,150,High Risk,2025-03
TXN0313,2025-03-23,CUST0414,AGT0032,Mwanza,Withdraw,"59,472 ","886,433 ",0 ,Web,12,0,0,0,6,1,60,Medium Risk,2025-03
TXN0314,2025-09-13,CUST0306,AGT0115,Arusha,Send,"125,290 ","182,227 ",0 ,Feature Phone,2,0,0,0,5,1,50,Medium Risk,2025-09
TXN0315,2025-03-21,CUST0015,AGT0200,Mwanza,Receive,"460,320 ","75,989 ","253,453 ",Web,15,0,0,1,10,1,120,High Risk,2025-03
TXN0316,2025-03-04,CUST0260,AGT0174,Mwanza,Deposit,"489,347 ","387,520 ",0 ,Feature Phone,15,0,0,1,10,1,120,High Risk,2025-03
TXN0317,2025-11-06,CUST0086,AGT0088,Mwanza,Deposit,"111,187 ","983,660 ",0 ,Feature Phone,0,0,0,0,5,1,50,Medium Risk,2025-11
TXN0318,2025-05-02,CUST0107,AGT0023,Dar,Deposit,"313,656 ","303,462 ",0 ,Feature Phone,13,0,0,1,6,1,80,High Risk,2025-05
TXN0319,2025-12-04,CUST0444,AGT0086,Arusha,Receive,"436,823 ","538,875 ","362,503 ",Web,17,0,0,1,1,0,30,Low Risk,2025-12
TXN0320,2025-09-18,CUST0434,AGT0045,Arusha,BuyAirtime,"467,828 ","831,256 ",0 ,Feature Phone,7,0,0,1,5,1,70,High Risk,2025-09
TXN0321,2025-02-27,CUST0385,AGT0111,Arusha,PayBill,"454,256 ","160,340 ",0 ,Web,15,0,0,1,9,1,110,High Risk,2025-02
TXN0322,2025-12-14,CUST0007,AGT0040,Mbeya,Deposit,"83,575 ","648,754 ",0 ,Feature Phone,7,0,0,0,1,0,10,Low Risk,2025-12
TXN0323,2025-03-16,CUST0497,AGT0021,Dodoma,Deposit,"465,609 ","532,372 ",0 ,Smartphone,5,0,0,1,5,1,70,High Risk,2025-03
TXN0324,2025-12-13,CUST0447,AGT0032,Mbeya,Withdraw,"387,944 ","466,815 ",0 ,Web,2,0,0,1,1,0,30,Low Risk,2025-12
TXN0325,2025-05-15,CUST0470,AGT0093,Arusha,Receive,"335,032 ","728,356 ","239,010 ",Web,12,0,0,1,4,1,60,Medium Risk,2025-05
TXN0326,2025-12-07,CUST0357,AGT0057,Arusha,Withdraw,"306,362 ","882,805 ",0 ,USSD,0,0,0,1,2,0,40,Medium Risk,2025-12
TXN0327,2025-07-10,CUST0240,AGT0123,Mwanza,Deposit,"416,231 ","887,328 ",0 ,Feature Phone,22,0,0,1,6,1,80,High Risk,2025-07
TXN0328,2025-05-17,CUST0261,AGT0067,Dodoma,Deposit,"33,226 ","135,615 ",0 ,USSD,1,0,0,0,8,1,80,High Risk,2025-05
TXN0329,2025-06-23,CUST0282,AGT0109,Mwanza,Withdraw,"57,722 ","995,750 ",0 ,Feature Phone,4,0,0,0,7,1,70,High Risk,2025-06
TXN0330,2025-12-27,CUST0244,AGT0180,Mwanza,PayBill,"277,871 ","351,801 ",0 ,Feature Phone,3,0,0,1,1,0,30,Low Risk,2025-12
TXN0331,2025-10-09,CUST0055,AGT0087,Mbeya,PayBill,"283,477 ","560,368 ",0 ,Smartphone,11,0,0,1,4,1,60,Medium Risk,2025-10
TXN0332,2025-04-17,CUST0417,AGT0161,Dar,Deposit,"38,209 ","420,251 ",0 ,Web,13,0,0,0,14,1,140,High Risk,2025-04
TXN0333,2025-06-24,CUST0236,AGT0020,Dar,PayBill,"47,138 ","467,081 ",0 ,USSD,21,0,0,0,10,1,100,High Risk,2025-06
TXN0334,2025-12-02,CUST0028,AGT0199,Dodoma,Receive,"445,401 ","963,782 ","55,124 ",USSD,10,0,0,1,1,0,30,Low Risk,2025-12
TXN0335,2025-07-02,CUST0111,AGT0043,Mwanza,Deposit,"20,547 ","949,301 ",0 ,Smartphone,1,0,0,0,7,1,70,High Risk,2025-07
TXN0336,2025-11-26,CUST0485,AGT0100,Dodoma,BuyAirtime,"60,912 ","380,068 ",0 ,Feature Phone,15,0,0,0,2,0,20,Low Risk,2025-11
TXN0337,2025-02-11,CUST0465,AGT0174,Arusha,Send,"476,275 ","419,462 ",0 ,Web,4,0,0,1,10,1,120,High Risk,2025-02
TXN0338,2025-03-06,CUST0413,AGT0150,Dodoma,PayBill,"322,308 ","70,393 ",0 ,USSD,17,0,0,1,10,1,120,High Risk,2025-03
TXN0339,2025-03-27,CUST0159,AGT0187,Mbeya,BuyAirtime,"458,362 ","940,714 ",0 ,Web,8,0,0,1,8,1,100,High Risk,2025-03
TXN0340,2025-01-22,CUST0343,AGT0014,Dar,PayBill,"372,397 ","661,346 ",0 ,Feature Phone,2,0,0,1,6,1,80,High Risk,2025-01
TXN0341,2025-04-22,CUST0202,AGT0169,Dodoma,Deposit,"130,308 ","68,359 ",0 ,Feature Phone,5,0,0,0,8,1,80,High Risk,2025-04
TXN0342,2025-06-15,CUST0307,AGT0111,Mwanza,Send,"35,381 ","212,592 ",0 ,Web,4,0,0,0,4,1,40,Medium Risk,2025-06
TXN0343,2025-07-15,CUST0131,AGT0011,Dodoma,Receive,"152,210 ","828,611 ","296,855 ",Smartphone,15,0,0,0,6,1,60,Medium Risk,2025-07
TXN0344,2025-06-16,CUST0282,AGT0164,Dar,Deposit,"144,421 ","959,250 ",0 ,USSD,16,0,0,0,8,1,80,High Risk,2025-06
TXN0345,2025-07-15,CUST0059,AGT0052,Dar,Receive,"438,057 ","735,766 ","374,454 ",Web,23,0,0,1,4,1,60,Medium Risk,2025-07
TXN0346,2025-06-20,CUST0057,AGT0116,Dodoma,Receive,"50,759 ","738,100 ","2,479 ",USSD,4,0,0,0,13,1,130,High Risk,2025-06
TXN0347,2025-05-24,CUST0301,AGT0111,Mwanza,Send,"241,379 ","225,326 ",0 ,USSD,19,0,0,1,6,1,80,High Risk,2025-05
TXN0348,2025-12-11,CUST0313,AGT0153,Mbeya,BuyAirtime,"459,673 ","137,750 ",0 ,USSD,13,0,0,1,1,0,30,Low Risk,2025-12
TXN0349,2025-07-03,CUST0157,AGT0095,Mwanza,Deposit,"476,175 ","702,649 ",0 ,Smartphone,14,0,0,1,5,1,70,High Risk,2025-07
TXN0350,2025-07-13,CUST0167,AGT0152,Dodoma,Send,"126,119 ","438,802 ",0 ,Smartphone,6,0,0,0,5,1,50,Medium Risk,2025-07
TXN0351,2025-06-12,CUST0011,AGT0035,Dar,PayBill,"249,094 ","978,044 ",0 ,Smartphone,2,0,0,1,6,1,80,High Risk,2025-06
TXN0352,2025-07-23,CUST0269,AGT0003,Dodoma,Receive,"381,367 ","443,373 ","417,175 ",Web,5,0,0,1,7,1,90,High Risk,2025-07
TXN0353,2025-10-14,CUST0081,AGT0159,Arusha,PayBill,"469,079 ","852,551 ",0 ,Smartphone,3,0,0,1,1,0,30,Low Risk,2025-10
TXN0354,2025-03-13,CUST0353,AGT0006,Dodoma,PayBill,"304,628 ","144,573 ",0 ,Web,4,0,0,1,6,1,80,High Risk,2025-03
TXN0355,2025-03-06,CUST0145,AGT0178,Dar,Deposit,"267,841 ","356,306 ",0 ,Feature Phone,19,0,0,1,8,1,100,High Risk,2025-03
TXN0356,2025-06-01,CUST0439,AGT0152,Arusha,Send,"429,359 ","287,760 ",0 ,Smartphone,18,0,0,1,7,1,90,High Risk,2025-06
TXN0357,2025-02-28,CUST0064,AGT0032,Mwanza,PayBill,"115,016 ","375,844 ",0 ,USSD,5,0,0,0,10,1,100,High Risk,2025-02
TXN0358,2025-07-26,CUST0127,AGT0066,Mwanza,PayBill,"8,047 ","836,777 ",0 ,Feature Phone,21,0,0,0,3,1,30,Low Risk,2025-07
TXN0359,2025-05-01,CUST0339,AGT0178,Dodoma,BuyAirtime,"93,628 ","270,364 ",0 ,USSD,5,0,0,0,10,1,100,High Risk,2025-05
TXN0360,2025-04-10,CUST0246,AGT0197,Dar,PayBill,"462,820 ","570,686 ",0 ,Feature Phone,4,0,0,1,15,1,170,High Risk,2025-04
TXN0361,2025-12-19,CUST0378,AGT0161,Mbeya,Deposit,"385,477 ","557,157 ",0 ,Smartphone,15,0,0,1,2,0,40,Medium Risk,2025-12
TXN0362,2025-12-11,CUST0323,AGT0080,Mwanza,Deposit,"187,532 ","428,166 ",0 ,USSD,15,0,0,0,3,1,30,Low Risk,2025-12
TXN0363,2025-08-18,CUST0166,AGT0050,Mwanza,Deposit,"105,033 ","473,905 ",0 ,Smartphone,1,0,0,0,7,1,70,High Risk,2025-08
TXN0364,2025-01-03,CUST0142,AGT0132,Mwanza,Withdraw,"75,289 ","793,866 ",0 ,Feature Phone,0,0,0,0,11,1,110,High Risk,2025-01
TXN0365,2025-08-25,CUST0311,AGT0022,Mwanza,Withdraw,"454,497 ","116,392 ",0 ,Smartphone,10,0,0,1,2,0,40,Medium Risk,2025-08
TXN0366,2025-07-21,CUST0054,AGT0048,Mwanza,Receive,"48,834 ","563,405 ","11,325 ",USSD,16,0,0,0,6,1,60,Medium Risk,2025-07
TXN0367,2025-07-21,CUST0437,AGT0075,Dar,PayBill,"347,861 ","803,033 ",0 ,USSD,21,0,0,1,6,1,80,High Risk,2025-07
TXN0368,2025-07-08,CUST0473,AGT0095,Dar,BuyAirtime,"382,257 ","740,755 ",0 ,Smartphone,0,0,0,1,8,1,100,High Risk,2025-07
TXN0369,2025-09-25,CUST0399,AGT0165,Mbeya,PayBill,"456,948 ","951,269 ",0 ,Web,15,0,0,1,2,0,40,Medium Risk,2025-09
TXN0370,2025-04-22,CUST0172,AGT0107,Arusha,PayBill,"241,774 ","401,112 ",0 ,Web,0,1,0,1,6,1,130,High Risk,2025-04
TXN0371,2025-07-02,CUST0494,AGT0147,Arusha,BuyAirtime,"299,737 ","773,311 ",0 ,Smartphone,21,0,0,1,10,1,120,High Risk,2025-07
TXN0372,2025-09-16,CUST0346,AGT0159,Mbeya,Receive,"20,019 ","348,361 ","47,375 ",Smartphone,11,0,0,0,5,1,50,Medium Risk,2025-09
TXN0373,2025-03-09,CUST0075,AGT0170,Arusha,BuyAirtime,"462,698 ","129,762 ",0 ,Smartphone,0,0,0,1,7,1,90,High Risk,2025-03
TXN0374,2025-03-11,CUST0317,AGT0029,Arusha,PayBill,"100,718 ","18,773 ",0 ,USSD,8,0,0,0,13,1,130,High Risk,2025-03
TXN0375,2025-01-01,CUST0416,AGT0077,Dodoma,Receive,"355,793 ","629,350 ","309,050 ",Web,19,0,0,1,8,1,100,High Risk,2025-01
TXN0376,2025-02-06,CUST0370,AGT0138,Mwanza,Deposit,"439,516 ","337,304 ",0 ,Feature Phone,5,0,0,1,12,1,140,High Risk,2025-02
TXN0377,2025-10-12,CUST0281,AGT0030,Dar,PayBill,"274,619 ","699,187 ",0 ,Web,19,0,0,1,4,1,60,Medium Risk,2025-10
TXN0378,2025-09-05,CUST0071,AGT0026,Arusha,Receive,"261,004 ","138,897 ","214,517 ",USSD,12,0,0,1,5,1,70,High Risk,2025-09
TXN0379,2025-08-15,CUST0107,AGT0191,Mbeya,Deposit,"310,684 ","476,063 ",0 ,Smartphone,4,0,0,1,3,1,50,Medium Risk,2025-08
TXN0380,2025-07-23,CUST0303,AGT0051,Mbeya,Send,"95,510 ","505,057 ",0 ,Web,15,0,0,0,5,1,50,Medium Risk,2025-07
TXN0381,2025-12-18,CUST0418,AGT0024,Dodoma,Deposit,"225,961 ","808,533 ",0 ,Feature Phone,5,0,0,1,3,1,50,Medium Risk,2025-12
TXN0382,2025-06-10,CUST0065,AGT0192,Dar,Withdraw,"177,477 ","835,185 ",0 ,Web,9,0,0,0,14,1,140,High Risk,2025-06
TXN0383,2025-04-01,CUST0275,AGT0006,Dodoma,Send,"9,782 ","173,752 ",0 ,Feature Phone,3,0,0,0,13,1,130,High Risk,2025-04
TXN0384,2025-09-04,CUST0288,AGT0135,Dar,Send,"107,254 ","215,745 ",0 ,Feature Phone,0,0,0,0,4,1,40,Medium Risk,2025-09
TXN0385,2025-11-29,CUST0149,AGT0056,Arusha,Receive,"485,150 ","525,359 ","2,323 ",USSD,21,0,0,1,1,0,30,Low Risk,2025-11
TXN0386,2025-01-16,CUST0012,AGT0176,Arusha,Receive,"108,300 ","146,059 ","175,853 ",Web,23,0,0,0,13,1,130,High Risk,2025-01
TXN0387,2025-10-15,CUST0047,AGT0033,Dodoma,BuyAirtime,"497,123 ","585,235 ",0 ,USSD,23,0,0,1,4,1,60,Medium Risk,2025-10
TXN0388,2025-11-03,CUST0368,AGT0188,Arusha,PayBill,"105,662 ","3,770 ",0 ,Feature Phone,11,0,0,0,2,0,20,Low Risk,2025-11
TXN0389,2025-05-05,CUST0225,AGT0168,Mwanza,PayBill,"22,106 ","858,823 ",0 ,Web,7,0,0,0,6,1,60,Medium Risk,2025-05
TXN0390,2025-01-26,CUST0270,AGT0107,Arusha,Receive,"239,651 ","727,062 ","30,419 ",Smartphone,15,0,0,1,8,1,100,High Risk,2025-01
TXN0391,2025-08-09,CUST0308,AGT0166,Mwanza,Send,"138,512 ","734,820 ",0 ,Web,17,0,0,0,4,1,40,Medium Risk,2025-08
TXN0392,2025-06-05,CUST0460,AGT0116,Mwanza,PayBill,"279,319 ","947,704 ",0 ,Web,23,0,0,1,8,1,100,High Risk,2025-06
TXN0393,2025-12-17,CUST0106,AGT0043,Dar,Send,"274,857 ","514,239 ",0 ,USSD,5,0,0,1,1,0,30,Low Risk,2025-12
TXN0394,2025-11-05,CUST0104,AGT0036,Mwanza,Deposit,"414,073 ","480,798 ",0 ,Web,23,0,0,1,3,1,50,Medium Risk,2025-11
TXN0395,2025-11-23,CUST0379,AGT0071,Dodoma,Deposit,"265,762 ","691,902 ",0 ,Feature Phone,11,0,0,1,1,0,30,Low Risk,2025-11
TXN0396,2025-09-20,CUST0249,AGT0005,Mwanza,BuyAirtime,"88,484 ","158,252 ",0 ,Web,7,0,0,0,3,1,30,Low Risk,2025-09
TXN0397,2025-09-07,CUST0424,AGT0043,Mbeya,BuyAirtime,"322,930 ","735,602 ",0 ,Feature Phone,10,0,0,1,5,1,70,High Risk,2025-09
TXN0398,2025-05-25,CUST0477,AGT0103,Mwanza,Withdraw,"305,294 ","149,017 ",0 ,Web,15,0,0,1,6,1,80,High Risk,2025-05
TXN0399,2025-01-31,CUST0403,AGT0078,Mwanza,Withdraw,"476,227 ","891,921 ",0 ,Feature Phone,23,0,0,1,9,1,110,High Risk,2025-01
TXN0400,2025-10-29,CUST0057,AGT0162,Mwanza,BuyAirtime,"433,491 ","1,822 ",0 ,Web,16,0,0,1,5,1,70,High Risk,2025-10
TXN0401,2025-09-22,CUST0438,AGT0013,Mwanza,PayBill,"302,012 ","919,379 ",0 ,USSD,22,0,0,1,2,0,40,Medium Risk,2025-09
TXN0402,2025-10-28,CUST0277,AGT0192,Arusha,Withdraw,"49,949 ","219,489 ",0 ,Web,0,0,0,0,3,1,30,Low Risk,2025-10
TXN0403,2025-03-03,CUST0054,AGT0039,Dar,BuyAirtime,"211,222 ","803,109 ",0 ,USSD,16,0,0,1,7,1,90,High Risk,2025-03
TXN0404,2025-05-16,CUST0073,AGT0106,Dodoma,BuyAirtime,"323,546 ","445,526 ",0 ,Feature Phone,11,0,0,1,7,1,90,High Risk,2025-05
TXN0405,2025-10-04,CUST0350,AGT0043,Mwanza,Deposit,"447,139 ","175,662 ",0 ,Feature Phone,19,0,0,1,4,1,60,Medium Risk,2025-10
TXN0406,2025-03-06,CUST0167,AGT0158,Mbeya,Send,"7,825 ","387,446 ",0 ,USSD,19,0,0,0,10,1,100,High Risk,2025-03
TXN0407,2025-12-06,CUST0335,AGT0084,Mbeya,Withdraw,"410,084 ","865,578 ",0 ,Feature Phone,4,0,0,1,1,0,30,Low Risk,2025-12
TXN0408,2025-07-01,CUST0430,AGT0072,Dar,Deposit,"151,118 ","262,966 ",0 ,USSD,18,0,0,0,6,1,60,Medium Risk,2025-07
TXN0409,2025-03-01,CUST0169,AGT0015,Mbeya,BuyAirtime,"106,594 ","637,073 ",0 ,Web,23,0,0,0,9,1,90,High Risk,2025-03
TXN0410,2025-05-07,CUST0319,AGT0090,Mbeya,Send,"482,626 ","137,516 ",0 ,Smartphone,10,0,0,1,9,1,110,High Risk,2025-05
TXN0411,2025-04-28,CUST0032,AGT0131,Dodoma,Deposit,"388,882 ","252,517 ",0 ,USSD,0,0,0,1,9,1,110,High Risk,2025-04
TXN0412,2025-07-28,CUST0331,AGT0005,Dar,BuyAirtime,"411,768 ","619,659 ",0 ,Smartphone,21,0,0,1,3,1,50,Medium Risk,2025-07
TXN0413,2025-11-27,CUST0304,AGT0063,Mwanza,PayBill,"180,515 ","299,578 ",0 ,Smartphone,4,0,0,0,1,0,10,Low Risk,2025-11
TXN0414,2025-03-21,CUST0204,AGT0181,Mwanza,BuyAirtime,"38,448 ","853,337 ",0 ,Smartphone,19,0,0,0,10,1,100,High Risk,2025-03
TXN0415,2025-06-07,CUST0285,AGT0055,Mwanza,BuyAirtime,"386,041 ","938,774 ",0 ,USSD,9,0,0,1,7,1,90,High Risk,2025-06
TXN0416,2025-11-12,CUST0385,AGT0109,Dar,Receive,"119,235 ","106,018 ","264,472 ",USSD,13,0,0,0,2,0,20,Low Risk,2025-11
TXN0417,2025-04-05,CUST0160,AGT0052,Mbeya,Withdraw,"345,518 ","801,128 ",0 ,Web,8,0,0,1,6,1,80,High Risk,2025-04
TXN0418,2025-09-22,CUST0498,AGT0046,Dar,BuyAirtime,"369,975 ","678,173 ",0 ,Feature Phone,23,0,0,1,6,1,80,High Risk,2025-09
TXN0419,2025-03-01,CUST0004,AGT0067,Mwanza,Withdraw,"323,803 ","225,254 ",0 ,Feature Phone,8,0,0,1,8,1,100,High Risk,2025-03
TXN0420,2025-09-07,CUST0380,AGT0138,Dodoma,BuyAirtime,"268,277 ","739,587 ",0 ,Feature Phone,2,0,0,1,6,1,80,High Risk,2025-09
TXN0421,2025-09-30,CUST0270,AGT0138,Mwanza,PayBill,"135,694 ","109,260 ",0 ,Feature Phone,14,0,0,0,4,1,40,Medium Risk,2025-09
TXN0422,2025-07-26,CUST0126,AGT0191,Mbeya,Withdraw,"446,901 ","994,336 ",0 ,Smartphone,13,0,0,1,3,1,50,Medium Risk,2025-07
TXN0423,2025-12-23,CUST0288,AGT0182,Mwanza,Send,"396,104 ","765,177 ",0 ,Web,6,0,0,1,1,0,30,Low Risk,2025-12
TXN0424,2025-04-01,CUST0292,AGT0075,Dar,Withdraw,"421,748 ","849,890 ",0 ,Feature Phone,5,0,0,1,7,1,90,High Risk,2025-04
TXN0425,2025-01-26,CUST0039,AGT0136,Mbeya,Receive,"255,166 ","960,920 ","38,191 ",USSD,21,0,0,1,4,1,60,Medium Risk,2025-01
TXN0426,2025-07-13,CUST0203,AGT0158,Mbeya,Receive,"97,920 ","252,947 ","177,508 ",USSD,8,0,0,0,4,1,40,Medium Risk,2025-07
TXN0427,2025-11-07,CUST0256,AGT0013,Arusha,Receive,"462,863 ","217,205 ","442,196 ",Feature Phone,11,0,0,1,1,0,30,Low Risk,2025-11
TXN0428,2025-11-02,CUST0431,AGT0067,Dar,Deposit,"286,109 ","660,110 ",0 ,Feature Phone,9,0,0,1,2,0,40,Medium Risk,2025-11
TXN0429,2025-05-17,CUST0144,AGT0071,Dodoma,Send,"313,218 ","351,936 ",0 ,USSD,6,0,0,1,3,1,50,Medium Risk,2025-05
TXN0430,2025-10-07,CUST0467,AGT0064,Mwanza,Deposit,"398,675 ","330,187 ",0 ,Feature Phone,9,0,0,1,5,1,70,High Risk,2025-10
TXN0431,2025-10-12,CUST0288,AGT0089,Arusha,Send,"396,866 ","131,558 ",0 ,USSD,6,0,0,1,2,0,40,Medium Risk,2025-10
TXN0432,2025-05-15,CUST0327,AGT0120,Arusha,Send,"237,371 ","791,424 ",0 ,Web,3,0,0,1,9,1,110,High Risk,2025-05
TXN0433,2025-12-28,CUST0489,AGT0162,Dodoma,PayBill,"115,424 ","380,003 ",0 ,USSD,23,0,0,0,1,0,10,Low Risk,2025-12
TXN0434,2025-10-29,CUST0084,AGT0144,Arusha,Deposit,"343,162 ","99,416 ",0 ,Web,6,0,0,1,1,0,30,Low Risk,2025-10
TXN0435,2025-08-03,CUST0458,AGT0002,Dodoma,BuyAirtime,"477,688 ","357,915 ",0 ,Web,11,0,0,1,6,1,80,High Risk,2025-08
TXN0436,2025-06-09,CUST0116,AGT0190,Arusha,Withdraw,"415,009 ","813,258 ",0 ,Smartphone,3,0,0,1,5,1,70,High Risk,2025-06
TXN0437,2025-05-24,CUST0248,AGT0067,Dodoma,PayBill,"261,183 ","900,864 ",0 ,Feature Phone,1,0,0,1,6,1,80,High Risk,2025-05
TXN0438,2025-05-21,CUST0303,AGT0200,Dodoma,Send,"280,643 ","923,833 ",0 ,Smartphone,3,0,0,1,7,1,90,High Risk,2025-05
TXN0439,2025-12-22,CUST0439,AGT0033,Mbeya,Send,"440,529 ","862,395 ",0 ,Smartphone,3,0,0,1,1,0,30,Low Risk,2025-12
TXN0440,2025-11-11,CUST0177,AGT0113,Arusha,BuyAirtime,"68,544 ","349,511 ",0 ,USSD,23,0,0,0,1,0,10,Low Risk,2025-11
TXN0441,2025-01-23,CUST0434,AGT0123,Mwanza,BuyAirtime,"279,728 ","281,207 ",0 ,Web,19,0,0,1,12,1,140,High Risk,2025-01
TXN0442,2025-03-19,CUST0425,AGT0010,Mbeya,BuyAirtime,"418,853 ","757,935 ",0 ,Smartphone,18,0,0,1,14,1,160,High Risk,2025-03
TXN0443,2025-06-20,CUST0262,AGT0103,Dodoma,BuyAirtime,"136,621 ","629,061 ",0 ,Feature Phone,7,0,0,0,5,1,50,Medium Risk,2025-06
TXN0444,2025-07-12,CUST0414,AGT0130,Dar,Send,"219,711 ","428,296 ",0 ,USSD,1,0,0,1,1,0,30,Low Risk,2025-07
TXN0445,2025-10-21,CUST0185,AGT0134,Dodoma,PayBill,"297,317 ","372,639 ",0 ,Feature Phone,20,0,0,1,5,1,70,High Risk,2025-10
TXN0446,2025-02-22,CUST0119,AGT0076,Dar,Receive,"127,578 ","512,083 ","401,531 ",USSD,2,0,0,0,9,1,90,High Risk,2025-02
TXN0447,2025-12-24,CUST0216,AGT0149,Dodoma,PayBill,"369,587 ","442,614 ",0 ,USSD,23,0,0,1,1,0,30,Low Risk,2025-12
TXN0448,2025-10-01,CUST0358,AGT0069,Arusha,Send,"134,162 ","639,092 ",0 ,Web,10,0,0,0,4,1,40,Medium Risk,2025-10
TXN0449,2025-09-21,CUST0118,AGT0163,Dar,Withdraw,"124,439 ","20,806 ",0 ,Smartphone,9,0,0,0,5,1,50,Medium Risk,2025-09
TXN0450,2025-07-08,CUST0013,AGT0004,Dodoma,BuyAirtime,"353,213 ","530,034 ",0 ,Web,16,0,0,1,5,1,70,High Risk,2025-07
TXN0451,2025-03-27,CUST0345,AGT0136,Arusha,BuyAirtime,"323,061 ","66,463 ",0 ,USSD,16,0,0,1,5,1,70,High Risk,2025-03
TXN0452,2025-10-26,CUST0055,AGT0095,Dar,Deposit,"476,927 ","220,604 ",0 ,Smartphone,11,0,0,1,2,0,40,Medium Risk,2025-10
TXN0453,2025-02-20,CUST0172,AGT0163,Arusha,Receive,"485,980 ","170,854 ","123,526 ",Feature Phone,16,0,0,1,9,1,110,High Risk,2025-02
TXN0454,2025-11-03,CUST0293,AGT0177,Dodoma,Send,"371,703 ","595,430 ",0 ,Feature Phone,20,1,0,1,1,0,80,High Risk,2025-11
TXN0455,2025-03-16,CUST0184,AGT0146,Dar,PayBill,"103,002 ","357,232 ",0 ,Feature Phone,13,0,0,0,8,1,80,High Risk,2025-03
TXN0456,2025-11-11,CUST0328,AGT0057,Mwanza,PayBill,"145,873 ","588,987 ",0 ,Web,19,0,0,0,1,0,10,Low Risk,2025-11
TXN0457,2025-04-13,CUST0155,AGT0149,Mbeya,Receive,"382,803 ","164,947 ","224,823 ",Feature Phone,18,0,0,1,4,1,60,Medium Risk,2025-04
TXN0458,2025-06-28,CUST0283,AGT0141,Mbeya,BuyAirtime,"490,624 ","271,057 ",0 ,Smartphone,6,0,0,1,8,1,100,High Risk,2025-06
TXN0459,2025-12-04,CUST0022,AGT0135,Mbeya,Deposit,"444,099 ","801,427 ",0 ,USSD,14,0,0,1,1,0,30,Low Risk,2025-12
TXN0460,2025-10-08,CUST0472,AGT0010,Dar,Send,"378,040 ","775,941 ",0 ,USSD,7,0,0,1,2,0,40,Medium Risk,2025-10
TXN0461,2025-02-05,CUST0078,AGT0013,Dar,Deposit,"242,376 ","123,125 ",0 ,Smartphone,21,0,0,1,7,1,90,High Risk,2025-02
TXN0462,2025-10-23,CUST0074,AGT0030,Dar,Receive,"147,148 ","197,449 ","495,037 ",Smartphone,21,0,0,0,5,1,50,Medium Risk,2025-10
TXN0463,2025-12-20,CUST0192,AGT0183,Mbeya,Send,"14,412 ","331,040 ",0 ,Web,14,0,0,0,1,0,10,Low Risk,2025-12
TXN0464,2025-05-19,CUST0171,AGT0122,Dar,PayBill,"414,617 ","327,419 ",0 ,Web,17,0,0,1,4,1,60,Medium Risk,2025-05
TXN0465,2025-10-04,CUST0084,AGT0026,Mbeya,Deposit,"60,536 ","868,745 ",0 ,Web,8,0,0,0,3,1,30,Low Risk,2025-10
TXN0466,2025-04-03,CUST0467,AGT0100,Arusha,BuyAirtime,"298,219 ","485,680 ",0 ,Smartphone,6,0,0,1,14,1,160,High Risk,2025-04
TXN0467,2025-12-20,CUST0003,AGT0139,Mbeya,Send,"374,812 ","775,750 ",0 ,Web,1,0,0,1,1,0,30,Low Risk,2025-12
TXN0468,2025-04-15,CUST0359,AGT0121,Dodoma,Withdraw,"291,335 ","483,748 ",0 ,Feature Phone,20,0,0,1,4,1,60,Medium Risk,2025-04
TXN0469,2025-01-06,CUST0243,AGT0184,Dodoma,PayBill,"290,209 ","978,764 ",0 ,Feature Phone,4,0,0,1,7,1,90,High Risk,2025-01
TXN0470,2025-01-05,CUST0061,AGT0003,Dodoma,Withdraw,"122,632 ","628,939 ",0 ,Web,5,0,0,0,11,1,110,High Risk,2025-01
TXN0471,2025-08-06,CUST0471,AGT0110,Dodoma,Withdraw,"365,341 ","830,130 ",0 ,Web,7,0,0,1,5,1,70,High Risk,2025-08
TXN0472,2025-12-12,CUST0197,AGT0092,Dar,Send,"283,767 ","450,130 ",0 ,Feature Phone,2,0,0,1,1,0,30,Low Risk,2025-12
TXN0473,2025-08-25,CUST0271,AGT0151,Dodoma,PayBill,"428,906 ","279,648 ",0 ,Web,22,0,0,1,3,1,50,Medium Risk,2025-08
TXN0474,2025-08-26,CUST0087,AGT0070,Mwanza,Deposit,"389,360 ","987,685 ",0 ,Web,6,0,0,1,4,1,60,Medium Risk,2025-08
TXN0475,2025-11-27,CUST0073,AGT0142,Mwanza,Withdraw,"303,450 ","592,800 ",0 ,Web,16,0,0,1,1,0,30,Low Risk,2025-11
TXN0476,2025-11-23,CUST0226,AGT0196,Dar,Deposit,"34,480 ","287,370 ",0 ,Feature Phone,9,0,0,0,3,1,30,Low Risk,2025-11
TXN0477,2025-08-11,CUST0022,AGT0085,Mbeya,BuyAirtime,"360,975 ","985,575 ",0 ,Feature Phone,18,0,0,1,6,1,80,High Risk,2025-08
TXN0478,2025-05-29,CUST0410,AGT0192,Mbeya,Withdraw,"29,929 ","727,883 ",0 ,Web,5,0,0,0,5,1,50,Medium Risk,2025-05
TXN0479,2025-08-27,CUST0165,AGT0081,Dar,BuyAirtime,"299,392 ","677,076 ",0 ,Web,13,0,0,1,6,1,80,High Risk,2025-08
TXN0480,2025-06-27,CUST0443,AGT0139,Dodoma,Withdraw,"365,681 ","511,581 ",0 ,Smartphone,10,0,0,1,3,1,50,Medium Risk,2025-06
TXN0481,2025-07-13,CUST0108,AGT0108,Dar,Send,"6,140 ","577,267 ",0 ,Web,11,0,0,0,5,1,50,Medium Risk,2025-07
TXN0482,2025-11-24,CUST0150,AGT0079,Arusha,Withdraw,"425,713 ","4,342 ",0 ,Feature Phone,17,0,0,1,3,1,50,Medium Risk,2025-11
TXN0483,2025-09-02,CUST0351,AGT0066,Mwanza,Receive,"246,052 ","678,522 ","447,592 ",USSD,16,0,0,1,4,1,60,Medium Risk,2025-09
TXN0484,2025-05-22,CUST0179,AGT0075,Mbeya,Withdraw,"194,546 ","22,231 ",0 ,Feature Phone,1,0,0,0,5,1,50,Medium Risk,2025-05
TXN0485,2025-10-20,CUST0350,AGT0139,Dodoma,Receive,"2,873 ","83,321 ","156,745 ",USSD,23,0,0,0,3,1,30,Low Risk,2025-10
TXN0486,2025-02-10,CUST0309,AGT0075,Mbeya,BuyAirtime,"172,152 ","692,934 ",0 ,Smartphone,8,0,0,0,13,1,130,High Risk,2025-02
TXN0487,2025-02-28,CUST0488,AGT0200,Dodoma,Send,"352,980 ","991,122 ",0 ,USSD,4,1,0,1,16,1,230,High Risk,2025-02
TXN0488,2025-04-29,CUST0277,AGT0198,Arusha,Send,"337,729 ","315,289 ",0 ,Web,1,0,0,1,11,1,130,High Risk,2025-04
TXN0489,2025-08-19,CUST0247,AGT0090,Dodoma,Deposit,"390,692 ","432,777 ",0 ,USSD,15,0,0,1,7,1,90,High Risk,2025-08
TXN0490,2025-08-14,CUST0300,AGT0134,Dodoma,Send,"71,426 ","556,525 ",0 ,Feature Phone,11,0,0,0,5,1,50,Medium Risk,2025-08
TXN0491,2025-12-21,CUST0142,AGT0071,Arusha,Deposit,"83,443 ","409,688 ",0 ,Web,1,0,0,0,1,0,10,Low Risk,2025-12
TXN0492,2025-02-04,CUST0228,AGT0081,Mbeya,PayBill,"377,293 ","737,613 ",0 ,Feature Phone,8,0,0,1,13,1,150,High Risk,2025-02
TXN0493,2025-09-23,CUST0464,AGT0126,Dodoma,Receive,"307,995 ","787,675 ","371,087 ",Feature Phone,14,0,0,1,3,1,50,Medium Risk,2025-09
TXN0494,2025-12-22,CUST0320,AGT0190,Dar,BuyAirtime,"249,108 ","826,518 ",0 ,Feature Phone,18,0,0,1,2,0,40,Medium Risk,2025-12
TXN0495,2025-08-22,CUST0384,AGT0075,Mwanza,PayBill,"170,244 ","594,650 ",0 ,Smartphone,23,0,0,0,3,1,30,Low Risk,2025-08
TXN0496,2025-10-24,CUST0490,AGT0148,Mwanza,BuyAirtime,"21,729 ","304,530 ",0 ,Web,3,0,0,0,2,0,20,Low Risk,2025-10
TXN0497,2025-11-04,CUST0454,AGT0060,Mwanza,Deposit,"414,818 ","279,486 ",0 ,Feature Phone,11,0,0,1,1,0,30,Low Risk,2025-11
TXN0498,2025-03-05,CUST0006,AGT0066,Mwanza,Send,"159,400 ","749,671 ",0 ,Smartphone,20,0,0,0,5,1,50,Medium Risk,2025-03
TXN0499,2025-06-11,CUST0268,AGT0157,Arusha,BuyAirtime,"180,326 ","845,697 ",0 ,Web,3,0,0,0,6,1,60,Medium Risk,2025-06
TXN0500,2025-05-26,CUST0396,AGT0153,Arusha,BuyAirtime,"14,351 ","427,782 ",0 ,USSD,3,0,0,0,5,1,50,Medium Risk,2025-05
TXN0501,2025-08-03,CUST0487,AGT0008,Dar,Send,"328,024 ","377,846 ",0 ,Smartphone,9,0,0,1,4,1,60,Medium Risk,2025-08
TXN0502,2025-12-24,CUST0202,AGT0141,Dar,Withdraw,"300,285 ","447,378 ",0 ,Web,23,0,0,1,1,0,30,Low Risk,2025-12
TXN0503,2025-05-28,CUST0321,AGT0067,Arusha,Withdraw,"395,480 ","193,522 ",0 ,Web,23,0,0,1,7,1,90,High Risk,2025-05
TXN0504,2025-01-31,CUST0195,AGT0188,Mwanza,Withdraw,"292,238 ","698,748 ",0 ,Web,9,0,0,1,14,1,160,High Risk,2025-01
TXN0505,2025-06-11,CUST0015,AGT0087,Dodoma,Deposit,"364,703 ","466,713 ",0 ,Feature Phone,13,0,0,1,6,1,80,High Risk,2025-06
TXN0506,2025-06-22,CUST0102,AGT0003,Mwanza,Deposit,"273,821 ","832,592 ",0 ,USSD,13,0,0,1,7,1,90,High Risk,2025-06
TXN0507,2025-06-30,CUST0263,AGT0141,Dar,Deposit,"214,779 ","139,503 ",0 ,Web,23,0,0,1,11,1,130,High Risk,2025-06
TXN0508,2025-02-11,CUST0078,AGT0160,Dodoma,BuyAirtime,"21,917 ","645,049 ",0 ,Smartphone,0,0,0,0,6,1,60,Medium Risk,2025-02
TXN0509,2025-12-06,CUST0260,AGT0096,Dodoma,Receive,"6,692 ","73,834 ","259,439 ",Smartphone,0,0,0,0,2,0,20,Low Risk,2025-12
TXN0510,2025-03-07,CUST0195,AGT0016,Dodoma,BuyAirtime,"22,345 ","576,120 ",0 ,USSD,23,0,0,0,13,1,130,High Risk,2025-03
TXN0511,2025-08-17,CUST0449,AGT0063,Mwanza,Send,"81,273 ","838,618 ",0 ,Web,18,0,0,0,3,1,30,Low Risk,2025-08
TXN0512,2025-07-22,CUST0337,AGT0074,Dar,Deposit,"333,985 ","438,757 ",0 ,Smartphone,14,0,0,1,5,1,70,High Risk,2025-07
TXN0513,2025-06-29,CUST0414,AGT0003,Arusha,Send,"83,560 ","171,217 ",0 ,USSD,15,0,0,0,3,1,30,Low Risk,2025-06
TXN0514,2025-05-03,CUST0325,AGT0076,Arusha,PayBill,"290,427 ","277,187 ",0 ,Feature Phone,22,0,0,1,7,1,90,High Risk,2025-05
TXN0515,2025-08-14,CUST0333,AGT0126,Mbeya,Send,"142,229 ","423,352 ",0 ,Smartphone,13,0,0,0,7,1,70,High Risk,2025-08
TXN0516,2025-04-30,CUST0401,AGT0036,Mbeya,Send,"162,687 ","640,757 ",0 ,Feature Phone,6,0,0,0,8,1,80,High Risk,2025-04
TXN0517,2025-03-30,CUST0045,AGT0025,Mbeya,Deposit,"389,951 ","871,506 ",0 ,USSD,22,0,0,1,12,1,140,High Risk,2025-03
TXN0518,2025-09-20,CUST0020,AGT0008,Mbeya,Deposit,"34,259 ","581,205 ",0 ,Smartphone,6,0,0,0,3,1,30,Low Risk,2025-09
TXN0519,2025-08-06,CUST0106,AGT0061,Dodoma,Send,"440,812 ","249,489 ",0 ,USSD,16,0,0,1,8,1,100,High Risk,2025-08
TXN0520,2025-02-04,CUST0288,AGT0197,Mbeya,Deposit,"269,968 ","590,397 ",0 ,Feature Phone,13,0,0,1,10,1,120,High Risk,2025-02
TXN0521,2025-01-25,CUST0070,AGT0025,Mbeya,BuyAirtime,"313,501 ","225,600 ",0 ,Web,3,0,0,1,9,1,110,High Risk,2025-01
TXN0522,2025-10-07,CUST0104,AGT0084,Dar,Deposit,"3,622 ","74,172 ",0 ,Feature Phone,2,0,0,0,4,1,40,Medium Risk,2025-10
TXN0523,2025-10-28,CUST0061,AGT0091,Dodoma,PayBill,"163,750 ","726,660 ",0 ,Smartphone,8,0,0,0,1,0,10,Low Risk,2025-10
TXN0524,2025-09-02,CUST0074,AGT0071,Mbeya,Withdraw,"138,485 ","368,936 ",0 ,Feature Phone,12,0,0,0,6,1,60,Medium Risk,2025-09
TXN0525,2025-12-24,CUST0498,AGT0137,Dodoma,Deposit,"428,465 ","785,647 ",0 ,Smartphone,21,0,0,1,1,0,30,Low Risk,2025-12
TXN0526,2025-11-10,CUST0260,AGT0109,Mbeya,BuyAirtime,"183,588 ","780,265 ",0 ,USSD,6,0,0,0,3,1,30,Low Risk,2025-11
TXN0527,2025-12-01,CUST0242,AGT0017,Mwanza,Withdraw,"412,859 ","919,290 ",0 ,USSD,4,0,0,1,2,0,40,Medium Risk,2025-12
TXN0528,2025-05-22,CUST0305,AGT0082,Dar,Send,"347,827 ","165,279 ",0 ,Web,0,0,0,1,9,1,110,High Risk,2025-05
TXN0529,2025-03-21,CUST0241,AGT0068,Arusha,Deposit,"80,291 ","363,854 ",0 ,Smartphone,1,0,0,0,6,1,60,Medium Risk,2025-03
TXN0530,2025-06-09,CUST0063,AGT0080,Mbeya,BuyAirtime,"186,452 ","717,709 ",0 ,Smartphone,18,0,0,0,8,1,80,High Risk,2025-06
TXN0531,2025-02-05,CUST0235,AGT0022,Mbeya,Deposit,"188,241 ","505,736 ",0 ,Smartphone,2,0,0,0,12,1,120,High Risk,2025-02
TXN0532,2025-07-10,CUST0321,AGT0064,Arusha,PayBill,"220,007 ","267,974 ",0 ,USSD,11,0,0,1,5,1,70,High Risk,2025-07
TXN0533,2025-12-15,CUST0096,AGT0142,Dodoma,Receive,"281,610 ","282,398 ","422,439 ",Feature Phone,4,0,0,1,2,0,40,Medium Risk,2025-12
TXN0534,2025-09-01,CUST0100,AGT0123,Arusha,Send,"146,824 ","94,261 ",0 ,Smartphone,17,0,0,0,6,1,60,Medium Risk,2025-09
TXN0535,2025-11-23,CUST0295,AGT0024,Mwanza,BuyAirtime,"146,938 ","659,866 ",0 ,Web,4,0,0,0,4,1,40,Medium Risk,2025-11
TXN0536,2025-04-15,CUST0112,AGT0030,Arusha,PayBill,"443,034 ","556,916 ",0 ,Web,0,0,0,1,9,1,110,High Risk,2025-04
TXN0537,2025-03-24,CUST0436,AGT0106,Dodoma,Withdraw,"410,525 ","794,662 ",0 ,USSD,18,0,0,1,9,1,110,High Risk,2025-03
TXN0538,2025-03-02,CUST0009,AGT0034,Mbeya,Send,"283,873 ","787,079 ",0 ,Feature Phone,4,0,0,1,11,1,130,High Risk,2025-03
TXN0539,2025-12-29,CUST0333,AGT0071,Dar,Send,"330,121 ","208,176 ",0 ,Feature Phone,16,0,0,1,1,0,30,Low Risk,2025-12
TXN0540,2025-02-23,CUST0339,AGT0068,Arusha,BuyAirtime,"287,166 ","935,907 ",0 ,Web,1,0,0,1,13,1,150,High Risk,2025-02
TXN0541,2025-01-24,CUST0376,AGT0021,Mwanza,Send,"221,722 ","21,817 ",0 ,USSD,10,0,0,1,11,1,130,High Risk,2025-01
TXN0542,2025-04-22,CUST0494,AGT0040,Dodoma,BuyAirtime,"70,316 ","787,282 ",0 ,Feature Phone,14,0,0,0,11,1,110,High Risk,2025-04
TXN0543,2025-11-10,CUST0152,AGT0082,Dodoma,Deposit,"241,168 ","379,300 ",0 ,Smartphone,21,0,0,1,3,1,50,Medium Risk,2025-11
TXN0544,2025-10-14,CUST0132,AGT0134,Mwanza,PayBill,"20,184 ","850,181 ",0 ,Web,11,0,0,0,4,1,40,Medium Risk,2025-10
TXN0545,2025-11-04,CUST0044,AGT0067,Mwanza,Withdraw,"492,015 ","49,121 ",0 ,USSD,6,0,0,1,3,1,50,Medium Risk,2025-11
TXN0546,2025-04-21,CUST0154,AGT0156,Mwanza,Withdraw,"240,666 ","750,981 ",0 ,Web,23,0,0,1,4,1,60,Medium Risk,2025-04
TXN0547,2025-02-10,CUST0469,AGT0030,Mwanza,BuyAirtime,"145,845 ","872,186 ",0 ,Smartphone,7,0,0,0,7,1,70,High Risk,2025-02
TXN0548,2025-01-24,CUST0341,AGT0175,Dar,PayBill,"125,699 ","863,356 ",0 ,Web,4,0,0,0,4,1,40,Medium Risk,2025-01
TXN0549,2025-06-12,CUST0034,AGT0060,Dodoma,PayBill,"132,500 ","812,683 ",0 ,USSD,10,0,0,0,5,1,50,Medium Risk,2025-06
TXN0550,2025-11-14,CUST0051,AGT0190,Mwanza,Withdraw,"153,300 ","269,797 ",0 ,USSD,18,0,0,0,3,1,30,Low Risk,2025-11
TXN0551,2025-11-14,CUST0393,AGT0148,Mbeya,Withdraw,"288,066 ","889,182 ",0 ,USSD,3,0,0,1,2,0,40,Medium Risk,2025-11
TXN0552,2025-07-26,CUST0484,AGT0125,Mbeya,Send,"139,258 ","694,915 ",0 ,Feature Phone,6,0,0,0,8,1,80,High Risk,2025-07
TXN0553,2025-11-10,CUST0156,AGT0107,Mwanza,PayBill,"26,863 ","613,431 ",0 ,Smartphone,23,0,0,0,3,1,30,Low Risk,2025-11
TXN0554,2025-07-23,CUST0056,AGT0138,Arusha,Deposit,"125,125 ","487,711 ",0 ,Smartphone,22,0,0,0,9,1,90,High Risk,2025-07
TXN0555,2025-06-29,CUST0018,AGT0049,Dar,PayBill,"344,725 ","773,146 ",0 ,Web,3,0,0,1,7,1,90,High Risk,2025-06
TXN0556,2025-07-21,CUST0321,AGT0037,Dodoma,Deposit,"241,271 ","696,114 ",0 ,Feature Phone,4,0,0,1,3,1,50,Medium Risk,2025-07
TXN0557,2025-11-15,CUST0437,AGT0034,Mbeya,Receive,"263,761 ","768,844 ","102,774 ",Feature Phone,3,0,0,1,2,0,40,Medium Risk,2025-11
TXN0558,2025-01-16,CUST0271,AGT0071,Arusha,Send,"43,057 ","396,238 ",0 ,USSD,15,0,0,0,7,1,70,High Risk,2025-01
TXN0559,2025-12-22,CUST0466,AGT0034,Dodoma,PayBill,"485,496 ","312,639 ",0 ,Feature Phone,21,0,0,1,1,0,30,Low Risk,2025-12
TXN0560,2025-04-07,CUST0351,AGT0122,Dar,Send,"25,203 ","2,817 ",0 ,USSD,1,0,0,0,5,1,50,Medium Risk,2025-04
TXN0561,2025-08-20,CUST0018,AGT0037,Dodoma,PayBill,"145,527 ","333,159 ",0 ,Web,2,0,0,0,6,1,60,Medium Risk,2025-08
TXN0562,2025-04-19,CUST0294,AGT0028,Dar,Withdraw,"368,084 ","774,811 ",0 ,Feature Phone,3,0,0,1,4,1,60,Medium Risk,2025-04
TXN0563,2025-12-19,CUST0337,AGT0164,Mbeya,PayBill,"196,178 ","655,115 ",0 ,Feature Phone,11,0,0,0,1,0,10,Low Risk,2025-12
TXN0564,2025-10-18,CUST0174,AGT0084,Dar,Withdraw,"158,142 ","494,151 ",0 ,Web,7,0,0,0,4,1,40,Medium Risk,2025-10
TXN0565,2025-09-16,CUST0445,AGT0198,Dodoma,PayBill,"118,762 ","632,454 ",0 ,Smartphone,23,0,0,0,4,1,40,Medium Risk,2025-09
TXN0566,2025-09-02,CUST0406,AGT0145,Dodoma,Withdraw,"166,099 ","262,270 ",0 ,Web,7,0,0,0,3,1,30,Low Risk,2025-09
TXN0567,2025-10-29,CUST0499,AGT0126,Dodoma,Deposit,"433,717 ","825,308 ",0 ,USSD,9,0,0,1,3,1,50,Medium Risk,2025-10
TXN0568,2025-07-20,CUST0217,AGT0034,Dodoma,Withdraw,"90,920 ","104,005 ",0 ,Feature Phone,0,0,0,0,7,1,70,High Risk,2025-07
TXN0569,2025-07-12,CUST0267,AGT0145,Dar,Receive,"291,265 ","420,043 ","348,685 ",Smartphone,1,0,0,1,5,1,70,High Risk,2025-07
TXN0570,2025-05-29,CUST0378,AGT0003,Arusha,Deposit,"28,596 ","9,465 ",0 ,USSD,5,0,0,0,5,1,50,Medium Risk,2025-05
TXN0571,2025-01-24,CUST0283,AGT0077,Mbeya,Deposit,"87,946 ","443,284 ",0 ,Web,18,0,0,0,13,1,130,High Risk,2025-01
TXN0572,2025-07-18,CUST0057,AGT0118,Arusha,Send,"194,165 ","950,685 ",0 ,Smartphone,19,0,0,0,10,1,100,High Risk,2025-07
TXN0573,2025-01-18,CUST0340,AGT0001,Dar,Deposit,"98,558 ","286,884 ",0 ,Smartphone,14,0,0,0,9,1,90,High Risk,2025-01
TXN0574,2025-01-12,CUST0445,AGT0076,Mwanza,PayBill,"206,432 ","55,577 ",0 ,Smartphone,6,0,0,1,12,1,140,High Risk,2025-01
TXN0575,2025-07-04,CUST0346,AGT0097,Dodoma,BuyAirtime,"315,587 ","764,241 ",0 ,Smartphone,18,0,0,1,9,1,110,High Risk,2025-07
TXN0576,2025-04-14,CUST0378,AGT0125,Mbeya,BuyAirtime,"210,952 ","320,807 ",0 ,Smartphone,23,0,0,1,7,1,90,High Risk,2025-04
TXN0577,2025-02-24,CUST0005,AGT0056,Dodoma,Withdraw,"18,312 ","585,123 ",0 ,Web,1,0,0,0,11,1,110,High Risk,2025-02
TXN0578,2025-11-07,CUST0149,AGT0123,Mbeya,Send,"91,979 ","325,717 ",0 ,Feature Phone,9,0,0,0,4,1,40,Medium Risk,2025-11
TXN0579,2025-10-20,CUST0045,AGT0055,Mbeya,PayBill,"123,856 ","302,628 ",0 ,Smartphone,8,0,0,0,3,1,30,Low Risk,2025-10
TXN0580,2025-11-19,CUST0286,AGT0171,Dar,PayBill,"98,016 ","793,446 ",0 ,USSD,13,0,0,0,2,0,20,Low Risk,2025-11
TXN0581,2025-11-20,CUST0143,AGT0147,Mwanza,PayBill,"462,682 ","510,748 ",0 ,USSD,16,0,0,1,3,1,50,Medium Risk,2025-11
TXN0582,2025-01-06,CUST0442,AGT0019,Mwanza,Deposit,"191,071 ","442,926 ",0 ,Smartphone,8,0,0,0,13,1,130,High Risk,2025-01
TXN0583,2025-09-10,CUST0178,AGT0107,Arusha,Deposit,"13,543 ","960,720 ",0 ,Feature Phone,3,0,0,0,3,1,30,Low Risk,2025-09
TXN0584,2025-04-10,CUST0074,AGT0077,Mbeya,Send,"376,799 ","237,005 ",0 ,Feature Phone,9,0,0,1,8,1,100,High Risk,2025-04
TXN0585,2025-02-07,CUST0245,AGT0015,Mwanza,Deposit,"159,983 ","835,076 ",0 ,Web,20,0,0,0,9,1,90,High Risk,2025-02
TXN0586,2025-04-07,CUST0471,AGT0080,Arusha,Receive,"220,180 ","818,316 ","439,950 ",Web,12,0,0,1,9,1,110,High Risk,2025-04
TXN0587,2025-12-19,CUST0262,AGT0027,Mbeya,Deposit,"491,615 ","311,272 ",0 ,Feature Phone,20,0,0,1,1,0,30,Low Risk,2025-12
TXN0588,2025-07-10,CUST0392,AGT0077,Dar,BuyAirtime,"355,492 ","557,154 ",0 ,Feature Phone,23,0,0,1,6,1,80,High Risk,2025-07
TXN0589,2025-10-17,CUST0109,AGT0120,Arusha,Receive,"351,531 ","332,871 ","271,127 ",Web,4,0,0,1,3,1,50,Medium Risk,2025-10
TXN0590,2025-04-12,CUST0496,AGT0065,Dar,Deposit,"43,221 ","182,395 ",0 ,USSD,11,0,0,0,9,1,90,High Risk,2025-04
TXN0591,2025-02-05,CUST0046,AGT0095,Dar,BuyAirtime,"479,590 ","361,442 ",0 ,USSD,21,0,0,1,12,1,140,High Risk,2025-02
TXN0592,2025-02-04,CUST0376,AGT0178,Dodoma,BuyAirtime,"186,607 ","413,972 ",0 ,Smartphone,8,0,0,0,9,1,90,High Risk,2025-02
TXN0593,2025-09-12,CUST0175,AGT0116,Dar,Receive,"255,767 ","764,384 ","394,295 ",Smartphone,2,0,0,1,3,1,50,Medium Risk,2025-09
TXN0594,2025-11-21,CUST0097,AGT0149,Mwanza,Deposit,"217,821 ","454,252 ",0 ,Feature Phone,15,0,0,1,2,0,40,Medium Risk,2025-11
TXN0595,2025-04-09,CUST0140,AGT0053,Mbeya,Send,"492,103 ","510,197 ",0 ,Feature Phone,3,0,0,1,9,1,110,High Risk,2025-04
TXN0596,2025-03-22,CUST0203,AGT0056,Mwanza,PayBill,"108,666 ","915,505 ",0 ,Feature Phone,17,0,0,0,8,1,80,High Risk,2025-03
TXN0597,2025-09-02,CUST0304,AGT0191,Mwanza,PayBill,"23,414 ","884,873 ",0 ,Smartphone,6,0,0,0,4,1,40,Medium Risk,2025-09
TXN0598,2025-12-20,CUST0101,AGT0095,Mwanza,Send,"168,130 ","21,208 ",0 ,Web,21,0,0,0,2,0,20,Low Risk,2025-12
TXN0599,2025-02-23,CUST0177,AGT0152,Dodoma,Receive,"243,585 ","157,578 ","388,883 ",Web,16,0,0,1,13,1,150,High Risk,2025-02
TXN0600,2025-12-14,CUST0478,AGT0132,Dar,BuyAirtime,"221,748 ","117,444 ",0 ,USSD,21,0,0,1,3,1,50,Medium Risk,2025-12
TXN0601,2025-05-30,CUST0370,AGT0108,Mbeya,Withdraw,"295,130 ","116,218 ",0 ,Web,1,0,0,1,7,1,90,High Risk,2025-05
TXN0602,2025-09-02,CUST0346,AGT0187,Dodoma,Send,"353,527 ","571,188 ",0 ,Feature Phone,9,0,0,1,6,1,80,High Risk,2025-09
TXN0603,2025-01-22,CUST0292,AGT0130,Dar,BuyAirtime,"304,977 ","978,662 ",0 ,Smartphone,21,0,0,1,10,1,120,High Risk,2025-01
TXN0604,2025-03-08,CUST0175,AGT0021,Mbeya,Receive,"108,362 ","222,972 ","340,162 ",Feature Phone,23,0,0,0,7,1,70,High Risk,2025-03
TXN0605,2025-05-08,CUST0035,AGT0180,Mwanza,PayBill,"400,236 ","751,893 ",0 ,Web,12,0,0,1,10,1,120,High Risk,2025-05
TXN0606,2025-04-23,CUST0107,AGT0020,Arusha,Withdraw,"300,768 ","522,860 ",0 ,Web,17,0,0,1,7,1,90,High Risk,2025-04
TXN0607,2025-03-18,CUST0249,AGT0026,Mwanza,BuyAirtime,"349,822 ","205,380 ",0 ,Smartphone,16,0,0,1,11,1,130,High Risk,2025-03
TXN0608,2025-10-18,CUST0027,AGT0033,Dar,BuyAirtime,"82,703 ","851,726 ",0 ,Feature Phone,12,0,0,0,2,0,20,Low Risk,2025-10
TXN0609,2025-09-09,CUST0314,AGT0120,Mwanza,PayBill,"305,283 ","374,316 ",0 ,Web,7,0,0,1,4,1,60,Medium Risk,2025-09
TXN0610,2025-06-10,CUST0374,AGT0112,Mbeya,PayBill,"98,435 ","477,974 ",0 ,Feature Phone,18,0,0,0,6,1,60,Medium Risk,2025-06
TXN0611,2025-04-08,CUST0085,AGT0175,Dodoma,Receive,"453,246 ","808,367 ","73,561 ",USSD,18,0,0,1,7,1,90,High Risk,2025-04
TXN0612,2025-11-22,CUST0286,AGT0048,Mbeya,Withdraw,"101,413 ","706,475 ",0 ,USSD,1,0,0,0,1,0,10,Low Risk,2025-11
TXN0613,2025-01-09,CUST0196,AGT0121,Arusha,Deposit,"235,265 ","683,303 ",0 ,Smartphone,11,0,0,1,11,1,130,High Risk,2025-01
TXN0614,2025-04-12,CUST0211,AGT0036,Dodoma,Receive,"234,209 ","853,028 ","78,061 ",Smartphone,10,0,0,1,9,1,110,High Risk,2025-04
TXN0615,2025-03-09,CUST0238,AGT0148,Mbeya,Send,"237,129 ","925,093 ",0 ,USSD,20,0,0,1,7,1,90,High Risk,2025-03
TXN0616,2025-11-27,CUST0114,AGT0107,Arusha,Withdraw,"32,197 ","962,716 ",0 ,Smartphone,21,0,0,0,1,0,10,Low Risk,2025-11
TXN0617,2025-01-23,CUST0378,AGT0127,Dodoma,Withdraw,"129,300 ","552,277 ",0 ,Feature Phone,17,0,0,0,12,1,120,High Risk,2025-01
TXN0618,2025-05-11,CUST0162,AGT0058,Mwanza,Withdraw,"233,566 ","616,480 ",0 ,Web,7,0,0,1,8,1,100,High Risk,2025-05
TXN0619,2025-05-09,CUST0462,AGT0024,Arusha,Send,"112,545 ","782,841 ",0 ,Feature Phone,19,0,0,0,9,1,90,High Risk,2025-05
TXN0620,2025-04-16,CUST0215,AGT0069,Dar,Send,"412,112 ","331,774 ",0 ,Smartphone,2,0,0,1,7,1,90,High Risk,2025-04
TXN0621,2025-04-10,CUST0246,AGT0036,Mwanza,PayBill,"220,354 ","926,605 ",0 ,Smartphone,2,0,0,1,15,1,170,High Risk,2025-04
TXN0622,2025-07-20,CUST0169,AGT0056,Mbeya,Withdraw,"245,103 ","961,783 ",0 ,Web,0,0,0,1,2,0,40,Medium Risk,2025-07
TXN0623,2025-10-14,CUST0375,AGT0157,Mbeya,Send,"149,781 ","544,136 ",0 ,Smartphone,0,0,0,0,3,1,30,Low Risk,2025-10
TXN0624,2025-11-09,CUST0404,AGT0042,Mwanza,Send,"457,217 ","809,048 ",0 ,Smartphone,13,0,0,1,1,0,30,Low Risk,2025-11
TXN0625,2025-01-04,CUST0068,AGT0069,Mbeya,Withdraw,"494,629 ","225,352 ",0 ,Smartphone,0,0,0,1,13,1,150,High Risk,2025-01
TXN0626,2025-07-14,CUST0139,AGT0051,Arusha,BuyAirtime,"382,503 ","565,782 ",0 ,USSD,8,0,0,1,5,1,70,High Risk,2025-07
TXN0627,2025-02-04,CUST0137,AGT0052,Arusha,Deposit,"46,016 ","385,739 ",0 ,Smartphone,22,0,0,0,12,1,120,High Risk,2025-02
TXN0628,2025-09-06,CUST0474,AGT0171,Arusha,Withdraw,"135,636 ","25,397 ",0 ,Smartphone,8,0,0,0,3,1,30,Low Risk,2025-09
TXN0629,2025-11-10,CUST0311,AGT0166,Dodoma,PayBill,"260,387 ","724,349 ",0 ,Web,23,0,0,1,1,0,30,Low Risk,2025-11
TXN0630,2025-05-09,CUST0176,AGT0125,Arusha,PayBill,"26,285 ","301,498 ",0 ,USSD,3,0,0,0,8,1,80,High Risk,2025-05
TXN0631,2025-07-22,CUST0323,AGT0180,Arusha,Withdraw,"83,574 ","710,345 ",0 ,Smartphone,5,0,0,0,12,1,120,High Risk,2025-07
TXN0632,2025-08-15,CUST0041,AGT0195,Dar,Deposit,"423,320 ","662,942 ",0 ,Feature Phone,0,0,0,1,6,1,80,High Risk,2025-08
TXN0633,2025-03-20,CUST0061,AGT0143,Dodoma,Deposit,"181,064 ","606,159 ",0 ,Feature Phone,19,0,0,0,10,1,100,High Risk,2025-03
TXN0634,2025-03-30,CUST0450,AGT0182,Mbeya,PayBill,"93,682 ","608,442 ",0 ,Smartphone,18,0,0,0,8,1,80,High Risk,2025-03
TXN0635,2025-09-04,CUST0395,AGT0191,Dar,Send,"492,436 ","418,299 ",0 ,Feature Phone,22,0,0,1,5,1,70,High Risk,2025-09
TXN0636,2025-11-21,CUST0231,AGT0118,Arusha,Deposit,"44,969 ","406,188 ",0 ,Feature Phone,18,0,0,0,2,0,20,Low Risk,2025-11
TXN0637,2025-04-20,CUST0130,AGT0080,Mwanza,PayBill,"438,788 ","176,465 ",0 ,USSD,10,0,0,1,7,1,90,High Risk,2025-04
TXN0638,2025-10-27,CUST0212,AGT0028,Dar,BuyAirtime,"10,744 ","496,031 ",0 ,Feature Phone,20,0,0,0,3,1,30,Low Risk,2025-10
TXN0639,2025-07-29,CUST0232,AGT0197,Dar,Withdraw,"180,917 ","211,948 ",0 ,Smartphone,14,0,0,0,3,1,30,Low Risk,2025-07
TXN0640,2025-09-21,CUST0067,AGT0007,Dar,BuyAirtime,"210,492 ","442,351 ",0 ,Smartphone,1,0,0,1,3,1,50,Medium Risk,2025-09
TXN0641,2025-05-08,CUST0357,AGT0178,Dodoma,Deposit,"101,022 ","177,717 ",0 ,Web,22,0,0,0,10,1,100,High Risk,2025-05
TXN0642,2025-08-09,CUST0349,AGT0081,Mbeya,PayBill,"467,881 ","838,875 ",0 ,Feature Phone,13,0,0,1,3,1,50,Medium Risk,2025-08
TXN0643,2025-11-06,CUST0473,AGT0159,Dar,Receive,"267,967 ","205,121 ","120,938 ",Smartphone,17,0,0,1,3,1,50,Medium Risk,2025-11
TXN0644,2025-04-20,CUST0116,AGT0089,Mbeya,BuyAirtime,"346,209 ","832,638 ",0 ,Feature Phone,17,0,0,1,7,1,90,High Risk,2025-04
TXN0645,2025-07-15,CUST0024,AGT0120,Dodoma,Receive,"15,820 ","109,493 ","100,929 ",USSD,6,0,0,0,8,1,80,High Risk,2025-07
TXN0646,2025-11-09,CUST0376,AGT0097,Mwanza,Receive,"80,880 ","155,027 ","329,205 ",Smartphone,10,0,0,0,1,0,10,Low Risk,2025-11
TXN0647,2025-04-14,CUST0256,AGT0175,Mbeya,BuyAirtime,"84,177 ","681,495 ",0 ,Feature Phone,2,0,0,0,9,1,90,High Risk,2025-04
TXN0648,2025-05-12,CUST0186,AGT0002,Mbeya,Withdraw,"31,136 ","773,231 ",0 ,Smartphone,3,0,0,0,1,0,10,Low Risk,2025-05
TXN0649,2025-11-23,CUST0419,AGT0011,Mbeya,Withdraw,"92,610 ","832,847 ",0 ,Smartphone,12,0,0,0,2,0,20,Low Risk,2025-11
TXN0650,2025-11-12,CUST0323,AGT0035,Dar,PayBill,"365,350 ","635,887 ",0 ,Smartphone,12,0,0,1,5,1,70,High Risk,2025-11
TXN0651,2025-05-02,CUST0223,AGT0049,Arusha,Send,"136,285 ","670,813 ",0 ,Smartphone,14,0,0,0,6,1,60,Medium Risk,2025-05
TXN0652,2025-02-22,CUST0423,AGT0028,Dar,Send,"11,597 ","548,021 ",0 ,Web,5,0,0,0,11,1,110,High Risk,2025-02
TXN0653,2025-10-17,CUST0232,AGT0053,Dodoma,Receive,"351,109 ","201,085 ","439,811 ",Feature Phone,12,0,0,1,2,0,40,Medium Risk,2025-10
TXN0654,2025-10-26,CUST0352,AGT0121,Arusha,PayBill,"91,516 ","748,312 ",0 ,USSD,11,0,0,0,4,1,40,Medium Risk,2025-10
TXN0655,2025-08-24,CUST0244,AGT0005,Mbeya,Send,"9,346 ","567,676 ",0 ,USSD,12,0,0,0,4,1,40,Medium Risk,2025-08
TXN0656,2025-03-05,CUST0136,AGT0076,Dar,Send,"208,502 ","341,710 ",0 ,Feature Phone,23,0,0,1,11,1,130,High Risk,2025-03
TXN0657,2025-04-14,CUST0087,AGT0143,Dar,Send,"23,631 ","720,698 ",0 ,Feature Phone,7,0,0,0,7,1,70,High Risk,2025-04
TXN0658,2025-05-28,CUST0361,AGT0176,Arusha,Receive,"180,333 ","924,294 ","439,893 ",USSD,2,0,0,0,4,1,40,Medium Risk,2025-05
TXN0659,2025-07-09,CUST0440,AGT0189,Dodoma,Receive,"281,432 ","752,278 ","86,541 ",Web,1,0,0,1,13,1,150,High Risk,2025-07
TXN0660,2025-02-12,CUST0242,AGT0044,Dodoma,Receive,"48,929 ","478,708 ","398,697 ",USSD,19,0,0,0,11,1,110,High Risk,2025-02
TXN0661,2025-06-14,CUST0087,AGT0119,Arusha,Send,"345,438 ","835,625 ",0 ,Feature Phone,14,0,0,1,5,1,70,High Risk,2025-06
TXN0662,2025-05-23,CUST0364,AGT0148,Dodoma,PayBill,"413,954 ","440,181 ",0 ,USSD,12,0,0,1,7,1,90,High Risk,2025-05
TXN0663,2025-02-07,CUST0012,AGT0076,Dar,Deposit,"279,393 ","741,597 ",0 ,Web,11,0,0,1,12,1,140,High Risk,2025-02
TXN0664,2025-04-12,CUST0419,AGT0013,Dodoma,BuyAirtime,"157,382 ","666,605 ",0 ,Smartphone,1,0,0,0,10,1,100,High Risk,2025-04
TXN0665,2025-09-12,CUST0113,AGT0124,Mwanza,Withdraw,"307,960 ","843,655 ",0 ,Smartphone,8,0,0,1,1,0,30,Low Risk,2025-09
TXN0666,2025-06-12,CUST0425,AGT0058,Mwanza,Receive,"40,663 ","944,400 ","308,622 ",USSD,12,0,0,0,7,1,70,High Risk,2025-06
TXN0667,2025-07-16,CUST0350,AGT0181,Dodoma,Withdraw,"420,691 ","40,339 ",0 ,Web,20,0,0,1,7,1,90,High Risk,2025-07
TXN0668,2025-03-31,CUST0428,AGT0040,Mwanza,Deposit,"236,560 ","230,323 ",0 ,Feature Phone,21,0,0,1,11,1,130,High Risk,2025-03
TXN0669,2025-04-28,CUST0211,AGT0004,Mwanza,Withdraw,"395,126 ","229,856 ",0 ,Web,13,0,0,1,8,1,100,High Risk,2025-04
TXN0670,2025-02-15,CUST0495,AGT0024,Mbeya,PayBill,"254,984 ","15,430 ",0 ,USSD,6,0,0,1,10,1,120,High Risk,2025-02
TXN0671,2025-02-26,CUST0294,AGT0102,Mwanza,Send,"10,994 ","256,129 ",0 ,Smartphone,17,0,0,0,8,1,80,High Risk,2025-02
TXN0672,2025-06-05,CUST0165,AGT0089,Mbeya,Withdraw,"449,663 ","713,869 ",0 ,Web,7,0,0,1,8,1,100,High Risk,2025-06
TXN0673,2025-11-15,CUST0086,AGT0007,Arusha,Deposit,"489,339 ","325,467 ",0 ,USSD,1,0,0,1,2,0,40,Medium Risk,2025-11
TXN0674,2025-06-07,CUST0195,AGT0045,Mbeya,Deposit,"264,207 ","317,647 ",0 ,USSD,6,0,0,1,9,1,110,High Risk,2025-06
TXN0675,2025-11-01,CUST0376,AGT0116,Dar,BuyAirtime,"268,791 ","7,741 ",0 ,USSD,16,0,0,1,2,0,40,Medium Risk,2025-11
TXN0676,2025-09-05,CUST0382,AGT0189,Dodoma,Send,"142,709 ","459,773 ",0 ,Feature Phone,18,0,0,0,5,1,50,Medium Risk,2025-09
TXN0677,2025-12-20,CUST0398,AGT0074,Mbeya,Withdraw,"243,761 ","616,416 ",0 ,USSD,11,1,0,1,1,0,80,High Risk,2025-12
TXN0678,2025-09-10,CUST0201,AGT0191,Dar,Send,"322,664 ","898,462 ",0 ,Feature Phone,22,0,0,1,4,1,60,Medium Risk,2025-09
TXN0679,2025-05-29,CUST0215,AGT0148,Dar,Withdraw,"290,556 ","311,283 ",0 ,Web,15,0,0,1,6,1,80,High Risk,2025-05
TXN0680,2025-05-31,CUST0167,AGT0055,Mwanza,Withdraw,"283,917 ","65,703 ",0 ,Smartphone,8,1,0,1,7,1,140,High Risk,2025-05
TXN0681,2025-07-11,CUST0108,AGT0157,Mwanza,PayBill,"113,491 ","312,523 ",0 ,Feature Phone,9,0,0,0,6,1,60,Medium Risk,2025-07
TXN0682,2025-08-22,CUST0392,AGT0158,Dodoma,Receive,"115,322 ","111,917 ","128,892 ",Feature Phone,16,0,0,0,4,1,40,Medium Risk,2025-08
TXN0683,2025-08-28,CUST0215,AGT0158,Arusha,BuyAirtime,"407,487 ","434,119 ",0 ,USSD,12,0,0,1,4,1,60,Medium Risk,2025-08
TXN0684,2025-01-15,CUST0023,AGT0082,Dodoma,BuyAirtime,"240,432 ","393,206 ",0 ,Web,0,0,0,1,10,1,120,High Risk,2025-01
TXN0685,2025-05-05,CUST0183,AGT0023,Mwanza,Deposit,"455,562 ","197,235 ",0 ,Web,2,0,0,1,4,1,60,Medium Risk,2025-05
TXN0686,2025-10-13,CUST0330,AGT0015,Dodoma,PayBill,"152,771 ","790,496 ",0 ,USSD,23,0,0,0,2,0,20,Low Risk,2025-10
TXN0687,2025-09-14,CUST0058,AGT0113,Mbeya,Withdraw,"437,192 ","332,524 ",0 ,Web,8,0,0,1,2,0,40,Medium Risk,2025-09
TXN0688,2025-12-24,CUST0418,AGT0079,Dodoma,Send,"256,854 ","328,791 ",0 ,Web,2,0,0,1,1,0,30,Low Risk,2025-12
TXN0689,2025-11-12,CUST0248,AGT0169,Arusha,Deposit,"279,982 ","108,023 ",0 ,Smartphone,4,0,0,1,1,0,30,Low Risk,2025-11
TXN0690,2025-02-09,CUST0012,AGT0034,Mwanza,Send,"150,105 ","906,342 ",0 ,Feature Phone,7,0,0,0,10,1,100,High Risk,2025-02
TXN0691,2025-09-21,CUST0481,AGT0007,Arusha,Withdraw,"76,213 ","685,372 ",0 ,Web,5,0,0,0,2,0,20,Low Risk,2025-09
TXN0692,2025-06-01,CUST0425,AGT0120,Arusha,Deposit,"216,733 ","948,791 ",0 ,Feature Phone,2,0,0,1,8,1,100,High Risk,2025-06
TXN0693,2025-05-16,CUST0154,AGT0114,Arusha,Deposit,"266,167 ","657,728 ",0 ,Feature Phone,7,0,0,1,3,1,50,Medium Risk,2025-05
TXN0694,2025-07-05,CUST0335,AGT0165,Dodoma,Receive,"36,024 ","124,303 ","323,793 ",Feature Phone,11,0,0,0,10,1,100,High Risk,2025-07
TXN0695,2025-07-11,CUST0447,AGT0106,Dodoma,Receive,"186,028 ","494,223 ","332,593 ",Web,2,0,0,0,4,1,40,Medium Risk,2025-07
TXN0696,2025-11-08,CUST0055,AGT0109,Dar,BuyAirtime,"430,978 ","509,364 ",0 ,Web,21,0,0,1,1,0,30,Low Risk,2025-11
TXN0697,2025-07-21,CUST0115,AGT0061,Arusha,BuyAirtime,"122,720 ","760,514 ",0 ,Smartphone,1,0,0,0,5,1,50,Medium Risk,2025-07
TXN0698,2025-02-10,CUST0022,AGT0041,Mbeya,Receive,"174,446 ","705,845 ","203,773 ",Smartphone,15,0,0,0,11,1,110,High Risk,2025-02
TXN0699,2025-07-19,CUST0226,AGT0193,Arusha,BuyAirtime,"426,539 ","501,476 ",0 ,Smartphone,13,0,0,1,8,1,100,High Risk,2025-07
TXN0700,2025-04-28,CUST0372,AGT0030,Arusha,Receive,"382,354 ","131,244 ","249,057 ",Smartphone,23,0,0,1,9,1,110,High Risk,2025-04
TXN0701,2025-04-25,CUST0323,AGT0098,Mbeya,Deposit,"50,046 ","330,868 ",0 ,USSD,6,1,0,0,14,1,190,High Risk,2025-04
TXN0702,2025-09-18,CUST0486,AGT0026,Arusha,BuyAirtime,"385,251 ","577,123 ",0 ,Smartphone,21,0,0,1,3,1,50,Medium Risk,2025-09
TXN0703,2025-11-30,CUST0088,AGT0046,Arusha,Deposit,"293,485 ","178,209 ",0 ,Smartphone,21,0,0,1,1,0,30,Low Risk,2025-11
TXN0704,2025-09-30,CUST0129,AGT0054,Mbeya,Deposit,"321,011 ","821,454 ",0 ,Web,4,0,0,1,3,1,50,Medium Risk,2025-09
TXN0705,2025-07-15,CUST0004,AGT0090,Mwanza,BuyAirtime,"380,023 ","625,491 ",0 ,Web,11,0,0,1,3,1,50,Medium Risk,2025-07
TXN0706,2025-01-02,CUST0388,AGT0023,Dodoma,Receive,"247,057 ","824,988 ","157,511 ",Web,8,0,0,1,12,1,140,High Risk,2025-01
TXN0707,2025-10-01,CUST0015,AGT0135,Arusha,Deposit,"179,726 ","593,090 ",0 ,Smartphone,1,0,0,0,4,1,40,Medium Risk,2025-10
TXN0708,2025-04-11,CUST0388,AGT0152,Mwanza,PayBill,"177,518 ","749,165 ",0 ,USSD,11,0,0,0,9,1,90,High Risk,2025-04
TXN0709,2025-10-17,CUST0095,AGT0037,Dodoma,PayBill,"231,203 ","230,732 ",0 ,Web,9,0,0,1,3,1,50,Medium Risk,2025-10
TXN0710,2025-08-16,CUST0488,AGT0143,Mwanza,Deposit,"34,019 ","553,848 ",0 ,Smartphone,22,0,0,0,10,1,100,High Risk,2025-08
TXN0711,2025-07-02,CUST0025,AGT0052,Mbeya,Withdraw,"252,407 ","436,195 ",0 ,USSD,3,0,0,1,1,0,30,Low Risk,2025-07
TXN0712,2025-03-11,CUST0085,AGT0030,Arusha,Send,"200,666 ","64,301 ",0 ,Smartphone,23,0,0,1,9,1,110,High Risk,2025-03
TXN0713,2025-11-21,CUST0232,AGT0179,Dodoma,PayBill,"105,652 ","336,855 ",0 ,USSD,12,0,0,0,1,0,10,Low Risk,2025-11
TXN0714,2025-07-05,CUST0295,AGT0193,Mbeya,Receive,"251,126 ","830,271 ","143,469 ",Web,23,0,0,1,7,1,90,High Risk,2025-07
TXN0715,2025-10-13,CUST0440,AGT0123,Dodoma,Withdraw,"399,665 ","783,395 ",0 ,USSD,1,0,0,1,4,1,60,Medium Risk,2025-10
TXN0716,2025-07-09,CUST0234,AGT0175,Dar,Deposit,"5,091 ","152,705 ",0 ,Web,12,0,0,0,2,0,20,Low Risk,2025-07
TXN0717,2025-05-24,CUST0033,AGT0061,Mwanza,Deposit,"201,933 ","621,301 ",0 ,Smartphone,15,0,0,1,9,1,110,High Risk,2025-05
TXN0718,2025-04-18,CUST0064,AGT0112,Mbeya,Deposit,"197,626 ","295,683 ",0 ,USSD,7,0,0,0,8,1,80,High Risk,2025-04
TXN0719,2025-03-30,CUST0428,AGT0169,Mwanza,Deposit,"192,111 ","906,061 ",0 ,USSD,5,0,0,0,12,1,120,High Risk,2025-03
TXN0720,2025-12-26,CUST0366,AGT0190,Mwanza,Deposit,"321,004 ","738,693 ",0 ,Smartphone,10,0,0,1,1,0,30,Low Risk,2025-12
TXN0721,2025-12-29,CUST0049,AGT0143,Dodoma,PayBill,"275,829 ","524,877 ",0 ,USSD,2,0,0,1,1,0,30,Low Risk,2025-12
TXN0722,2025-11-17,CUST0303,AGT0052,Mwanza,Deposit,"457,429 ","245,264 ",0 ,Web,15,0,0,1,3,1,50,Medium Risk,2025-11
TXN0723,2025-03-17,CUST0252,AGT0018,Mbeya,Receive,"215,761 ","241,454 ","365,493 ",Smartphone,2,0,0,1,5,1,70,High Risk,2025-03
TXN0724,2025-04-22,CUST0094,AGT0128,Dodoma,Deposit,"472,550 ","894,523 ",0 ,Smartphone,12,0,0,1,6,1,80,High Risk,2025-04
TXN0725,2025-03-27,CUST0121,AGT0048,Arusha,Deposit,"474,335 ","363,404 ",0 ,Web,22,0,0,1,6,1,80,High Risk,2025-03
TXN0726,2025-05-21,CUST0090,AGT0193,Dar,Send,"142,376 ","408,384 ",0 ,Smartphone,5,0,0,0,10,1,100,High Risk,2025-05
TXN0727,2025-09-03,CUST0077,AGT0101,Arusha,PayBill,"194,083 ","639,010 ",0 ,Web,19,0,0,0,4,1,40,Medium Risk,2025-09
TXN0728,2025-10-07,CUST0234,AGT0094,Mwanza,BuyAirtime,"30,095 ","729,357 ",0 ,Feature Phone,13,0,0,0,1,0,10,Low Risk,2025-10
TXN0729,2025-08-17,CUST0472,AGT0176,Arusha,Send,"476,367 ","238,046 ",0 ,USSD,2,1,0,1,3,1,100,High Risk,2025-08
TXN0730,2025-05-14,CUST0438,AGT0153,Dodoma,Send,"298,353 ","115,929 ",0 ,USSD,0,0,0,1,8,1,100,High Risk,2025-05
TXN0731,2025-07-24,CUST0334,AGT0178,Mbeya,BuyAirtime,"419,559 ","911,061 ",0 ,Smartphone,15,0,0,1,2,0,40,Medium Risk,2025-07
TXN0732,2025-11-17,CUST0132,AGT0070,Dodoma,BuyAirtime,"291,114 ","504,657 ",0 ,Smartphone,14,0,0,1,2,0,40,Medium Risk,2025-11
TXN0733,2025-08-05,CUST0159,AGT0130,Dar,Receive,"456,281 ","363,817 ","171,796 ",Web,8,0,0,1,6,1,80,High Risk,2025-08
TXN0734,2025-05-30,CUST0232,AGT0095,Mwanza,Receive,"22,164 ","520,953 ","477,455 ",Smartphone,2,0,0,0,6,1,60,Medium Risk,2025-05
TXN0735,2025-10-16,CUST0130,AGT0142,Dar,BuyAirtime,"174,939 ","732,476 ",0 ,Smartphone,4,0,0,0,2,0,20,Low Risk,2025-10
TXN0736,2025-03-25,CUST0156,AGT0186,Arusha,PayBill,"304,351 ","338,790 ",0 ,Smartphone,11,0,0,1,8,1,100,High Risk,2025-03
TXN0737,2025-08-18,CUST0400,AGT0184,Mbeya,BuyAirtime,"283,870 ","997,062 ",0 ,USSD,0,1,0,1,3,1,100,High Risk,2025-08
TXN0738,2025-10-31,CUST0408,AGT0129,Dar,BuyAirtime,"221,563 ","320,512 ",0 ,Smartphone,12,0,0,1,5,1,70,High Risk,2025-10
TXN0739,2025-09-03,CUST0105,AGT0047,Dodoma,Send,"321,111 ","115,890 ",0 ,Smartphone,23,0,0,1,2,0,40,Medium Risk,2025-09
TXN0740,2025-10-29,CUST0034,AGT0005,Arusha,BuyAirtime,"187,657 ","51,834 ",0 ,Smartphone,5,0,0,0,1,0,10,Low Risk,2025-10
TXN0741,2025-01-05,CUST0370,AGT0197,Mwanza,Withdraw,"326,429 ","556,200 ",0 ,Feature Phone,9,0,0,1,13,1,150,High Risk,2025-01
TXN0742,2025-01-05,CUST0099,AGT0066,Mwanza,PayBill,"217,964 ","542,285 ",0 ,Web,21,0,0,1,12,1,140,High Risk,2025-01
TXN0743,2025-06-06,CUST0146,AGT0035,Dar,BuyAirtime,"169,885 ","283,027 ",0 ,USSD,23,0,0,0,4,1,40,Medium Risk,2025-06
TXN0744,2025-04-10,CUST0399,AGT0065,Arusha,Withdraw,"262,593 ","66,555 ",0 ,USSD,17,0,0,1,5,1,70,High Risk,2025-04
TXN0745,2025-01-24,CUST0408,AGT0049,Mwanza,Deposit,"222,410 ","535,273 ",0 ,Web,10,0,0,1,15,1,170,High Risk,2025-01
TXN0746,2025-05-07,CUST0064,AGT0129,Dodoma,PayBill,"256,106 ","125,794 ",0 ,Web,10,0,0,1,6,1,80,High Risk,2025-05
TXN0747,2025-05-11,CUST0004,AGT0153,Mwanza,Deposit,"252,240 ","739,858 ",0 ,Smartphone,16,1,0,1,6,1,130,High Risk,2025-05
TXN0748,2025-08-09,CUST0388,AGT0102,Mwanza,Withdraw,"485,500 ","782,139 ",0 ,Web,19,0,0,1,4,1,60,Medium Risk,2025-08
TXN0749,2025-05-22,CUST0389,AGT0134,Mbeya,PayBill,"321,602 ","925,840 ",0 ,Web,13,0,0,1,13,1,150,High Risk,2025-05
TXN0750,2025-09-28,CUST0208,AGT0012,Arusha,Send,"357,928 ","290,277 ",0 ,Feature Phone,3,0,0,1,2,0,40,Medium Risk,2025-09
TXN0751,2025-05-18,CUST0459,AGT0195,Arusha,PayBill,"285,595 ","988,714 ",0 ,Web,6,0,0,1,8,1,100,High Risk,2025-05
TXN0752,2025-02-07,CUST0309,AGT0073,Mbeya,PayBill,"204,000 ","129,838 ",0 ,Feature Phone,6,0,0,1,14,1,160,High Risk,2025-02
TXN0753,2025-08-22,CUST0473,AGT0023,Mbeya,Receive,"281,787 ","886,626 ","18,513 ",Feature Phone,19,0,0,1,6,1,80,High Risk,2025-08
TXN0754,2025-04-26,CUST0468,AGT0193,Dodoma,Deposit,"313,375 ","219,724 ",0 ,Feature Phone,5,0,0,1,9,1,110,High Risk,2025-04
TXN0755,2025-01-08,CUST0036,AGT0040,Dodoma,Send,"171,546 ","425,980 ",0 ,Feature Phone,7,0,0,0,16,1,160,High Risk,2025-01
TXN0756,2025-10-16,CUST0086,AGT0016,Dodoma,Withdraw,"63,222 ","400,436 ",0 ,Smartphone,1,0,0,0,6,1,60,Medium Risk,2025-10
TXN0757,2025-09-02,CUST0161,AGT0121,Dodoma,PayBill,"231,210 ","673,905 ",0 ,Web,18,0,0,1,1,0,30,Low Risk,2025-09
TXN0758,2025-10-18,CUST0004,AGT0034,Dar,Withdraw,"225,530 ","747,386 ",0 ,Feature Phone,6,0,0,1,1,0,30,Low Risk,2025-10
TXN0759,2025-06-08,CUST0047,AGT0054,Dodoma,BuyAirtime,"282,050 ","653,589 ",0 ,Web,22,0,0,1,7,1,90,High Risk,2025-06
TXN0760,2025-07-09,CUST0422,AGT0043,Mbeya,BuyAirtime,"466,500 ","101,539 ",0 ,Web,9,0,0,1,5,1,70,High Risk,2025-07
TXN0761,2025-07-23,CUST0089,AGT0148,Mbeya,PayBill,"65,081 ","764,694 ",0 ,Web,10,0,0,0,5,1,50,Medium Risk,2025-07
TXN0762,2025-06-28,CUST0084,AGT0062,Mwanza,PayBill,"85,349 ","296,243 ",0 ,Web,18,0,0,0,5,1,50,Medium Risk,2025-06
TXN0763,2025-09-09,CUST0382,AGT0128,Mbeya,PayBill,"348,263 ","56,337 ",0 ,Web,14,0,0,1,4,1,60,Medium Risk,2025-09
TXN0764,2025-10-29,CUST0374,AGT0189,Arusha,BuyAirtime,"416,108 ","924,908 ",0 ,Web,20,0,0,1,2,0,40,Medium Risk,2025-10
TXN0765,2025-07-08,CUST0349,AGT0060,Dodoma,Send,"87,534 ","165,801 ",0 ,Web,1,0,0,0,4,1,40,Medium Risk,2025-07
TXN0766,2025-04-10,CUST0346,AGT0063,Mwanza,BuyAirtime,"39,331 ","247,213 ",0 ,Web,22,0,0,0,11,1,110,High Risk,2025-04
TXN0767,2025-05-07,CUST0137,AGT0060,Mbeya,Receive,"90,376 ","43,807 ","479,338 ",Feature Phone,10,0,0,0,10,1,100,High Risk,2025-05
TXN0768,2025-11-17,CUST0212,AGT0007,Mwanza,PayBill,"26,359 ","582,752 ",0 ,Feature Phone,6,1,0,0,1,0,60,Medium Risk,2025-11
TXN0769,2025-11-21,CUST0101,AGT0022,Dar,BuyAirtime,"77,976 ","987,720 ",0 ,Web,7,0,0,0,3,1,30,Low Risk,2025-11
TXN0770,2025-10-04,CUST0228,AGT0040,Mwanza,PayBill,"354,633 ","728,111 ",0 ,Feature Phone,1,0,0,1,5,1,70,High Risk,2025-10
TXN0771,2025-03-14,CUST0073,AGT0006,Arusha,Deposit,"351,624 ","595,147 ",0 ,Smartphone,2,0,0,1,10,1,120,High Risk,2025-03
TXN0772,2025-10-07,CUST0262,AGT0115,Dar,PayBill,"281,323 ","844,202 ",0 ,Web,8,0,0,1,4,1,60,Medium Risk,2025-10
TXN0773,2025-08-05,CUST0385,AGT0017,Arusha,Deposit,"256,573 ","53,179 ",0 ,USSD,7,0,0,1,5,1,70,High Risk,2025-08
TXN0774,2025-03-19,CUST0141,AGT0123,Dodoma,PayBill,"226,225 ","94,430 ",0 ,USSD,13,0,0,1,9,1,110,High Risk,2025-03
TXN0775,2025-10-06,CUST0031,AGT0025,Arusha,Send,"246,749 ","38,495 ",0 ,Feature Phone,17,0,0,1,3,1,50,Medium Risk,2025-10
TXN0776,2025-02-22,CUST0220,AGT0149,Dodoma,Receive,"226,432 ","576,586 ","440,860 ",Feature Phone,17,0,0,1,5,1,70,High Risk,2025-02
TXN0777,2025-03-13,CUST0389,AGT0158,Arusha,Receive,"166,863 ","256,862 ","356,521 ",Smartphone,17,0,0,0,17,1,170,High Risk,2025-03
TXN0778,2025-12-13,CUST0233,AGT0089,Arusha,Withdraw,"353,231 ","639,441 ",0 ,Web,16,0,0,1,1,0,30,Low Risk,2025-12
TXN0779,2025-12-27,CUST0327,AGT0180,Dar,Receive,"479,393 ","570,202 ","79,056 ",USSD,19,0,0,1,2,0,40,Medium Risk,2025-12
TXN0780,2025-02-03,CUST0229,AGT0057,Arusha,Withdraw,"250,254 ","546,008 ",0 ,Feature Phone,20,0,0,1,16,1,180,High Risk,2025-02
TXN0781,2025-10-06,CUST0048,AGT0064,Dar,Receive,"252,390 ","483,836 ","291,524 ",USSD,8,0,0,1,5,1,70,High Risk,2025-10
TXN0782,2025-03-20,CUST0259,AGT0068,Mbeya,PayBill,"63,153 ","41,959 ",0 ,Feature Phone,10,0,0,0,9,1,90,High Risk,2025-03
TXN0783,2025-11-04,CUST0035,AGT0062,Mwanza,Deposit,"287,253 ","774,242 ",0 ,Smartphone,8,0,0,1,5,1,70,High Risk,2025-11
TXN0784,2025-08-15,CUST0102,AGT0182,Dodoma,Send,"436,854 ","850,393 ",0 ,USSD,2,0,0,1,4,1,60,Medium Risk,2025-08
TXN0785,2025-03-28,CUST0181,AGT0005,Mwanza,Withdraw,"26,974 ","35,485 ",0 ,Feature Phone,17,0,0,0,6,1,60,Medium Risk,2025-03
TXN0786,2025-05-01,CUST0008,AGT0128,Mwanza,Send,"38,565 ","812,587 ",0 ,Smartphone,16,0,0,0,10,1,100,High Risk,2025-05
TXN0787,2025-05-24,CUST0425,AGT0125,Arusha,Send,"364,987 ","501,837 ",0 ,Smartphone,21,0,0,1,10,1,120,High Risk,2025-05
TXN0788,2025-01-02,CUST0456,AGT0045,Dodoma,Send,"162,584 ","344,958 ",0 ,USSD,0,0,0,0,12,1,120,High Risk,2025-01
TXN0789,2025-02-08,CUST0488,AGT0130,Mwanza,Send,"187,006 ","828,694 ",0 ,Web,14,0,0,0,17,1,170,High Risk,2025-02
TXN0790,2025-11-18,CUST0331,AGT0056,Dodoma,Send,"489,858 ","938,718 ",0 ,Feature Phone,19,0,0,1,1,0,30,Low Risk,2025-11
TXN0791,2025-09-04,CUST0464,AGT0125,Dodoma,Send,"282,927 ","141,193 ",0 ,USSD,19,0,0,1,4,1,60,Medium Risk,2025-09
TXN0792,2025-02-01,CUST0348,AGT0040,Dar,BuyAirtime,"58,909 ","35,471 ",0 ,Smartphone,18,0,0,0,11,1,110,High Risk,2025-02
TXN0793,2025-05-17,CUST0241,AGT0142,Mwanza,Receive,"16,754 ","288,103 ","1,748 ",Web,1,0,0,0,5,1,50,Medium Risk,2025-05
TXN0794,2025-04-29,CUST0466,AGT0115,Dodoma,BuyAirtime,"367,022 ","789,235 ",0 ,Feature Phone,2,0,0,1,7,1,90,High Risk,2025-04
TXN0795,2025-11-22,CUST0109,AGT0078,Dar,Withdraw,"458,511 ","113,024 ",0 ,Smartphone,5,0,0,1,2,0,40,Medium Risk,2025-11
TXN0796,2025-05-08,CUST0077,AGT0040,Dar,Deposit,"345,845 ","645,341 ",0 ,Feature Phone,20,0,0,1,7,1,90,High Risk,2025-05
TXN0797,2025-09-14,CUST0360,AGT0158,Mbeya,Send,"320,988 ","870,914 ",0 ,Feature Phone,23,0,0,1,5,1,70,High Risk,2025-09
TXN0798,2025-02-07,CUST0103,AGT0018,Arusha,Withdraw,"410,531 ","751,683 ",0 ,Smartphone,12,0,0,1,6,1,80,High Risk,2025-02
TXN0799,2025-02-11,CUST0319,AGT0117,Arusha,BuyAirtime,"250,016 ","667,999 ",0 ,Smartphone,11,0,0,1,12,1,140,High Risk,2025-02
TXN0800,2025-10-28,CUST0001,AGT0091,Dodoma,PayBill,"467,091 ","139,212 ",0 ,Feature Phone,12,0,0,1,2,0,40,Medium Risk,2025-10
TXN0801,2025-10-25,CUST0281,AGT0038,Dodoma,PayBill,"227,425 ","928,439 ",0 ,Smartphone,4,0,0,1,3,1,50,Medium Risk,2025-10
TXN0802,2025-06-14,CUST0076,AGT0194,Dodoma,BuyAirtime,"227,172 ","101,363 ",0 ,Web,1,0,0,1,6,1,80,High Risk,2025-06
TXN0803,2025-04-05,CUST0413,AGT0060,Dodoma,BuyAirtime,"4,184 ","145,292 ",0 ,Feature Phone,0,0,0,0,9,1,90,High Risk,2025-04
TXN0804,2025-04-14,CUST0075,AGT0083,Arusha,BuyAirtime,"336,263 ","28,285 ",0 ,Feature Phone,6,0,0,1,5,1,70,High Risk,2025-04
TXN0805,2025-08-06,CUST0263,AGT0056,Dodoma,Receive,"252,473 ","808,846 ","212,422 ",Feature Phone,22,0,0,1,8,1,100,High Risk,2025-08
TXN0806,2025-11-25,CUST0205,AGT0036,Dodoma,Receive,"146,607 ","269,535 ","204,767 ",Smartphone,21,0,0,0,1,0,10,Low Risk,2025-11
TXN0807,2025-07-25,CUST0343,AGT0166,Dodoma,Send,"212,068 ","878,944 ",0 ,Web,1,0,0,1,3,1,50,Medium Risk,2025-07
TXN0808,2025-05-17,CUST0065,AGT0075,Dar,Send,"25,749 ","186,973 ",0 ,USSD,2,0,0,0,15,1,150,High Risk,2025-05
TXN0809,2025-05-05,CUST0084,AGT0123,Dodoma,PayBill,"450,265 ","472,730 ",0 ,USSD,5,0,0,1,9,1,110,High Risk,2025-05
TXN0810,2025-01-29,CUST0489,AGT0021,Dodoma,Deposit,"299,418 ","447,014 ",0 ,USSD,18,0,0,1,7,1,90,High Risk,2025-01
TXN0811,2025-08-24,CUST0445,AGT0172,Mbeya,BuyAirtime,"184,618 ","76,898 ",0 ,Web,13,0,0,0,5,1,50,Medium Risk,2025-08
TXN0812,2025-08-09,CUST0140,AGT0030,Mbeya,BuyAirtime,"347,317 ","790,068 ",0 ,Web,8,0,0,1,7,1,90,High Risk,2025-08
TXN0813,2025-07-22,CUST0260,AGT0012,Arusha,Receive,"94,023 ","731,269 ","326,929 ",USSD,4,0,0,0,5,1,50,Medium Risk,2025-07
TXN0814,2025-10-05,CUST0306,AGT0131,Mwanza,Withdraw,"138,395 ","851,629 ",0 ,Smartphone,11,0,0,0,4,1,40,Medium Risk,2025-10
TXN0815,2025-08-07,CUST0373,AGT0053,Mbeya,Send,"38,741 ","413,021 ",0 ,USSD,8,0,0,0,1,0,10,Low Risk,2025-08
TXN0816,2025-03-04,CUST0046,AGT0048,Dodoma,Send,"264,667 ","114,217 ",0 ,USSD,19,0,0,1,9,1,110,High Risk,2025-03
TXN0817,2025-12-03,CUST0255,AGT0008,Mwanza,BuyAirtime,"3,247 ","266,094 ",0 ,USSD,3,0,0,0,1,0,10,Low Risk,2025-12
TXN0818,2025-02-27,CUST0399,AGT0075,Mwanza,Withdraw,"413,425 ","90,789 ",0 ,Smartphone,8,0,0,1,6,1,80,High Risk,2025-02
TXN0819,2025-02-07,CUST0382,AGT0061,Dodoma,Deposit,"263,542 ","934,914 ",0 ,Web,8,0,0,1,10,1,120,High Risk,2025-02
TXN0820,2025-04-29,CUST0202,AGT0085,Dar,Receive,"384,654 ","646,997 ","418,302 ",Smartphone,7,0,0,1,7,1,90,High Risk,2025-04
TXN0821,2025-10-03,CUST0044,AGT0088,Mwanza,Withdraw,"178,189 ","430,677 ",0 ,USSD,4,0,0,0,5,1,50,Medium Risk,2025-10
TXN0822,2025-11-24,CUST0367,AGT0155,Mbeya,PayBill,"201,297 ","550,070 ",0 ,Web,11,0,0,1,1,0,30,Low Risk,2025-11
TXN0823,2025-03-11,CUST0466,AGT0063,Mbeya,Receive,"178,870 ","745,798 ","88,685 ",Web,14,0,0,0,9,1,90,High Risk,2025-03
TXN0824,2025-11-01,CUST0159,AGT0025,Arusha,Receive,"489,164 ","558,584 ","443,035 ",Smartphone,6,0,0,1,1,0,30,Low Risk,2025-11
TXN0825,2025-05-08,CUST0354,AGT0100,Mwanza,Send,"261,096 ","455,970 ",0 ,Web,8,0,0,1,4,1,60,Medium Risk,2025-05
TXN0826,2025-02-27,CUST0032,AGT0148,Dodoma,Receive,"273,841 ","428,341 ","309,160 ",Smartphone,19,0,0,1,11,1,130,High Risk,2025-02
TXN0827,2025-07-11,CUST0377,AGT0083,Mwanza,Receive,"139,545 ","67,510 ","11,267 ",Feature Phone,14,0,0,0,8,1,80,High Risk,2025-07
TXN0828,2025-11-03,CUST0070,AGT0148,Mwanza,PayBill,"372,584 ","398,691 ",0 ,Web,1,0,0,1,5,1,70,High Risk,2025-11
TXN0829,2025-12-30,CUST0119,AGT0134,Mwanza,Receive,"375,335 ","652,371 ","180,041 ",Smartphone,2,0,0,1,1,0,30,Low Risk,2025-12
TXN0830,2025-06-08,CUST0156,AGT0159,Dodoma,Receive,"173,486 ","416,930 ","290,055 ",USSD,3,0,0,0,6,1,60,Medium Risk,2025-06
TXN0831,2025-01-02,CUST0409,AGT0140,Dar,Withdraw,"211,218 ","537,250 ",0 ,Web,21,0,0,1,10,1,120,High Risk,2025-01
TXN0832,2025-09-30,CUST0281,AGT0144,Dar,PayBill,"371,374 ","614,704 ",0 ,USSD,17,0,0,1,5,1,70,High Risk,2025-09
TXN0833,2025-03-19,CUST0281,AGT0070,Dodoma,Send,"414,491 ","661,021 ",0 ,Feature Phone,6,0,0,1,11,1,130,High Risk,2025-03
TXN0834,2025-09-08,CUST0196,AGT0022,Dar,Receive,"389,066 ","833,162 ","477,956 ",Feature Phone,2,0,0,1,5,1,70,High Risk,2025-09
TXN0835,2025-12-12,CUST0418,AGT0057,Dodoma,Receive,"407,662 ","237,897 ","105,116 ",USSD,1,0,0,1,4,1,60,Medium Risk,2025-12
TXN0836,2025-01-24,CUST0165,AGT0107,Mbeya,Withdraw,"346,464 ","415,134 ",0 ,Feature Phone,0,0,0,1,9,1,110,High Risk,2025-01
TXN0837,2025-08-03,CUST0043,AGT0131,Mbeya,BuyAirtime,"391,317 ","842,930 ",0 ,Web,5,0,0,1,4,1,60,Medium Risk,2025-08
TXN0838,2025-07-03,CUST0038,AGT0168,Mbeya,Withdraw,"116,427 ","175,093 ",0 ,Web,14,0,0,0,6,1,60,Medium Risk,2025-07
TXN0839,2025-01-18,CUST0376,AGT0177,Arusha,BuyAirtime,"345,641 ","88,984 ",0 ,USSD,20,1,0,1,12,1,190,High Risk,2025-01
TXN0840,2025-01-09,CUST0228,AGT0001,Arusha,Withdraw,"87,270 ","880,641 ",0 ,Feature Phone,12,0,0,0,15,1,150,High Risk,2025-01
TXN0841,2025-06-18,CUST0386,AGT0190,Arusha,Deposit,"90,309 ","888,882 ",0 ,Web,17,0,0,0,5,1,50,Medium Risk,2025-06
TXN0842,2025-05-14,CUST0318,AGT0039,Dodoma,PayBill,"294,288 ","848,990 ",0 ,Feature Phone,19,0,0,1,7,1,90,High Risk,2025-05
TXN0843,2025-04-06,CUST0367,AGT0193,Mwanza,PayBill,"78,011 ","829,009 ",0 ,USSD,11,0,0,0,10,1,100,High Risk,2025-04
TXN0844,2025-12-16,CUST0134,AGT0015,Dodoma,Send,"153,711 ","611,225 ",0 ,USSD,19,0,0,0,2,0,20,Low Risk,2025-12
TXN0845,2025-07-09,CUST0282,AGT0050,Mwanza,Send,"178,202 ","836,319 ",0 ,Web,3,0,0,0,5,1,50,Medium Risk,2025-07
TXN0846,2025-12-01,CUST0168,AGT0148,Dar,Receive,"481,257 ","900,673 ","426,151 ",Smartphone,4,0,0,1,2,0,40,Medium Risk,2025-12
TXN0847,2025-04-21,CUST0432,AGT0108,Mwanza,BuyAirtime,"181,648 ","617,542 ",0 ,Feature Phone,8,0,0,0,10,1,100,High Risk,2025-04
TXN0848,2025-04-02,CUST0095,AGT0152,Mwanza,Receive,"5,473 ","126,869 ","147,564 ",Feature Phone,10,0,0,0,13,1,130,High Risk,2025-04
TXN0849,2025-06-18,CUST0265,AGT0129,Dodoma,BuyAirtime,"381,002 ","995,245 ",0 ,Smartphone,5,0,0,1,9,1,110,High Risk,2025-06
TXN0850,2025-12-18,CUST0296,AGT0028,Dar,Withdraw,"378,860 ","398,499 ",0 ,Feature Phone,9,0,0,1,1,0,30,Low Risk,2025-12
TXN0851,2025-11-30,CUST0031,AGT0086,Dodoma,Receive,"155,498 ","564,818 ","220,709 ",Feature Phone,19,0,0,0,2,0,20,Low Risk,2025-11
TXN0852,2025-10-03,CUST0389,AGT0172,Arusha,Receive,"37,201 ","385,461 ","372,694 ",Smartphone,7,0,0,0,8,1,80,High Risk,2025-10
TXN0853,2025-08-25,CUST0123,AGT0167,Dar,Receive,"479,100 ","945,859 ","219,291 ",USSD,5,0,0,1,4,1,60,Medium Risk,2025-08
TXN0854,2025-12-16,CUST0271,AGT0131,Dar,Send,"153,582 ","236,194 ",0 ,Feature Phone,19,0,0,0,2,0,20,Low Risk,2025-12
TXN0855,2025-05-10,CUST0419,AGT0106,Arusha,Receive,"429,242 ","118,556 ","305,968 ",USSD,4,0,0,1,7,1,90,High Risk,2025-05
TXN0856,2025-03-31,CUST0235,AGT0093,Dar,PayBill,"473,602 ","935,906 ",0 ,Smartphone,23,0,0,1,11,1,130,High Risk,2025-03
TXN0857,2025-11-15,CUST0160,AGT0159,Arusha,BuyAirtime,"319,439 ","230,879 ",0 ,Web,23,0,0,1,1,0,30,Low Risk,2025-11
TXN0858,2025-01-09,CUST0427,AGT0173,Arusha,Receive,"153,617 ","304,459 ","46,957 ",Smartphone,12,0,0,0,13,1,130,High Risk,2025-01
TXN0859,2025-09-05,CUST0463,AGT0172,Arusha,Deposit,"9,589 ","319,110 ",0 ,Smartphone,3,0,0,0,4,1,40,Medium Risk,2025-09
TXN0860,2025-06-18,CUST0468,AGT0110,Arusha,Receive,"366,097 ","210,290 ","366,601 ",Smartphone,8,1,0,1,7,1,140,High Risk,2025-06
TXN0861,2025-04-01,CUST0194,AGT0160,Dar,Receive,"58,822 ","619,887 ","486,439 ",USSD,12,0,0,0,5,1,50,Medium Risk,2025-04
TXN0862,2025-10-28,CUST0496,AGT0168,Dodoma,PayBill,"379,723 ","335,010 ",0 ,Web,2,0,0,1,4,1,60,Medium Risk,2025-10
TXN0863,2025-04-25,CUST0319,AGT0123,Dodoma,Deposit,"253,390 ","364,663 ",0 ,Web,1,0,0,1,10,1,120,High Risk,2025-04
TXN0864,2025-07-03,CUST0426,AGT0004,Mbeya,Withdraw,"245,707 ","196,549 ",0 ,Web,17,0,0,1,4,1,60,Medium Risk,2025-07
TXN0865,2025-12-08,CUST0063,AGT0144,Mbeya,Send,"207,200 ","257,625 ",0 ,USSD,5,0,0,1,1,0,30,Low Risk,2025-12
TXN0866,2025-07-05,CUST0045,AGT0016,Mwanza,PayBill,"106,712 ","527,303 ",0 ,USSD,8,0,0,0,9,1,90,High Risk,2025-07
TXN0867,2025-01-02,CUST0369,AGT0113,Mwanza,BuyAirtime,"242,565 ","263,718 ",0 ,Smartphone,0,0,0,1,7,1,90,High Risk,2025-01
TXN0868,2025-08-11,CUST0158,AGT0039,Arusha,BuyAirtime,"51,152 ","928,536 ",0 ,Smartphone,18,0,0,0,5,1,50,Medium Risk,2025-08
TXN0869,2025-01-11,CUST0166,AGT0020,Mwanza,BuyAirtime,"110,077 ","67,198 ",0 ,Feature Phone,13,0,0,0,17,1,170,High Risk,2025-01
TXN0870,2025-10-24,CUST0413,AGT0036,Dar,Deposit,"421,383 ","745,550 ",0 ,Feature Phone,2,0,0,1,3,1,50,Medium Risk,2025-10
TXN0871,2025-07-23,CUST0337,AGT0066,Mbeya,Receive,"114,783 ","564,936 ","300,251 ",Feature Phone,20,0,0,0,4,1,40,Medium Risk,2025-07
TXN0872,2025-05-07,CUST0305,AGT0157,Arusha,Withdraw,"383,623 ","528,035 ",0 ,Feature Phone,2,0,0,1,11,1,130,High Risk,2025-05
TXN0873,2025-08-28,CUST0007,AGT0149,Dodoma,PayBill,"157,728 ","903,019 ",0 ,Smartphone,4,0,0,0,4,1,40,Medium Risk,2025-08
TXN0874,2025-11-16,CUST0015,AGT0044,Mwanza,Deposit,"437,269 ","398,561 ",0 ,Web,13,0,0,1,2,0,40,Medium Risk,2025-11
TXN0875,2025-06-22,CUST0367,AGT0073,Dar,PayBill,"461,356 ","15,236 ",0 ,Smartphone,6,0,0,1,5,1,70,High Risk,2025-06
TXN0876,2025-07-31,CUST0005,AGT0152,Mwanza,Send,"136,720 ","617,191 ",0 ,Web,13,0,0,0,7,1,70,High Risk,2025-07
TXN0877,2025-10-20,CUST0475,AGT0037,Dar,PayBill,"152,367 ","601,591 ",0 ,USSD,6,0,0,0,3,1,30,Low Risk,2025-10
TXN0878,2025-05-25,CUST0023,AGT0045,Dodoma,Deposit,"460,488 ","410,975 ",0 ,Feature Phone,3,0,0,1,5,1,70,High Risk,2025-05
TXN0879,2025-11-15,CUST0273,AGT0095,Arusha,Withdraw,"44,025 ","424,782 ",0 ,USSD,13,0,0,0,3,1,30,Low Risk,2025-11
TXN0880,2025-04-02,CUST0099,AGT0124,Arusha,Receive,"88,099 ","527,264 ","391,863 ",Smartphone,12,0,0,0,9,1,90,High Risk,2025-04
TXN0881,2025-03-10,CUST0281,AGT0082,Dar,Receive,"431,037 ","520,296 ","174,238 ",Smartphone,5,0,0,1,12,1,140,High Risk,2025-03
TXN0882,2025-03-31,CUST0278,AGT0065,Mbeya,BuyAirtime,"199,639 ","315,493 ",0 ,Feature Phone,3,0,0,0,9,1,90,High Risk,2025-03
TXN0883,2025-09-27,CUST0182,AGT0107,Mwanza,PayBill,"121,365 ","159,001 ",0 ,Smartphone,2,0,0,0,5,1,50,Medium Risk,2025-09
TXN0884,2025-06-04,CUST0218,AGT0184,Arusha,PayBill,"251,641 ","633,201 ",0 ,USSD,4,0,0,1,8,1,100,High Risk,2025-06
TXN0885,2025-04-04,CUST0206,AGT0195,Mbeya,BuyAirtime,"419,266 ","69,908 ",0 ,Smartphone,14,0,0,1,11,1,130,High Risk,2025-04
TXN0886,2025-09-25,CUST0035,AGT0100,Dar,Withdraw,"296,785 ","719,272 ",0 ,Smartphone,15,0,0,1,6,1,80,High Risk,2025-09
TXN0887,2025-09-18,CUST0075,AGT0144,Mwanza,BuyAirtime,"338,935 ","764,748 ",0 ,USSD,1,0,0,1,3,1,50,Medium Risk,2025-09
TXN0888,2025-08-10,CUST0469,AGT0082,Dodoma,PayBill,"337,363 ","244,752 ",0 ,Web,17,0,0,1,3,1,50,Medium Risk,2025-08
TXN0889,2025-10-22,CUST0391,AGT0197,Dodoma,Deposit,"274,741 ","805,024 ",0 ,Web,9,0,0,1,3,1,50,Medium Risk,2025-10
TXN0890,2025-04-03,CUST0452,AGT0057,Dodoma,Receive,"330,431 ","551,912 ","115,212 ",Web,4,0,0,1,8,1,100,High Risk,2025-04
TXN0891,2025-12-27,CUST0191,AGT0178,Mwanza,PayBill,"353,521 ","257,726 ",0 ,Smartphone,3,0,0,1,1,0,30,Low Risk,2025-12
TXN0892,2025-01-12,CUST0271,AGT0091,Arusha,Withdraw,"370,088 ","991,814 ",0 ,USSD,6,0,0,1,8,1,100,High Risk,2025-01
TXN0893,2025-12-08,CUST0122,AGT0174,Dar,Deposit,"410,599 ","553,488 ",0 ,Web,23,0,0,1,1,0,30,Low Risk,2025-12
TXN0894,2025-09-16,CUST0218,AGT0045,Mbeya,PayBill,"396,276 ","750,333 ",0 ,USSD,3,0,0,1,4,1,60,Medium Risk,2025-09
TXN0895,2025-11-09,CUST0445,AGT0082,Mwanza,BuyAirtime,"83,271 ","985,326 ",0 ,USSD,6,0,0,0,2,0,20,Low Risk,2025-11
TXN0896,2025-07-03,CUST0080,AGT0122,Dar,Receive,"451,447 ","930,906 ","186,379 ",USSD,11,0,0,1,6,1,80,High Risk,2025-07
TXN0897,2025-09-06,CUST0448,AGT0182,Dodoma,PayBill,"436,717 ","842,157 ",0 ,USSD,16,0,0,1,5,1,70,High Risk,2025-09
TXN0898,2025-12-10,CUST0350,AGT0190,Mwanza,BuyAirtime,"414,015 ","409,026 ",0 ,Smartphone,11,0,0,1,1,0,30,Low Risk,2025-12
TXN0899,2025-10-29,CUST0446,AGT0088,Mwanza,Deposit,"312,320 ","962,679 ",0 ,Smartphone,14,0,0,1,1,0,30,Low Risk,2025-10
TXN0900,2025-05-04,CUST0206,AGT0099,Dodoma,Withdraw,"317,060 ","361,352 ",0 ,Smartphone,9,0,0,1,8,1,100,High Risk,2025-05
TXN0901,2025-05-23,CUST0297,AGT0167,Mbeya,BuyAirtime,"430,428 ","789,222 ",0 ,Feature Phone,21,0,0,1,7,1,90,High Risk,2025-05
TXN0902,2025-01-05,CUST0265,AGT0089,Mwanza,Send,"48,474 ","762,043 ",0 ,Smartphone,16,0,0,0,11,1,110,High Risk,2025-01
TXN0903,2025-09-18,CUST0021,AGT0036,Arusha,Receive,"61,614 ","767,969 ","212,866 ",Web,1,0,0,0,4,1,40,Medium Risk,2025-09
TXN0904,2025-06-12,CUST0499,AGT0150,Mbeya,Receive,"306,575 ","961,019 ","456,141 ",Feature Phone,1,0,0,1,6,1,80,High Risk,2025-06
TXN0905,2025-03-28,CUST0184,AGT0059,Mbeya,Deposit,"438,841 ","961,613 ",0 ,Smartphone,5,0,0,1,7,1,90,High Risk,2025-03
TXN0906,2025-11-24,CUST0470,AGT0083,Mbeya,Receive,"129,162 ","48,261 ","166,800 ",USSD,2,0,0,0,1,0,10,Low Risk,2025-11
TXN0907,2025-11-20,CUST0298,AGT0080,Mbeya,BuyAirtime,"175,981 ","555,571 ",0 ,Feature Phone,12,0,0,0,2,0,20,Low Risk,2025-11
TXN0908,2025-03-06,CUST0015,AGT0099,Dar,Send,"392,541 ","546,587 ",0 ,Web,5,0,0,1,11,1,130,High Risk,2025-03
TXN0909,2025-03-27,CUST0436,AGT0067,Mwanza,Receive,"246,827 ","191,079 ","81,261 ",Smartphone,18,0,0,1,8,1,100,High Risk,2025-03
TXN0910,2025-03-29,CUST0111,AGT0185,Dar,Withdraw,"226,425 ","579,064 ",0 ,Web,3,0,0,1,8,1,100,High Risk,2025-03
TXN0911,2025-08-28,CUST0444,AGT0046,Arusha,Deposit,"188,123 ","286,278 ",0 ,Web,3,0,0,0,3,1,30,Low Risk,2025-08
TXN0912,2025-06-28,CUST0484,AGT0191,Mbeya,BuyAirtime,"275,934 ","537,819 ",0 ,USSD,20,0,0,1,12,1,140,High Risk,2025-06
TXN0913,2025-02-18,CUST0232,AGT0049,Dar,Receive,"294,857 ","389,670 ","149,681 ",Feature Phone,18,0,0,1,11,1,130,High Risk,2025-02
TXN0914,2025-11-11,CUST0143,AGT0177,Arusha,BuyAirtime,"105,691 ","465,949 ",0 ,Smartphone,17,0,0,0,4,1,40,Medium Risk,2025-11
TXN0915,2025-04-05,CUST0351,AGT0099,Mwanza,BuyAirtime,"183,039 ","266,860 ",0 ,Smartphone,20,0,0,0,6,1,60,Medium Risk,2025-04
TXN0916,2025-10-04,CUST0288,AGT0143,Mbeya,Withdraw,"423,998 ","282,692 ",0 ,Web,18,0,0,1,3,1,50,Medium Risk,2025-10
TXN0917,2025-12-08,CUST0387,AGT0152,Mbeya,Withdraw,"55,766 ","572,907 ",0 ,Feature Phone,10,0,0,0,1,0,10,Low Risk,2025-12
TXN0918,2025-10-28,CUST0033,AGT0122,Dodoma,Deposit,"6,725 ","692,837 ",0 ,Smartphone,11,0,0,0,3,1,30,Low Risk,2025-10
TXN0919,2025-04-18,CUST0232,AGT0023,Dodoma,Receive,"244,008 ","319,768 ","243,191 ",Smartphone,16,0,0,1,8,1,100,High Risk,2025-04
TXN0920,2025-05-23,CUST0378,AGT0157,Dodoma,Withdraw,"227,653 ","161,227 ",0 ,Smartphone,15,0,0,1,6,1,80,High Risk,2025-05
TXN0921,2025-06-30,CUST0330,AGT0117,Mwanza,Deposit,"378,719 ","547,792 ",0 ,USSD,7,0,0,1,7,1,90,High Risk,2025-06
TXN0922,2025-12-10,CUST0140,AGT0132,Arusha,Withdraw,"489,574 ","711,318 ",0 ,USSD,6,0,0,1,1,0,30,Low Risk,2025-12
TXN0923,2025-06-29,CUST0316,AGT0164,Mbeya,PayBill,"362,395 ","360,002 ",0 ,USSD,15,0,0,1,2,0,40,Medium Risk,2025-06
TXN0924,2025-07-28,CUST0026,AGT0079,Arusha,Withdraw,"243,428 ","972,223 ",0 ,Feature Phone,6,0,0,1,3,1,50,Medium Risk,2025-07
TXN0925,2025-05-17,CUST0119,AGT0004,Mbeya,Send,"10,358 ","916,783 ",0 ,Web,3,0,0,0,7,1,70,High Risk,2025-05
TXN0926,2025-09-25,CUST0148,AGT0096,Mbeya,PayBill,"316,120 ","235,590 ",0 ,Web,7,0,0,1,2,0,40,Medium Risk,2025-09
TXN0927,2025-04-26,CUST0112,AGT0065,Dar,Send,"154,771 ","257,881 ",0 ,Feature Phone,13,0,0,0,8,1,80,High Risk,2025-04
TXN0928,2025-04-01,CUST0233,AGT0168,Arusha,PayBill,"103,165 ","69,371 ",0 ,Web,21,0,0,0,10,1,100,High Risk,2025-04
TXN0929,2025-05-28,CUST0393,AGT0166,Mwanza,PayBill,"153,927 ","777,220 ",0 ,USSD,15,0,0,0,5,1,50,Medium Risk,2025-05
TXN0930,2025-03-02,CUST0209,AGT0180,Dar,Receive,"439,502 ","714,067 ","5,917 ",Web,20,0,0,1,11,1,130,High Risk,2025-03
TXN0931,2025-01-28,CUST0202,AGT0064,Mbeya,Receive,"47,088 ","209,281 ","148,656 ",Feature Phone,13,0,0,0,9,1,90,High Risk,2025-01
TXN0932,2025-09-09,CUST0331,AGT0137,Arusha,Deposit,"488,503 ","235,826 ",0 ,Web,1,0,0,1,2,0,40,Medium Risk,2025-09
TXN0933,2025-06-02,CUST0262,AGT0061,Dodoma,Withdraw,"452,689 ","869,935 ",0 ,Smartphone,2,0,0,1,7,1,90,High Risk,2025-06
TXN0934,2025-03-09,CUST0222,AGT0169,Dodoma,Send,"427,519 ","87,876 ",0 ,Web,20,0,0,1,11,1,130,High Risk,2025-03
TXN0935,2025-06-22,CUST0210,AGT0095,Mbeya,PayBill,"164,294 ","391,637 ",0 ,Feature Phone,20,0,0,0,7,1,70,High Risk,2025-06
TXN0936,2025-08-04,CUST0248,AGT0008,Mwanza,BuyAirtime,"137,897 ","513,281 ",0 ,Feature Phone,15,0,0,0,4,1,40,Medium Risk,2025-08
TXN0937,2025-07-09,CUST0419,AGT0077,Dar,BuyAirtime,"157,490 ","368,893 ",0 ,Web,7,0,0,0,4,1,40,Medium Risk,2025-07
TXN0938,2025-09-14,CUST0452,AGT0005,Arusha,Send,"354,446 ","498,654 ",0 ,USSD,8,0,0,1,1,0,30,Low Risk,2025-09
TXN0939,2025-11-08,CUST0036,AGT0107,Mbeya,BuyAirtime,"21,163 ","465,952 ",0 ,Feature Phone,3,0,0,0,3,1,30,Low Risk,2025-11
TXN0940,2025-03-03,CUST0052,AGT0195,Dar,Send,"496,424 ","338,238 ",0 ,USSD,0,0,0,1,9,1,110,High Risk,2025-03
TXN0941,2025-05-02,CUST0214,AGT0193,Mbeya,Send,"435,747 ","519,263 ",0 ,Feature Phone,4,0,0,1,2,0,40,Medium Risk,2025-05
TXN0942,2025-12-16,CUST0192,AGT0119,Arusha,Withdraw,"75,815 ","341,778 ",0 ,USSD,11,0,0,0,3,1,30,Low Risk,2025-12
TXN0943,2025-06-19,CUST0180,AGT0073,Mwanza,BuyAirtime,"203,303 ","822,783 ",0 ,Feature Phone,6,0,0,1,6,1,80,High Risk,2025-06
TXN0944,2025-09-16,CUST0163,AGT0146,Mbeya,Withdraw,"470,969 ","455,676 ",0 ,USSD,16,0,0,1,7,1,90,High Risk,2025-09
TXN0945,2025-06-13,CUST0265,AGT0199,Arusha,PayBill,"427,755 ","384,832 ",0 ,Web,4,0,0,1,10,1,120,High Risk,2025-06
TXN0946,2025-07-01,CUST0254,AGT0069,Dodoma,PayBill,"498,367 ","874,913 ",0 ,Feature Phone,10,0,0,1,6,1,80,High Risk,2025-07
TXN0947,2025-08-28,CUST0065,AGT0060,Mwanza,Receive,"238,853 ","142,289 ","6,284 ",Web,20,0,0,1,8,1,100,High Risk,2025-08
TXN0948,2025-01-08,CUST0091,AGT0045,Mwanza,Receive,"294,095 ","927,745 ","439,290 ",Web,12,0,0,1,14,1,160,High Risk,2025-01
TXN0949,2025-05-26,CUST0030,AGT0196,Arusha,Deposit,"447,232 ","949,475 ",0 ,Feature Phone,17,0,0,1,4,1,60,Medium Risk,2025-05
TXN0950,2025-10-30,CUST0338,AGT0183,Mwanza,PayBill,"126,909 ","486,234 ",0 ,USSD,3,0,0,0,2,0,20,Low Risk,2025-10
TXN0951,2025-07-01,CUST0452,AGT0066,Mbeya,BuyAirtime,"408,069 ","640,455 ",0 ,USSD,2,0,0,1,5,1,70,High Risk,2025-07
TXN0952,2025-07-28,CUST0167,AGT0095,Mwanza,BuyAirtime,"270,235 ","447,756 ",0 ,Feature Phone,23,0,0,1,3,1,50,Medium Risk,2025-07
TXN0953,2025-08-18,CUST0363,AGT0104,Dodoma,Withdraw,"225,036 ","738,765 ",0 ,USSD,13,0,0,1,2,0,40,Medium Risk,2025-08
TXN0954,2025-06-18,CUST0184,AGT0144,Dar,Deposit,"150,882 ","827,706 ",0 ,USSD,12,0,0,0,5,1,50,Medium Risk,2025-06
TXN0955,2025-03-23,CUST0056,AGT0066,Mwanza,BuyAirtime,"455,677 ","686,435 ",0 ,USSD,22,0,0,1,13,1,150,High Risk,2025-03
TXN0956,2025-07-02,CUST0177,AGT0158,Mwanza,Receive,"443,576 ","101,093 ","100,198 ",USSD,8,0,0,1,8,1,100,High Risk,2025-07
TXN0957,2025-10-30,CUST0440,AGT0162,Arusha,Send,"316,821 ","608,709 ",0 ,USSD,19,0,0,1,2,0,40,Medium Risk,2025-10
TXN0958,2025-06-23,CUST0358,AGT0111,Arusha,Deposit,"49,875 ","480,239 ",0 ,Smartphone,15,0,0,0,6,1,60,Medium Risk,2025-06
TXN0959,2025-09-09,CUST0014,AGT0078,Dodoma,Send,"434,461 ","108,531 ",0 ,Smartphone,1,0,0,1,8,1,100,High Risk,2025-09
TXN0960,2025-11-10,CUST0129,AGT0116,Arusha,PayBill,"42,999 ","543,857 ",0 ,Smartphone,19,0,0,0,1,0,10,Low Risk,2025-11
TXN0961,2025-08-02,CUST0030,AGT0078,Dar,PayBill,"357,524 ","37,644 ",0 ,Web,12,0,0,1,3,1,50,Medium Risk,2025-08
TXN0962,2025-06-23,CUST0225,AGT0024,Dodoma,Deposit,"285,239 ","648,413 ",0 ,USSD,4,0,0,1,5,1,70,High Risk,2025-06
TXN0963,2025-01-11,CUST0311,AGT0110,Arusha,Withdraw,"150,113 ","342,674 ",0 ,Smartphone,7,0,0,0,6,1,60,Medium Risk,2025-01
TXN0964,2025-12-15,CUST0478,AGT0135,Dar,Withdraw,"61,974 ","230,952 ",0 ,USSD,21,0,0,0,2,0,20,Low Risk,2025-12
TXN0965,2025-08-27,CUST0488,AGT0183,Mwanza,Withdraw,"113,333 ","766,318 ",0 ,Smartphone,21,0,0,0,8,1,80,High Risk,2025-08
TXN0966,2025-01-03,CUST0007,AGT0144,Mbeya,Deposit,"436,530 ","646,759 ",0 ,USSD,7,0,0,1,7,1,90,High Risk,2025-01
TXN0967,2025-11-14,CUST0032,AGT0035,Arusha,Deposit,"49,356 ","694,383 ",0 ,Web,18,0,0,0,2,0,20,Low Risk,2025-11
TXN0968,2025-09-23,CUST0498,AGT0058,Dodoma,Withdraw,"349,053 ","731,138 ",0 ,USSD,9,0,0,1,5,1,70,High Risk,2025-09
TXN0969,2025-05-15,CUST0256,AGT0153,Arusha,BuyAirtime,"70,285 ","183,640 ",0 ,USSD,16,0,0,0,7,1,70,High Risk,2025-05
TXN0970,2025-07-02,CUST0377,AGT0126,Dar,Deposit,"393,256 ","266,201 ",0 ,Feature Phone,7,0,0,1,9,1,110,High Risk,2025-07
TXN0971,2025-11-11,CUST0174,AGT0040,Dar,Send,"300,666 ","352,842 ",0 ,USSD,12,0,0,1,3,1,50,Medium Risk,2025-11
TXN0972,2025-07-18,CUST0283,AGT0167,Arusha,Withdraw,"187,262 ","993,859 ",0 ,Feature Phone,20,0,0,0,7,1,70,High Risk,2025-07
TXN0973,2025-06-09,CUST0297,AGT0053,Mbeya,Receive,"258,159 ","464,974 ","14,182 ",Smartphone,22,0,0,1,6,1,80,High Risk,2025-06
TXN0974,2025-06-11,CUST0420,AGT0099,Dar,PayBill,"135,015 ","315,719 ",0 ,Feature Phone,2,0,0,0,7,1,70,High Risk,2025-06
TXN0975,2025-04-11,CUST0330,AGT0051,Arusha,PayBill,"448,151 ","973,684 ",0 ,Web,18,0,0,1,11,1,130,High Risk,2025-04
TXN0976,2025-04-10,CUST0059,AGT0168,Dodoma,Deposit,"232,147 ","162,545 ",0 ,Web,1,0,0,1,6,1,80,High Risk,2025-04
TXN0977,2025-08-05,CUST0388,AGT0025,Arusha,Send,"251,029 ","43,433 ",0 ,Smartphone,17,0,0,1,5,1,70,High Risk,2025-08
TXN0978,2025-04-12,CUST0389,AGT0174,Mbeya,Deposit,"235,626 ","37,691 ",0 ,Smartphone,9,0,0,1,14,1,160,High Risk,2025-04
TXN0979,2025-12-05,CUST0277,AGT0016,Mwanza,PayBill,"318,168 ","502,266 ",0 ,Smartphone,10,0,0,1,2,0,40,Medium Risk,2025-12
TXN0980,2025-10-31,CUST0118,AGT0161,Arusha,Withdraw,"112,031 ","94,788 ",0 ,Smartphone,17,0,0,0,1,0,10,Low Risk,2025-10
TXN0981,2025-10-19,CUST0372,AGT0086,Mbeya,Deposit,"425,150 ","577,170 ",0 ,USSD,8,0,0,1,2,0,40,Medium Risk,2025-10
TXN0982,2025-09-19,CUST0033,AGT0035,Dodoma,Receive,"238,253 ","5,401 ","367,077 ",Feature Phone,12,0,0,1,5,1,70,High Risk,2025-09
TXN0983,2025-10-24,CUST0322,AGT0073,Arusha,PayBill,"21,703 ","217,832 ",0 ,Smartphone,16,0,0,0,3,1,30,Low Risk,2025-10
TXN0984,2025-03-11,CUST0102,AGT0001,Mbeya,Receive,"455,344 ","900,502 ","364,001 ",USSD,2,0,0,1,10,1,120,High Risk,2025-03
TXN0985,2025-09-27,CUST0399,AGT0181,Mbeya,BuyAirtime,"165,562 ","34,632 ",0 ,Web,11,0,0,0,1,0,10,Low Risk,2025-09
TXN0986,2025-01-04,CUST0145,AGT0076,Dodoma,Withdraw,"356,244 ","990,998 ",0 ,Feature Phone,1,0,0,1,10,1,120,High Risk,2025-01
TXN0987,2025-04-26,CUST0120,AGT0059,Mwanza,Receive,"397,923 ","761,595 ","388,151 ",USSD,22,0,0,1,5,1,70,High Risk,2025-04
TXN0988,2025-03-08,CUST0402,AGT0111,Arusha,Deposit,"477,183 ","245,422 ",0 ,Smartphone,21,0,0,1,4,1,60,Medium Risk,2025-03
TXN0989,2025-08-02,CUST0137,AGT0129,Dodoma,Deposit,"436,473 ","513,549 ",0 ,Feature Phone,19,0,0,1,6,1,80,High Risk,2025-08
TXN0990,2025-12-01,CUST0035,AGT0066,Mbeya,BuyAirtime,"196,554 ","452,635 ",0 ,Smartphone,3,0,0,0,2,0,20,Low Risk,2025-12
TXN0991,2025-11-25,CUST0196,AGT0009,Arusha,Deposit,"74,348 ","802,537 ",0 ,Web,17,0,0,0,1,0,10,Low Risk,2025-11
TXN0992,2025-09-10,CUST0195,AGT0034,Dar,Withdraw,"266,600 ","238,802 ",0 ,Web,22,0,0,1,5,1,70,High Risk,2025-09
TXN0993,2025-05-07,CUST0273,AGT0188,Mbeya,Deposit,"182,593 ","534,150 ",0 ,Feature Phone,8,0,0,0,10,1,100,High Risk,2025-05
TXN0994,2025-09-16,CUST0057,AGT0183,Dar,Receive,"468,835 ","59,621 ","416,813 ",USSD,11,0,0,1,7,1,90,High Risk,2025-09
TXN0995,2025-11-07,CUST0389,AGT0024,Dar,BuyAirtime,"443,600 ","982,678 ",0 ,Feature Phone,20,0,0,1,7,1,90,High Risk,2025-11
TXN0996,2025-03-29,CUST0403,AGT0073,Arusha,Withdraw,"329,781 ","778,812 ",0 ,Web,17,0,0,1,5,1,70,High Risk,2025-03
TXN0997,2025-11-22,CUST0309,AGT0074,Arusha,BuyAirtime,"398,184 ","582,785 ",0 ,Web,1,0,0,1,1,0,30,Low Risk,2025-11
TXN0998,2025-06-24,CUST0421,AGT0192,Dodoma,PayBill,"383,767 ","501,064 ",0 ,USSD,21,0,0,1,2,0,40,Medium Risk,2025-06
TXN0999,2025-05-30,CUST0020,AGT0186,Arusha,PayBill,"63,429 ","709,061 ",0 ,Feature Phone,1,0,0,0,8,1,80,High Risk,2025-05
TXN1000,2025-03-09,CUST0466,AGT0131,Arusha,Send,"71,451 ","744,827 ",0 ,Feature Phone,21,0,0,0,10,1,100,High Risk,2025-03
TXN1001,2025-09-16,CUST0054,AGT0018,Mbeya,Deposit,"356,914 ","487,739 ",0 ,Smartphone,12,0,0,1,4,1,60,Medium Risk,2025-09
TXN1002,2025-07-11,CUST0479,AGT0034,Dodoma,PayBill,"482,278 ","492,553 ",0 ,Feature Phone,14,0,0,1,5,1,70,High Risk,2025-07
TXN1003,2025-08-09,CUST0219,AGT0113,Mbeya,Withdraw,"345,938 ","223,757 ",0 ,Smartphone,3,0,0,1,6,1,80,High Risk,2025-08
TXN1004,2025-12-23,CUST0176,AGT0130,Mbeya,BuyAirtime,"486,656 ","200,106 ",0 ,USSD,6,0,0,1,1,0,30,Low Risk,2025-12
TXN1005,2025-06-04,CUST0498,AGT0113,Dodoma,PayBill,"46,672 ","887,675 ",0 ,Feature Phone,18,0,0,0,11,1,110,High Risk,2025-06
TXN1006,2025-07-04,CUST0080,AGT0076,Dar,BuyAirtime,"52,126 ","281,317 ",0 ,Web,23,0,0,0,5,1,50,Medium Risk,2025-07
TXN1007,2025-06-08,CUST0002,AGT0037,Dodoma,Send,"262,531 ","105,169 ",0 ,Feature Phone,6,0,0,1,6,1,80,High Risk,2025-06
TXN1008,2025-02-21,CUST0333,AGT0117,Dar,Withdraw,"405,393 ","219,458 ",0 ,USSD,6,0,0,1,11,1,130,High Risk,2025-02
TXN1009,2025-08-16,CUST0448,AGT0029,Mwanza,Withdraw,"243,400 ","943,972 ",0 ,Web,3,0,0,1,6,1,80,High Risk,2025-08
TXN1010,2025-01-31,CUST0127,AGT0010,Arusha,Receive,"178,951 ","385,756 ","142,825 ",Web,20,0,0,0,9,1,90,High Risk,2025-01
TXN1011,2025-02-17,CUST0376,AGT0160,Arusha,BuyAirtime,"83,060 ","324,140 ",0 ,USSD,16,0,0,0,8,1,80,High Risk,2025-02
TXN1012,2025-05-25,CUST0233,AGT0063,Mbeya,Withdraw,"151,669 ","412,979 ",0 ,Feature Phone,21,0,0,0,9,1,90,High Risk,2025-05
TXN1013,2025-10-03,CUST0140,AGT0114,Dodoma,Send,"4,339 ","689,776 ",0 ,Web,5,0,0,0,5,1,50,Medium Risk,2025-10
TXN1014,2025-01-17,CUST0474,AGT0185,Mbeya,BuyAirtime,"161,125 ","418,493 ",0 ,Web,16,0,0,0,13,1,130,High Risk,2025-01
TXN1015,2025-09-24,CUST0354,AGT0068,Mbeya,Send,"226,479 ","387,693 ",0 ,Web,19,0,0,1,2,0,40,Medium Risk,2025-09
TXN1016,2025-12-29,CUST0096,AGT0184,Dodoma,BuyAirtime,"470,477 ","784,961 ",0 ,Web,3,0,0,1,1,0,30,Low Risk,2025-12
TXN1017,2025-10-23,CUST0327,AGT0022,Mwanza,Receive,"252,334 ","717,938 ","61,257 ",Feature Phone,17,0,0,1,4,1,60,Medium Risk,2025-10
TXN1018,2025-08-12,CUST0340,AGT0016,Dar,Deposit,"260,908 ","204,539 ",0 ,Feature Phone,6,0,0,1,3,1,50,Medium Risk,2025-08
TXN1019,2025-03-19,CUST0104,AGT0027,Mwanza,BuyAirtime,"431,605 ","916,132 ",0 ,Web,22,0,0,1,13,1,150,High Risk,2025-03
TXN1020,2025-09-06,CUST0216,AGT0079,Arusha,Withdraw,"222,400 ","42,274 ",0 ,Web,13,0,0,1,5,1,70,High Risk,2025-09
TXN1021,2025-01-15,CUST0236,AGT0106,Dar,BuyAirtime,"348,832 ","17,707 ",0 ,Feature Phone,20,0,0,1,13,1,150,High Risk,2025-01
TXN1022,2025-01-03,CUST0036,AGT0023,Mbeya,Deposit,"114,951 ","8,730 ",0 ,USSD,11,0,0,0,17,1,170,High Risk,2025-01
TXN1023,2025-11-28,CUST0249,AGT0113,Dar,BuyAirtime,"113,963 ","517,811 ",0 ,Feature Phone,17,0,0,0,2,0,20,Low Risk,2025-11
TXN1024,2025-02-27,CUST0253,AGT0119,Dar,Send,"117,858 ","831,388 ",0 ,Web,2,0,0,0,9,1,90,High Risk,2025-02
TXN1025,2025-09-02,CUST0129,AGT0166,Mwanza,Withdraw,"19,027 ","476,432 ",0 ,Feature Phone,22,0,0,0,6,1,60,Medium Risk,2025-09
TXN1026,2025-01-15,CUST0015,AGT0114,Mwanza,Receive,"61,042 ","107,315 ","89,056 ",USSD,14,0,0,0,12,1,120,High Risk,2025-01
TXN1027,2025-02-07,CUST0182,AGT0031,Mwanza,Deposit,"492,142 ","83,378 ",0 ,Feature Phone,17,0,0,1,13,1,150,High Risk,2025-02
TXN1028,2025-08-18,CUST0162,AGT0002,Mwanza,BuyAirtime,"444,755 ","979,009 ",0 ,Feature Phone,6,0,0,1,5,1,70,High Risk,2025-08
TXN1029,2025-05-17,CUST0051,AGT0058,Arusha,PayBill,"390,864 ","563,810 ",0 ,Smartphone,3,0,0,1,11,1,130,High Risk,2025-05
TXN1030,2025-11-12,CUST0498,AGT0052,Mbeya,PayBill,"416,096 ","794,487 ",0 ,Feature Phone,8,0,0,1,2,0,40,Medium Risk,2025-11
TXN1031,2025-07-06,CUST0258,AGT0147,Mwanza,Withdraw,"160,355 ","749,708 ",0 ,Feature Phone,0,0,0,0,6,1,60,Medium Risk,2025-07
TXN1032,2025-01-10,CUST0472,AGT0164,Dar,PayBill,"279,491 ","510,293 ",0 ,Web,23,0,0,1,6,1,80,High Risk,2025-01
TXN1033,2025-04-14,CUST0486,AGT0147,Dar,PayBill,"38,159 ","278,042 ",0 ,USSD,3,0,0,0,5,1,50,Medium Risk,2025-04
TXN1034,2025-10-30,CUST0384,AGT0001,Dar,Deposit,"195,760 ","742,703 ",0 ,Smartphone,5,0,0,0,2,0,20,Low Risk,2025-10
TXN1035,2025-11-19,CUST0333,AGT0072,Mwanza,Withdraw,"37,932 ","559,985 ",0 ,USSD,4,0,0,0,4,1,40,Medium Risk,2025-11
TXN1036,2025-01-08,CUST0251,AGT0020,Mbeya,Withdraw,"33,628 ","795,946 ",0 ,Smartphone,22,0,0,0,9,1,90,High Risk,2025-01
TXN1037,2025-08-06,CUST0160,AGT0158,Dar,PayBill,"323,564 ","221,453 ",0 ,Smartphone,8,0,0,1,3,1,50,Medium Risk,2025-08
TXN1038,2025-10-08,CUST0021,AGT0131,Dar,Receive,"395,780 ","643,872 ","144,099 ",Feature Phone,11,0,0,1,3,1,50,Medium Risk,2025-10
TXN1039,2025-08-07,CUST0310,AGT0043,Mbeya,BuyAirtime,"244,734 ","92,263 ",0 ,USSD,18,0,0,1,3,1,50,Medium Risk,2025-08
TXN1040,2025-01-27,CUST0073,AGT0180,Arusha,BuyAirtime,"497,580 ","915,217 ",0 ,Feature Phone,4,0,0,1,11,1,130,High Risk,2025-01
TXN1041,2025-02-25,CUST0342,AGT0024,Mbeya,PayBill,"413,912 ","492,143 ",0 ,Feature Phone,3,0,0,1,10,1,120,High Risk,2025-02
TXN1042,2025-04-15,CUST0040,AGT0018,Mbeya,Receive,"341,823 ","354,823 ","351,167 ",Smartphone,7,0,0,1,2,0,40,Medium Risk,2025-04
TXN1043,2025-09-10,CUST0332,AGT0003,Dar,Withdraw,"412,447 ","151,211 ",0 ,Web,5,0,0,1,6,1,80,High Risk,2025-09
TXN1044,2025-11-03,CUST0051,AGT0070,Mbeya,PayBill,"337,152 ","639,110 ",0 ,Web,5,0,0,1,4,1,60,Medium Risk,2025-11
TXN1045,2025-01-11,CUST0202,AGT0092,Arusha,Receive,"87,278 ","513,713 ","26,412 ",Smartphone,13,0,0,0,10,1,100,High Risk,2025-01
TXN1046,2025-08-10,CUST0162,AGT0043,Arusha,Withdraw,"87,326 ","623,837 ",0 ,Web,12,0,0,0,6,1,60,Medium Risk,2025-08
TXN1047,2025-05-16,CUST0420,AGT0127,Mwanza,Receive,"211,687 ","483,556 ","45,897 ",Feature Phone,16,0,0,1,8,1,100,High Risk,2025-05
TXN1048,2025-08-29,CUST0182,AGT0089,Arusha,Receive,"392,201 ","898,398 ","195,736 ",Web,14,0,0,1,8,1,100,High Risk,2025-08
TXN1049,2025-11-14,CUST0335,AGT0095,Dodoma,Receive,"17,019 ","77,760 ","121,276 ",Feature Phone,12,0,0,0,4,1,40,Medium Risk,2025-11
TXN1050,2025-03-26,CUST0129,AGT0092,Mbeya,BuyAirtime,"315,365 ","616,859 ",0 ,Smartphone,19,0,0,1,11,1,130,High Risk,2025-03
TXN1051,2025-01-30,CUST0099,AGT0086,Mbeya,Withdraw,"430,632 ","703,915 ",0 ,Feature Phone,1,0,0,1,11,1,130,High Risk,2025-01
TXN1052,2025-10-01,CUST0305,AGT0170,Dodoma,Withdraw,"119,151 ","540,272 ",0 ,Feature Phone,0,0,0,0,2,0,20,Low Risk,2025-10
TXN1053,2025-07-01,CUST0096,AGT0169,Arusha,PayBill,"65,081 ","378,484 ",0 ,Feature Phone,5,0,0,0,7,1,70,High Risk,2025-07
TXN1054,2025-01-23,CUST0056,AGT0104,Dar,Withdraw,"161,480 ","722,489 ",0 ,Smartphone,3,0,0,0,14,1,140,High Risk,2025-01
TXN1055,2025-09-20,CUST0362,AGT0049,Mwanza,Withdraw,"355,739 ","376,435 ",0 ,Feature Phone,2,0,0,1,5,1,70,High Risk,2025-09
TXN1056,2025-07-12,CUST0339,AGT0180,Dar,PayBill,"250,320 ","923,150 ",0 ,USSD,9,0,0,1,5,1,70,High Risk,2025-07
TXN1057,2025-10-06,CUST0196,AGT0145,Arusha,BuyAirtime,"130,082 ","294,835 ",0 ,Web,21,0,0,0,4,1,40,Medium Risk,2025-10
TXN1058,2025-01-22,CUST0020,AGT0059,Mwanza,Receive,"480,362 ","18,901 ","231,663 ",Smartphone,1,0,0,1,10,1,120,High Risk,2025-01
TXN1059,2025-05-22,CUST0237,AGT0177,Dar,Send,"299,523 ","502,983 ",0 ,Web,16,0,0,1,6,1,80,High Risk,2025-05
TXN1060,2025-09-14,CUST0427,AGT0019,Dodoma,Withdraw,"313,727 ","442,058 ",0 ,Web,23,0,0,1,3,1,50,Medium Risk,2025-09
TXN1061,2025-01-02,CUST0015,AGT0033,Mwanza,PayBill,"56,307 ","46,936 ",0 ,USSD,19,0,0,0,14,1,140,High Risk,2025-01
TXN1062,2025-09-17,CUST0411,AGT0184,Arusha,Withdraw,"422,803 ","401,478 ",0 ,Smartphone,15,0,0,1,3,1,50,Medium Risk,2025-09
TXN1063,2025-10-10,CUST0093,AGT0018,Arusha,Deposit,"423,561 ","212,696 ",0 ,Web,3,0,0,1,3,1,50,Medium Risk,2025-10
TXN1064,2025-03-27,CUST0300,AGT0194,Mwanza,BuyAirtime,"455,398 ","642,159 ",0 ,Smartphone,6,0,0,1,7,1,90,High Risk,2025-03
TXN1065,2025-08-17,CUST0061,AGT0039,Mbeya,Deposit,"247,542 ","810,329 ",0 ,Smartphone,19,0,0,1,4,1,60,Medium Risk,2025-08
TXN1066,2025-06-26,CUST0102,AGT0003,Dar,Deposit,"474,217 ","423,369 ",0 ,Smartphone,6,0,0,1,6,1,80,High Risk,2025-06
TXN1067,2025-08-25,CUST0010,AGT0088,Mwanza,BuyAirtime,"305,468 ","513,660 ",0 ,Smartphone,18,0,0,1,3,1,50,Medium Risk,2025-08
TXN1068,2025-04-08,CUST0275,AGT0032,Mwanza,PayBill,"264,486 ","95,968 ",0 ,Smartphone,2,0,0,1,12,1,140,High Risk,2025-04
TXN1069,2025-07-30,CUST0405,AGT0019,Mwanza,Receive,"264,444 ","797,132 ","38,684 ",Web,3,0,0,1,5,1,70,High Risk,2025-07
TXN1070,2025-06-11,CUST0017,AGT0145,Mwanza,Send,"62,547 ","899,047 ",0 ,USSD,4,0,0,0,5,1,50,Medium Risk,2025-06
TXN1071,2025-12-28,CUST0324,AGT0060,Arusha,PayBill,"261,130 ","672,218 ",0 ,USSD,9,0,0,1,1,0,30,Low Risk,2025-12
TXN1072,2025-04-04,CUST0304,AGT0045,Mwanza,BuyAirtime,"440,538 ","704,406 ",0 ,Feature Phone,7,0,0,1,8,1,100,High Risk,2025-04
TXN1073,2025-10-06,CUST0116,AGT0004,Dar,BuyAirtime,"326,512 ","234,644 ",0 ,USSD,13,0,0,1,2,0,40,Medium Risk,2025-10
TXN1074,2025-11-23,CUST0146,AGT0087,Mwanza,Withdraw,"180,789 ","159,152 ",0 ,Smartphone,1,0,0,0,1,0,10,Low Risk,2025-11
TXN1075,2025-12-11,CUST0495,AGT0104,Mbeya,Deposit,"430,292 ","647,419 ",0 ,Smartphone,3,0,0,1,1,0,30,Low Risk,2025-12
TXN1076,2025-03-13,CUST0203,AGT0062,Dar,Deposit,"447,542 ","205,939 ",0 ,Feature Phone,15,0,0,1,9,1,110,High Risk,2025-03
TXN1077,2025-09-13,CUST0182,AGT0158,Dar,PayBill,"259,705 ","185,609 ",0 ,Web,15,0,0,1,6,1,80,High Risk,2025-09
TXN1078,2025-07-16,CUST0182,AGT0026,Mwanza,BuyAirtime,"110,933 ","770,609 ",0 ,USSD,13,1,0,0,9,1,140,High Risk,2025-07
TXN1079,2025-08-22,CUST0298,AGT0117,Mbeya,PayBill,"38,281 ","45,712 ",0 ,USSD,0,0,0,0,5,1,50,Medium Risk,2025-08
TXN1080,2025-12-23,CUST0417,AGT0134,Mbeya,Withdraw,"362,508 ","873,274 ",0 ,Smartphone,4,0,0,1,1,0,30,Low Risk,2025-12
TXN1081,2025-04-16,CUST0055,AGT0041,Mwanza,Receive,"344,864 ","801,766 ","441,511 ",USSD,21,0,0,1,8,1,100,High Risk,2025-04
TXN1082,2025-06-27,CUST0056,AGT0149,Mwanza,Deposit,"369,481 ","350,840 ",0 ,Web,6,0,0,1,10,1,120,High Risk,2025-06
TXN1083,2025-10-19,CUST0162,AGT0051,Dar,BuyAirtime,"246,850 ","587,241 ",0 ,Web,9,0,0,1,1,0,30,Low Risk,2025-10
TXN1084,2025-04-08,CUST0173,AGT0040,Dodoma,BuyAirtime,"242,940 ","772,864 ",0 ,Smartphone,15,0,0,1,5,1,70,High Risk,2025-04
TXN1085,2025-02-23,CUST0288,AGT0110,Mbeya,Receive,"287,860 ","502,504 ","162,185 ",Web,11,1,0,1,9,1,160,High Risk,2025-02
TXN1086,2025-06-21,CUST0158,AGT0030,Mbeya,Withdraw,"12,312 ","894,945 ",0 ,USSD,19,0,0,0,7,1,70,High Risk,2025-06
TXN1087,2025-06-25,CUST0419,AGT0175,Arusha,PayBill,"227,094 ","719,386 ",0 ,USSD,0,0,0,1,5,1,70,High Risk,2025-06
TXN1088,2025-08-19,CUST0127,AGT0029,Dar,Receive,"108,779 ","733,263 ","277,933 ",USSD,5,0,0,0,1,0,10,Low Risk,2025-08
TXN1089,2025-03-07,CUST0469,AGT0004,Mbeya,Receive,"37,758 ","792,330 ","45,939 ",Web,9,0,0,0,6,1,60,Medium Risk,2025-03
TXN1090,2025-10-07,CUST0317,AGT0024,Dodoma,PayBill,"348,339 ","189,846 ",0 ,Web,23,0,0,1,5,1,70,High Risk,2025-10
TXN1091,2025-11-24,CUST0147,AGT0050,Dar,PayBill,"394,808 ","430,214 ",0 ,Feature Phone,3,0,0,1,1,0,30,Low Risk,2025-11
TXN1092,2025-12-07,CUST0035,AGT0165,Mwanza,Receive,"394,833 ","932,814 ","38,961 ",Smartphone,22,0,0,1,1,0,30,Low Risk,2025-12
TXN1093,2025-02-26,CUST0351,AGT0148,Dar,PayBill,"283,756 ","920,616 ",0 ,Smartphone,19,0,0,1,7,1,90,High Risk,2025-02
TXN1094,2025-09-30,CUST0412,AGT0197,Arusha,Deposit,"352,580 ","155,811 ",0 ,Smartphone,11,0,0,1,1,0,30,Low Risk,2025-09
TXN1095,2025-04-26,CUST0427,AGT0002,Mwanza,Deposit,"498,497 ","755,634 ",0 ,USSD,14,0,0,1,9,1,110,High Risk,2025-04
TXN1096,2025-08-20,CUST0430,AGT0041,Dodoma,Deposit,"320,440 ","728,596 ",0 ,Smartphone,1,0,0,1,2,0,40,Medium Risk,2025-08
TXN1097,2025-12-19,CUST0418,AGT0143,Mwanza,Deposit,"211,215 ","852,376 ",0 ,Smartphone,2,0,0,1,2,0,40,Medium Risk,2025-12
TXN1098,2025-10-13,CUST0336,AGT0159,Dodoma,Receive,"223,846 ","109,797 ","439,594 ",USSD,20,0,0,1,1,0,30,Low Risk,2025-10
TXN1099,2025-03-24,CUST0465,AGT0057,Dar,BuyAirtime,"405,327 ","871,511 ",0 ,Web,3,0,0,1,9,1,110,High Risk,2025-03
TXN1100,2025-11-26,CUST0183,AGT0104,Dodoma,Send,"462,747 ","286,320 ",0 ,USSD,6,0,0,1,1,0,30,Low Risk,2025-11
TXN1101,2025-11-01,CUST0423,AGT0038,Mwanza,Receive,"262,422 ","664,536 ","432,253 ",Web,19,0,0,1,4,1,60,Medium Risk,2025-11
TXN1102,2025-02-19,CUST0494,AGT0170,Mbeya,Withdraw,"444,116 ","781,951 ",0 ,Smartphone,21,0,0,1,16,1,180,High Risk,2025-02
TXN1103,2025-07-24,CUST0142,AGT0117,Mwanza,BuyAirtime,"114,963 ","405,752 ",0 ,USSD,9,0,0,0,4,1,40,Medium Risk,2025-07
TXN1104,2025-10-24,CUST0074,AGT0138,Arusha,PayBill,"377,037 ","610,849 ",0 ,Feature Phone,1,0,0,1,4,1,60,Medium Risk,2025-10
TXN1105,2025-01-26,CUST0078,AGT0104,Arusha,PayBill,"353,224 ","828,188 ",0 ,USSD,5,0,0,1,8,1,100,High Risk,2025-01
TXN1106,2025-02-15,CUST0242,AGT0023,Mbeya,BuyAirtime,"356,106 ","749,817 ",0 ,Web,10,0,0,1,10,1,120,High Risk,2025-02
TXN1107,2025-12-07,CUST0360,AGT0038,Mwanza,Receive,"426,258 ","196,171 ","235,377 ",USSD,11,0,0,1,2,0,40,Medium Risk,2025-12
TXN1108,2025-02-16,CUST0253,AGT0157,Mwanza,Send,"384,358 ","429,702 ",0 ,Feature Phone,0,0,0,1,10,1,120,High Risk,2025-02
TXN1109,2025-06-13,CUST0414,AGT0027,Mbeya,BuyAirtime,"459,728 ","76,923 ",0 ,USSD,8,0,0,1,4,1,60,Medium Risk,2025-06
TXN1110,2025-12-17,CUST0469,AGT0002,Mbeya,PayBill,"93,505 ","578,240 ",0 ,Smartphone,3,0,0,0,1,0,10,Low Risk,2025-12
TXN1111,2025-10-24,CUST0329,AGT0016,Dar,BuyAirtime,"171,635 ","636,206 ",0 ,Smartphone,16,0,0,0,4,1,40,Medium Risk,2025-10
TXN1112,2025-08-28,CUST0330,AGT0149,Mbeya,PayBill,"245,859 ","479,297 ",0 ,Web,19,0,0,1,5,1,70,High Risk,2025-08
TXN1113,2025-01-26,CUST0316,AGT0012,Mbeya,BuyAirtime,"141,705 ","495,535 ",0 ,Web,20,0,0,0,5,1,50,Medium Risk,2025-01
TXN1114,2025-05-09,CUST0196,AGT0092,Mwanza,PayBill,"49,416 ","362,898 ",0 ,Feature Phone,0,0,0,0,7,1,70,High Risk,2025-05
TXN1115,2025-01-24,CUST0417,AGT0009,Dodoma,PayBill,"389,336 ","643,914 ",0 ,Feature Phone,6,0,0,1,17,1,190,High Risk,2025-01
TXN1116,2025-05-25,CUST0237,AGT0064,Mbeya,Receive,"231,164 ","309,473 ","43,150 ",Web,19,0,0,1,5,1,70,High Risk,2025-05
TXN1117,2025-04-29,CUST0145,AGT0152,Mbeya,Send,"184,764 ","915,921 ",0 ,Feature Phone,7,0,0,0,6,1,60,Medium Risk,2025-04
TXN1118,2025-12-16,CUST0381,AGT0051,Mwanza,Deposit,"30,473 ","165,037 ",0 ,Feature Phone,2,0,0,0,3,1,30,Low Risk,2025-12
TXN1119,2025-12-05,CUST0335,AGT0177,Dodoma,Deposit,"388,870 ","361,998 ",0 ,Smartphone,19,0,0,1,2,0,40,Medium Risk,2025-12
TXN1120,2025-05-31,CUST0471,AGT0175,Mbeya,Send,"263,016 ","517,858 ",0 ,Feature Phone,11,0,0,1,6,1,80,High Risk,2025-05
TXN1121,2025-08-05,CUST0099,AGT0147,Mwanza,Deposit,"405,951 ","536,583 ",0 ,Smartphone,2,0,0,1,6,1,80,High Risk,2025-08
TXN1122,2025-10-19,CUST0131,AGT0111,Mwanza,Withdraw,"164,566 ","229,095 ",0 ,Web,17,0,0,0,4,1,40,Medium Risk,2025-10
TXN1123,2025-01-09,CUST0431,AGT0082,Mwanza,Receive,"276,919 ","484,881 ","7,364 ",Smartphone,11,0,0,1,8,1,100,High Risk,2025-01
TXN1124,2025-11-23,CUST0202,AGT0073,Mwanza,PayBill,"495,413 ","983,904 ",0 ,Web,11,0,0,1,2,0,40,Medium Risk,2025-11
TXN1125,2025-03-28,CUST0356,AGT0016,Dar,Receive,"105,618 ","353,770 ","134,515 ",Smartphone,14,0,0,0,7,1,70,High Risk,2025-03
TXN1126,2025-04-24,CUST0330,AGT0171,Mwanza,PayBill,"457,659 ","235,697 ",0 ,Smartphone,19,0,0,1,10,1,120,High Risk,2025-04
TXN1127,2025-10-30,CUST0317,AGT0128,Dodoma,Withdraw,"259,474 ","115,266 ",0 ,Feature Phone,4,0,0,1,4,1,60,Medium Risk,2025-10
TXN1128,2025-11-07,CUST0275,AGT0040,Mwanza,PayBill,"489,722 ","587,368 ",0 ,Smartphone,0,0,0,1,2,0,40,Medium Risk,2025-11
TXN1129,2025-07-15,CUST0305,AGT0175,Mbeya,BuyAirtime,"77,115 ","86,794 ",0 ,Smartphone,12,0,0,0,6,1,60,Medium Risk,2025-07
TXN1130,2025-10-13,CUST0285,AGT0141,Dar,Deposit,"390,767 ","882,052 ",0 ,Web,16,0,0,1,3,1,50,Medium Risk,2025-10
TXN1131,2025-09-09,CUST0439,AGT0157,Dar,Receive,"262,229 ","420,622 ","191,106 ",Web,8,0,0,1,4,1,60,Medium Risk,2025-09
TXN1132,2025-02-11,CUST0091,AGT0167,Arusha,Receive,"442,533 ","286,269 ","251,381 ",USSD,18,0,0,1,12,1,140,High Risk,2025-02
TXN1133,2025-02-25,CUST0450,AGT0188,Mwanza,Deposit,"344,959 ","171,697 ",0 ,USSD,1,0,0,1,9,1,110,High Risk,2025-02
TXN1134,2025-07-08,CUST0044,AGT0164,Dar,Withdraw,"25,802 ","733,882 ",0 ,Web,1,0,0,0,11,1,110,High Risk,2025-07
TXN1135,2025-11-25,CUST0117,AGT0095,Dodoma,Withdraw,"309,457 ","899,163 ",0 ,Web,3,0,0,1,2,0,40,Medium Risk,2025-11
TXN1136,2025-04-05,CUST0216,AGT0144,Dar,BuyAirtime,"126,861 ","760,696 ",0 ,USSD,3,0,0,0,11,1,110,High Risk,2025-04
TXN1137,2025-11-15,CUST0028,AGT0167,Mwanza,Send,"59,508 ","654,074 ",0 ,Web,17,0,0,0,2,0,20,Low Risk,2025-11
TXN1138,2025-06-14,CUST0253,AGT0094,Dodoma,Withdraw,"476,325 ","914,315 ",0 ,Smartphone,23,0,0,1,6,1,80,High Risk,2025-06
TXN1139,2025-04-06,CUST0081,AGT0196,Mbeya,Receive,"499,473 ","521,521 ","204,439 ",Smartphone,1,0,0,1,3,1,50,Medium Risk,2025-04
TXN1140,2025-03-14,CUST0453,AGT0070,Mbeya,Deposit,"368,773 ","273,082 ",0 ,Smartphone,12,0,0,1,10,1,120,High Risk,2025-03
TXN1141,2025-09-02,CUST0279,AGT0126,Arusha,Withdraw,"147,650 ","530,044 ",0 ,Feature Phone,1,0,0,0,4,1,40,Medium Risk,2025-09
TXN1142,2025-02-25,CUST0009,AGT0057,Mbeya,Withdraw,"33,960 ","176,002 ",0 ,Feature Phone,20,0,0,0,12,1,120,High Risk,2025-02
TXN1143,2025-11-22,CUST0317,AGT0039,Mwanza,PayBill,"478,936 ","42,681 ",0 ,Smartphone,12,0,0,1,2,0,40,Medium Risk,2025-11
TXN1144,2025-02-25,CUST0372,AGT0088,Dar,Withdraw,"87,479 ","855,355 ",0 ,Smartphone,12,0,0,0,11,1,110,High Risk,2025-02
TXN1145,2025-04-22,CUST0107,AGT0075,Mwanza,Receive,"341,472 ","696,249 ","402,760 ",Feature Phone,6,0,0,1,8,1,100,High Risk,2025-04
TXN1146,2025-04-12,CUST0090,AGT0082,Mwanza,BuyAirtime,"364,751 ","606,540 ",0 ,Web,21,0,0,1,11,1,130,High Risk,2025-04
TXN1147,2025-03-17,CUST0087,AGT0019,Dodoma,Send,"56,423 ","208,598 ",0 ,USSD,15,0,0,0,9,1,90,High Risk,2025-03
TXN1148,2025-01-26,CUST0115,AGT0030,Dar,Send,"94,414 ","382,333 ",0 ,USSD,7,0,0,0,13,1,130,High Risk,2025-01
TXN1149,2025-03-26,CUST0354,AGT0154,Mwanza,Deposit,"290,909 ","549,843 ",0 ,Web,13,0,0,1,5,1,70,High Risk,2025-03
TXN1150,2025-02-21,CUST0462,AGT0068,Dar,Withdraw,"211,236 ","17,301 ",0 ,Smartphone,2,0,0,1,12,1,140,High Risk,2025-02
TXN1151,2025-09-22,CUST0037,AGT0080,Mwanza,Send,"11,724 ","651,894 ",0 ,Feature Phone,0,0,0,0,2,0,20,Low Risk,2025-09
TXN1152,2025-09-07,CUST0484,AGT0161,Dodoma,Receive,"295,900 ","322,463 ","59,443 ",Smartphone,4,0,0,1,5,1,70,High Risk,2025-09
TXN1153,2025-12-20,CUST0269,AGT0117,Dar,BuyAirtime,"158,430 ","732,024 ",0 ,Smartphone,22,0,0,0,1,0,10,Low Risk,2025-12
TXN1154,2025-09-03,CUST0033,AGT0175,Mbeya,Withdraw,"252,118 ","733,825 ",0 ,Feature Phone,22,0,0,1,6,1,80,High Risk,2025-09
TXN1155,2025-06-07,CUST0368,AGT0063,Arusha,Receive,"37,295 ","183,786 ","41,763 ",Feature Phone,13,0,0,0,5,1,50,Medium Risk,2025-06
TXN1156,2025-09-30,CUST0467,AGT0184,Mbeya,Receive,"337,072 ","82,187 ","438,268 ",Feature Phone,21,1,0,1,6,1,130,High Risk,2025-09
TXN1157,2025-04-07,CUST0322,AGT0003,Dodoma,BuyAirtime,"180,482 ","538,658 ",0 ,USSD,4,0,0,0,8,1,80,High Risk,2025-04
TXN1158,2025-08-27,CUST0171,AGT0104,Arusha,Receive,"415,775 ","608,543 ","477,919 ",Web,15,0,0,1,3,1,50,Medium Risk,2025-08
TXN1159,2025-09-15,CUST0236,AGT0061,Dodoma,PayBill,"226,993 ","234,876 ",0 ,Feature Phone,18,0,0,1,6,1,80,High Risk,2025-09
TXN1160,2025-04-12,CUST0408,AGT0049,Dodoma,Withdraw,"248,771 ","196,551 ",0 ,Web,16,0,0,1,12,1,140,High Risk,2025-04
TXN1161,2025-02-06,CUST0390,AGT0095,Dodoma,Withdraw,"335,688 ","59,478 ",0 ,Feature Phone,18,0,0,1,9,1,110,High Risk,2025-02
TXN1162,2025-08-22,CUST0261,AGT0049,Dodoma,Receive,"498,580 ","974,362 ","314,488 ",Feature Phone,9,0,0,1,5,1,70,High Risk,2025-08
TXN1163,2025-09-12,CUST0100,AGT0172,Mbeya,Withdraw,"137,085 ","765,721 ",0 ,Feature Phone,9,0,0,0,5,1,50,Medium Risk,2025-09
TXN1164,2025-07-27,CUST0085,AGT0108,Mbeya,Deposit,"159,649 ","564,548 ",0 ,Feature Phone,2,0,0,0,4,1,40,Medium Risk,2025-07
TXN1165,2025-12-26,CUST0215,AGT0175,Arusha,PayBill,"17,712 ","394,096 ",0 ,Web,22,0,0,0,1,0,10,Low Risk,2025-12
TXN1166,2025-12-11,CUST0192,AGT0082,Dodoma,Send,"121,345 ","607,578 ",0 ,USSD,0,0,0,0,4,1,40,Medium Risk,2025-12
TXN1167,2025-06-23,CUST0288,AGT0142,Dar,Send,"225,105 ","969,572 ",0 ,Feature Phone,17,0,0,1,6,1,80,High Risk,2025-06
TXN1168,2025-06-25,CUST0086,AGT0127,Mbeya,Withdraw,"431,550 ","587,354 ",0 ,Feature Phone,21,0,0,1,10,1,120,High Risk,2025-06
TXN1169,2025-09-20,CUST0112,AGT0085,Mbeya,Send,"380,228 ","362,759 ",0 ,Feature Phone,19,0,0,1,3,1,50,Medium Risk,2025-09
TXN1170,2025-07-21,CUST0049,AGT0049,Dodoma,PayBill,"389,906 ","611,023 ",0 ,USSD,23,0,0,1,7,1,90,High Risk,2025-07
TXN1171,2025-09-09,CUST0335,AGT0052,Dar,BuyAirtime,"194,399 ","298,156 ",0 ,Smartphone,8,0,0,0,7,1,70,High Risk,2025-09
TXN1172,2025-07-23,CUST0235,AGT0139,Mwanza,Receive,"304,655 ","26,480 ","292,385 ",Smartphone,6,0,0,1,8,1,100,High Risk,2025-07
TXN1173,2025-09-06,CUST0037,AGT0133,Dodoma,Send,"43,592 ","591,120 ",0 ,USSD,2,0,0,0,3,1,30,Low Risk,2025-09
TXN1174,2025-12-12,CUST0298,AGT0143,Dar,PayBill,"373,657 ","812,473 ",0 ,Feature Phone,22,0,0,1,1,0,30,Low Risk,2025-12
TXN1175,2025-07-18,CUST0289,AGT0179,Dodoma,BuyAirtime,"269,796 ","460,691 ",0 ,USSD,1,0,0,1,5,1,70,High Risk,2025-07
TXN1176,2025-04-17,CUST0498,AGT0186,Mwanza,PayBill,"206,051 ","959,510 ",0 ,Feature Phone,8,0,0,1,12,1,140,High Risk,2025-04
TXN1177,2025-01-29,CUST0435,AGT0064,Mwanza,BuyAirtime,"197,869 ","106,381 ",0 ,Smartphone,13,0,0,0,9,1,90,High Risk,2025-01
TXN1178,2025-07-22,CUST0283,AGT0167,Arusha,Receive,"440,698 ","689,005 ","129,914 ",Smartphone,9,0,0,1,6,1,80,High Risk,2025-07
TXN1179,2025-01-31,CUST0234,AGT0040,Dodoma,Receive,"90,049 ","808,461 ","220,765 ",Smartphone,23,0,0,0,10,1,100,High Risk,2025-01
TXN1180,2025-10-24,CUST0441,AGT0083,Mbeya,Receive,"317,498 ","772,867 ","154,416 ",Web,11,0,0,1,2,0,40,Medium Risk,2025-10
TXN1181,2025-12-26,CUST0308,AGT0151,Mwanza,BuyAirtime,"454,803 ","852,804 ",0 ,Web,15,0,0,1,1,0,30,Low Risk,2025-12
TXN1182,2025-01-18,CUST0451,AGT0098,Dar,Withdraw,"63,369 ","956,554 ",0 ,Smartphone,8,0,0,0,6,1,60,Medium Risk,2025-01
TXN1183,2025-01-11,CUST0368,AGT0002,Dar,BuyAirtime,"402,432 ","675,190 ",0 ,Smartphone,9,0,0,1,7,1,90,High Risk,2025-01
TXN1184,2025-03-23,CUST0302,AGT0114,Mwanza,PayBill,"301,137 ","379,498 ",0 ,Web,15,0,0,1,9,1,110,High Risk,2025-03
TXN1185,2025-05-25,CUST0194,AGT0067,Mbeya,Receive,"247,812 ","163,057 ","187,279 ",Web,1,0,0,1,4,1,60,Medium Risk,2025-05
TXN1186,2025-04-30,CUST0436,AGT0155,Dodoma,Deposit,"251,521 ","451,599 ",0 ,USSD,19,0,0,1,6,1,80,High Risk,2025-04
TXN1187,2025-01-22,CUST0339,AGT0032,Dodoma,Receive,"191,518 ","706,350 ","306,676 ",Feature Phone,3,0,0,0,14,1,140,High Risk,2025-01
TXN1188,2025-11-04,CUST0362,AGT0095,Mbeya,PayBill,"405,856 ","22,249 ",0 ,USSD,11,0,0,1,2,0,40,Medium Risk,2025-11
TXN1189,2025-02-17,CUST0334,AGT0129,Mbeya,PayBill,"428,375 ","752,891 ",0 ,USSD,22,0,0,1,7,1,90,High Risk,2025-02
TXN1190,2025-01-09,CUST0383,AGT0068,Dar,PayBill,"41,190 ","233,785 ",0 ,Smartphone,3,0,0,0,9,1,90,High Risk,2025-01
TXN1191,2025-10-23,CUST0205,AGT0051,Arusha,PayBill,"137,217 ","121,042 ",0 ,Web,6,0,0,0,3,1,30,Low Risk,2025-10
TXN1192,2025-05-08,CUST0366,AGT0144,Dodoma,Deposit,"278,305 ","654,924 ",0 ,Smartphone,16,0,0,1,8,1,100,High Risk,2025-05
TXN1193,2025-02-12,CUST0264,AGT0074,Arusha,BuyAirtime,"386,803 ","721,215 ",0 ,USSD,11,0,0,1,11,1,130,High Risk,2025-02
TXN1194,2025-06-03,CUST0085,AGT0134,Dar,Receive,"385,922 ","723,678 ","178,986 ",Web,7,0,0,1,5,1,70,High Risk,2025-06
TXN1195,2025-04-28,CUST0053,AGT0117,Dodoma,Withdraw,"309,019 ","255,098 ",0 ,Web,16,0,0,1,3,1,50,Medium Risk,2025-04
TXN1196,2025-11-03,CUST0137,AGT0189,Mbeya,PayBill,"253,685 ","416,502 ",0 ,Smartphone,2,0,0,1,3,1,50,Medium Risk,2025-11
TXN1197,2025-03-17,CUST0334,AGT0069,Dar,PayBill,"316,845 ","912,761 ",0 ,USSD,16,0,0,1,6,1,80,High Risk,2025-03
TXN1198,2025-04-12,CUST0021,AGT0012,Dodoma,BuyAirtime,"285,051 ","444,615 ",0 ,USSD,4,0,0,1,9,1,110,High Risk,2025-04
TXN1199,2025-08-20,CUST0483,AGT0032,Mbeya,Send,"458,818 ","146,105 ",0 ,Feature Phone,5,0,0,1,2,0,40,Medium Risk,2025-08
TXN1200,2025-06-04,CUST0264,AGT0069,Dar,Send,"490,582 ","14,722 ",0 ,Feature Phone,12,0,0,1,6,1,80,High Risk,2025-06
TXN1201,2025-01-15,CUST0129,AGT0047,Mwanza,Receive,"372,299 ","854,852 ","13,102 ",Web,21,0,0,1,13,1,150,High Risk,2025-01
TXN1202,2025-07-21,CUST0122,AGT0171,Mwanza,Withdraw,"126,886 ","362,601 ",0 ,Smartphone,21,0,0,0,5,1,50,Medium Risk,2025-07
TXN1203,2025-03-09,CUST0193,AGT0017,Mwanza,Receive,"73,633 ","366,873 ","297,378 ",Feature Phone,11,0,0,0,10,1,100,High Risk,2025-03
TXN1204,2025-11-20,CUST0347,AGT0025,Dodoma,Send,"306,706 ","697,228 ",0 ,Web,4,0,0,1,2,0,40,Medium Risk,2025-11
TXN1205,2025-11-09,CUST0060,AGT0148,Mwanza,Withdraw,"405,196 ","475,081 ",0 ,Smartphone,7,0,0,1,3,1,50,Medium Risk,2025-11
TXN1206,2025-05-07,CUST0244,AGT0008,Dodoma,BuyAirtime,"269,476 ","646,648 ",0 ,Smartphone,21,0,0,1,8,1,100,High Risk,2025-05
TXN1207,2025-09-30,CUST0477,AGT0011,Mwanza,PayBill,"447,700 ","489,653 ",0 ,Feature Phone,10,0,0,1,3,1,50,Medium Risk,2025-09
TXN1208,2025-02-07,CUST0410,AGT0195,Dar,Receive,"366,725 ","661,588 ","129,365 ",USSD,5,0,0,1,8,1,100,High Risk,2025-02
TXN1209,2025-07-03,CUST0031,AGT0022,Dodoma,PayBill,"257,526 ","985,516 ",0 ,Web,8,0,0,1,8,1,100,High Risk,2025-07
TXN1210,2025-09-26,CUST0221,AGT0121,Dodoma,Withdraw,"90,317 ","304,633 ",0 ,Feature Phone,11,0,0,0,3,1,30,Low Risk,2025-09
TXN1211,2025-01-03,CUST0352,AGT0053,Arusha,Receive,"122,388 ","586,631 ","489,076 ",USSD,17,0,0,0,12,1,120,High Risk,2025-01
TXN1212,2025-07-14,CUST0032,AGT0057,Mbeya,Withdraw,"223,154 ","679,837 ",0 ,Smartphone,7,0,0,1,5,1,70,High Risk,2025-07
TXN1213,2025-07-01,CUST0164,AGT0032,Dodoma,PayBill,"210,702 ","395,720 ",0 ,USSD,14,0,0,1,9,1,110,High Risk,2025-07
TXN1214,2025-06-10,CUST0449,AGT0046,Arusha,Receive,"447,526 ","511,271 ","212,684 ",Web,19,1,0,1,5,1,120,High Risk,2025-06
TXN1215,2025-09-26,CUST0145,AGT0131,Dodoma,Withdraw,"488,348 ","521,966 ",0 ,Smartphone,22,0,0,1,4,1,60,Medium Risk,2025-09
TXN1216,2025-10-11,CUST0386,AGT0142,Mbeya,Withdraw,"84,734 ","397,908 ",0 ,Feature Phone,1,0,0,0,2,0,20,Low Risk,2025-10
TXN1217,2025-05-24,CUST0499,AGT0187,Mbeya,PayBill,"469,773 ","430,042 ",0 ,USSD,8,0,0,1,8,1,100,High Risk,2025-05
TXN1218,2025-08-10,CUST0207,AGT0018,Mbeya,PayBill,"19,122 ","629,265 ",0 ,Smartphone,8,0,0,0,8,1,80,High Risk,2025-08
TXN1219,2025-10-20,CUST0429,AGT0083,Mbeya,Deposit,"466,325 ","973,904 ",0 ,Web,10,0,0,1,1,0,30,Low Risk,2025-10
TXN1220,2025-08-03,CUST0119,AGT0121,Mbeya,Send,"10,768 ","141,617 ",0 ,Feature Phone,15,0,0,0,6,1,60,Medium Risk,2025-08
TXN1221,2025-04-04,CUST0282,AGT0026,Dar,PayBill,"358,993 ","231,419 ",0 ,USSD,1,0,0,1,10,1,120,High Risk,2025-04
TXN1222,2025-02-04,CUST0140,AGT0050,Arusha,BuyAirtime,"298,131 ","967,832 ",0 ,Feature Phone,20,0,0,1,11,1,130,High Risk,2025-02
TXN1223,2025-06-10,CUST0190,AGT0106,Dar,PayBill,"190,178 ","204,445 ",0 ,Feature Phone,19,0,0,0,3,1,30,Low Risk,2025-06
TXN1224,2025-09-02,CUST0455,AGT0093,Mwanza,BuyAirtime,"202,174 ","551,519 ",0 ,Feature Phone,15,0,0,1,2,0,40,Medium Risk,2025-09
TXN1225,2025-10-15,CUST0050,AGT0163,Dar,Send,"326,222 ","760,111 ",0 ,USSD,10,0,0,1,1,0,30,Low Risk,2025-10
TXN1226,2025-03-12,CUST0439,AGT0036,Mbeya,Withdraw,"16,892 ","233,282 ",0 ,Feature Phone,8,0,0,0,12,1,120,High Risk,2025-03
TXN1227,2025-11-14,CUST0217,AGT0140,Arusha,Deposit,"248,957 ","862,272 ",0 ,Smartphone,17,0,0,1,2,0,40,Medium Risk,2025-11
TXN1228,2025-09-15,CUST0030,AGT0014,Mbeya,Receive,"343,653 ","490,859 ","247,275 ",Web,4,0,0,1,2,0,40,Medium Risk,2025-09
TXN1229,2025-01-14,CUST0079,AGT0144,Mwanza,Withdraw,"277,340 ","159,786 ",0 ,Web,10,0,0,1,16,1,180,High Risk,2025-01
TXN1230,2025-06-24,CUST0439,AGT0069,Dodoma,Withdraw,"112,054 ","975,841 ",0 ,Feature Phone,17,0,0,0,6,1,60,Medium Risk,2025-06
TXN1231,2025-04-18,CUST0212,AGT0165,Dar,Send,"459,587 ","604,569 ",0 ,Feature Phone,7,0,0,1,8,1,100,High Risk,2025-04
TXN1232,2025-11-20,CUST0182,AGT0164,Arusha,Send,"63,782 ","88,358 ",0 ,Smartphone,8,0,0,0,2,0,20,Low Risk,2025-11
TXN1233,2025-06-28,CUST0342,AGT0066,Mwanza,PayBill,"238,658 ","756,317 ",0 ,Smartphone,21,0,0,1,4,1,60,Medium Risk,2025-06
TXN1234,2025-04-13,CUST0471,AGT0004,Mbeya,Withdraw,"327,032 ","254,854 ",0 ,Web,8,0,0,1,8,1,100,High Risk,2025-04
TXN1235,2025-04-20,CUST0459,AGT0178,Arusha,Withdraw,"52,313 ","383,736 ",0 ,Web,20,0,0,0,10,1,100,High Risk,2025-04
TXN1236,2025-08-30,CUST0363,AGT0188,Dodoma,Receive,"301,397 ","887,828 ","482,287 ",Web,3,0,0,1,1,0,30,Low Risk,2025-08
TXN1237,2025-08-30,CUST0265,AGT0011,Dodoma,Send,"352,329 ","439,931 ",0 ,Smartphone,16,0,0,1,6,1,80,High Risk,2025-08
TXN1238,2025-07-02,CUST0308,AGT0133,Mwanza,Send,"287,474 ","907,007 ",0 ,Feature Phone,8,0,0,1,6,1,80,High Risk,2025-07
TXN1239,2025-10-03,CUST0477,AGT0088,Dar,PayBill,"343,716 ","995,494 ",0 ,Web,4,0,0,1,2,0,40,Medium Risk,2025-10
TXN1240,2025-01-21,CUST0174,AGT0075,Dodoma,Withdraw,"259,136 ","943,998 ",0 ,Smartphone,13,0,0,1,9,1,110,High Risk,2025-01
TXN1241,2025-12-01,CUST0015,AGT0032,Mwanza,Deposit,"44,369 ","539,868 ",0 ,Feature Phone,15,0,0,0,1,0,10,Low Risk,2025-12
TXN1242,2025-02-12,CUST0445,AGT0187,Mbeya,Receive,"310,761 ","243,963 ","396,174 ",Smartphone,11,0,0,1,10,1,120,High Risk,2025-02
TXN1243,2025-04-06,CUST0276,AGT0097,Mbeya,Receive,"100,107 ","345,750 ","399,615 ",Smartphone,22,0,0,0,7,1,70,High Risk,2025-04
TXN1244,2025-01-26,CUST0266,AGT0068,Dar,Deposit,"289,087 ","500,346 ",0 ,USSD,3,0,0,1,9,1,110,High Risk,2025-01
TXN1245,2025-10-16,CUST0416,AGT0003,Mwanza,Send,"449,867 ","971,617 ",0 ,USSD,22,0,0,1,1,0,30,Low Risk,2025-10
TXN1246,2025-01-10,CUST0256,AGT0139,Mwanza,BuyAirtime,"15,455 ","477,825 ",0 ,Smartphone,9,0,0,0,11,1,110,High Risk,2025-01
TXN1247,2025-08-28,CUST0156,AGT0154,Mwanza,Deposit,"27,908 ","782,629 ",0 ,Smartphone,18,0,0,0,4,1,40,Medium Risk,2025-08
TXN1248,2025-10-26,CUST0166,AGT0041,Dodoma,BuyAirtime,"91,730 ","844,803 ",0 ,Smartphone,23,0,0,0,3,1,30,Low Risk,2025-10
TXN1249,2025-10-31,CUST0296,AGT0032,Dodoma,BuyAirtime,"329,294 ","661,714 ",0 ,Feature Phone,22,0,0,1,2,0,40,Medium Risk,2025-10
TXN1250,2025-01-13,CUST0040,AGT0079,Dodoma,Deposit,"41,711 ","325,992 ",0 ,USSD,5,0,0,0,5,1,50,Medium Risk,2025-01
TXN1251,2025-07-28,CUST0402,AGT0154,Dodoma,Receive,"142,033 ","736,798 ","20,177 ",USSD,15,0,0,0,2,0,20,Low Risk,2025-07
TXN1252,2025-01-03,CUST0463,AGT0024,Mwanza,Withdraw,"427,805 ","784,234 ",0 ,Smartphone,12,0,0,1,9,1,110,High Risk,2025-01
TXN1253,2025-06-22,CUST0462,AGT0133,Dar,Deposit,"138,951 ","342,586 ",0 ,USSD,20,0,0,0,7,1,70,High Risk,2025-06
TXN1254,2025-04-22,CUST0413,AGT0023,Mbeya,Withdraw,"326,527 ","854,990 ",0 ,Smartphone,6,0,0,1,8,1,100,High Risk,2025-04
TXN1255,2025-03-02,CUST0442,AGT0145,Dar,PayBill,"365,081 ","907,590 ",0 ,USSD,23,0,0,1,10,1,120,High Risk,2025-03
TXN1256,2025-08-29,CUST0385,AGT0192,Arusha,Receive,"172,933 ","234,516 ","284,192 ",USSD,14,0,0,0,4,1,40,Medium Risk,2025-08
TXN1257,2025-11-14,CUST0494,AGT0061,Dodoma,Withdraw,"69,782 ","301,356 ",0 ,USSD,22,0,0,0,3,1,30,Low Risk,2025-11
TXN1258,2025-02-25,CUST0134,AGT0086,Mbeya,Deposit,"349,328 ","601,482 ",0 ,Feature Phone,20,0,0,1,7,1,90,High Risk,2025-02
TXN1259,2025-10-05,CUST0072,AGT0145,Mbeya,Send,"350,659 ","740,777 ",0 ,Feature Phone,1,0,0,1,2,0,40,Medium Risk,2025-10
TXN1260,2025-01-08,CUST0270,AGT0130,Mbeya,Receive,"244,791 ","591,886 ","83,681 ",Feature Phone,7,0,0,1,10,1,120,High Risk,2025-01
TXN1261,2025-08-30,CUST0177,AGT0183,Mbeya,Receive,"54,407 ","310,160 ","82,821 ",Feature Phone,17,0,0,0,4,1,40,Medium Risk,2025-08
TXN1262,2025-11-24,CUST0253,AGT0121,Mwanza,Deposit,"300,445 ","842,019 ",0 ,Web,7,0,0,1,2,0,40,Medium Risk,2025-11
TXN1263,2025-12-19,CUST0246,AGT0118,Dar,BuyAirtime,"148,938 ","799,815 ",0 ,USSD,13,0,0,0,2,0,20,Low Risk,2025-12
TXN1264,2025-07-15,CUST0455,AGT0160,Dodoma,BuyAirtime,"313,504 ","670,346 ",0 ,Smartphone,22,0,0,1,3,1,50,Medium Risk,2025-07
TXN1265,2025-06-18,CUST0065,AGT0046,Mbeya,Receive,"287,422 ","206,979 ","99,869 ",Web,21,0,0,1,12,1,140,High Risk,2025-06
TXN1266,2025-03-16,CUST0304,AGT0043,Dar,Deposit,"249,108 ","569,800 ",0 ,Smartphone,11,0,0,1,10,1,120,High Risk,2025-03
TXN1267,2025-03-02,CUST0491,AGT0018,Arusha,Withdraw,"77,428 ","619,357 ",0 ,Feature Phone,2,0,0,0,6,1,60,Medium Risk,2025-03
TXN1268,2025-05-06,CUST0118,AGT0047,Dar,Deposit,"174,413 ","91,240 ",0 ,Smartphone,5,0,0,0,9,1,90,High Risk,2025-05
TXN1269,2025-10-06,CUST0402,AGT0004,Mbeya,Withdraw,"363,982 ","992,084 ",0 ,Web,4,0,0,1,1,0,30,Low Risk,2025-10
TXN1270,2025-05-23,CUST0073,AGT0051,Mbeya,Deposit,"398,773 ","209,353 ",0 ,Feature Phone,18,0,0,1,5,1,70,High Risk,2025-05
TXN1271,2025-03-21,CUST0130,AGT0008,Arusha,BuyAirtime,"433,607 ","751,358 ",0 ,Web,15,0,0,1,11,1,130,High Risk,2025-03
TXN1272,2025-08-21,CUST0452,AGT0036,Dar,Receive,"198,123 ","296,946 ","401,793 ",Feature Phone,18,0,0,0,2,0,20,Low Risk,2025-08
TXN1273,2025-02-27,CUST0500,AGT0014,Arusha,BuyAirtime,"308,658 ","993,441 ",0 ,Smartphone,10,0,0,1,7,1,90,High Risk,2025-02
TXN1274,2025-05-04,CUST0264,AGT0026,Dar,Send,"158,089 ","428,157 ",0 ,USSD,18,0,0,0,7,1,70,High Risk,2025-05
TXN1275,2025-04-01,CUST0253,AGT0071,Arusha,Deposit,"213,161 ","584,719 ",0 ,Web,1,0,0,1,8,1,100,High Risk,2025-04
TXN1276,2025-02-04,CUST0218,AGT0199,Dodoma,Receive,"431,233 ","561,059 ","296,130 ",Smartphone,8,0,0,1,11,1,130,High Risk,2025-02
TXN1277,2025-07-20,CUST0369,AGT0054,Mbeya,Receive,"494,849 ","676,636 ","226,742 ",Smartphone,12,0,0,1,5,1,70,High Risk,2025-07
TXN1278,2025-10-13,CUST0014,AGT0009,Dodoma,Withdraw,"305,173 ","3,012 ",0 ,Web,12,0,0,1,6,1,80,High Risk,2025-10
TXN1279,2025-10-22,CUST0410,AGT0158,Arusha,BuyAirtime,"6,877 ","963,012 ",0 ,Feature Phone,8,0,0,0,1,0,10,Low Risk,2025-10
TXN1280,2025-09-10,CUST0437,AGT0160,Dar,Receive,"35,619 ","866,391 ","127,810 ",Feature Phone,22,0,0,0,3,1,30,Low Risk,2025-09
TXN1281,2025-07-11,CUST0231,AGT0154,Mbeya,Receive,"164,939 ","411,051 ","440,921 ",Web,10,0,0,0,8,1,80,High Risk,2025-07
TXN1282,2025-07-26,CUST0451,AGT0060,Dodoma,Send,"453,736 ","389,895 ",0 ,Web,12,0,0,1,4,1,60,Medium Risk,2025-07
TXN1283,2025-12-04,CUST0223,AGT0077,Mwanza,PayBill,"49,358 ","86,158 ",0 ,Smartphone,9,0,0,0,2,0,20,Low Risk,2025-12
TXN1284,2025-10-11,CUST0282,AGT0105,Mwanza,PayBill,"294,863 ","612,090 ",0 ,Smartphone,20,0,0,1,3,1,50,Medium Risk,2025-10
TXN1285,2025-04-19,CUST0481,AGT0066,Mbeya,Send,"32,694 ","931,945 ",0 ,USSD,0,0,0,0,9,1,90,High Risk,2025-04
TXN1286,2025-12-27,CUST0295,AGT0124,Arusha,Send,"476,955 ","876,775 ",0 ,Feature Phone,7,0,0,1,1,0,30,Low Risk,2025-12
TXN1287,2025-03-15,CUST0055,AGT0057,Dodoma,Deposit,"150,054 ","245,336 ",0 ,Smartphone,22,0,0,0,9,1,90,High Risk,2025-03
TXN1288,2025-06-21,CUST0205,AGT0034,Arusha,PayBill,"360,729 ","795,475 ",0 ,USSD,17,0,0,1,5,1,70,High Risk,2025-06
TXN1289,2025-12-24,CUST0459,AGT0128,Mwanza,Send,"230,514 ","174,759 ",0 ,Feature Phone,7,0,0,1,1,0,30,Low Risk,2025-12
TXN1290,2025-04-26,CUST0314,AGT0028,Mwanza,Deposit,"69,329 ","629,864 ",0 ,Feature Phone,14,0,0,0,5,1,50,Medium Risk,2025-04
TXN1291,2025-04-25,CUST0401,AGT0066,Dar,Receive,"300,810 ","371,950 ","270,080 ",USSD,14,0,0,1,9,1,110,High Risk,2025-04
TXN1292,2025-10-15,CUST0198,AGT0144,Mwanza,Deposit,"471,156 ","409,096 ",0 ,Smartphone,5,0,0,1,2,0,40,Medium Risk,2025-10
TXN1293,2025-10-15,CUST0208,AGT0083,Dar,Deposit,"239,837 ","803,708 ",0 ,Smartphone,5,0,0,1,1,0,30,Low Risk,2025-10
TXN1294,2025-02-05,CUST0032,AGT0072,Arusha,BuyAirtime,"61,034 ","832,227 ",0 ,Smartphone,19,0,0,0,12,1,120,High Risk,2025-02
TXN1295,2025-01-17,CUST0340,AGT0180,Arusha,Withdraw,"349,931 ","676,298 ",0 ,Feature Phone,7,0,0,1,10,1,120,High Risk,2025-01
TXN1296,2025-12-31,CUST0101,AGT0080,Dar,Deposit,"163,722 ","79,828 ",0 ,Web,9,0,0,0,1,0,10,Low Risk,2025-12
TXN1297,2025-06-12,CUST0131,AGT0187,Arusha,Deposit,"373,186 ","110,425 ",0 ,Feature Phone,10,0,0,1,7,1,90,High Risk,2025-06
TXN1298,2025-01-13,CUST0208,AGT0015,Arusha,PayBill,"352,364 ","984,363 ",0 ,Smartphone,8,0,0,1,5,1,70,High Risk,2025-01
TXN1299,2025-07-18,CUST0185,AGT0185,Dodoma,BuyAirtime,"296,408 ","74,579 ",0 ,Smartphone,9,0,0,1,6,1,80,High Risk,2025-07
TXN1300,2025-10-18,CUST0289,AGT0122,Dar,BuyAirtime,"175,716 ","652,649 ",0 ,Feature Phone,23,0,0,0,2,0,20,Low Risk,2025-10
TXN1301,2025-02-28,CUST0394,AGT0086,Mwanza,Send,"306,406 ","255,436 ",0 ,Web,20,0,0,1,9,1,110,High Risk,2025-02
TXN1302,2025-02-23,CUST0115,AGT0117,Arusha,Receive,"118,575 ","440,242 ","355,080 ",Web,14,0,0,0,11,1,110,High Risk,2025-02
TXN1303,2025-10-29,CUST0194,AGT0107,Dodoma,BuyAirtime,"235,324 ","557,358 ",0 ,Web,6,0,0,1,3,1,50,Medium Risk,2025-10
TXN1304,2025-01-02,CUST0113,AGT0184,Mwanza,Send,"73,898 ","825,727 ",0 ,Web,2,0,0,0,8,1,80,High Risk,2025-01
TXN1305,2025-08-19,CUST0474,AGT0084,Mwanza,BuyAirtime,"423,018 ","764,522 ",0 ,USSD,13,0,0,1,5,1,70,High Risk,2025-08
TXN1306,2025-04-03,CUST0348,AGT0072,Mbeya,BuyAirtime,"365,340 ","182,074 ",0 ,Feature Phone,22,0,0,1,8,1,100,High Risk,2025-04
TXN1307,2025-02-26,CUST0001,AGT0125,Dar,BuyAirtime,"63,158 ","418,744 ",0 ,Web,12,0,0,0,5,1,50,Medium Risk,2025-02
TXN1308,2025-07-23,CUST0126,AGT0186,Dodoma,Deposit,"54,717 ","795,971 ",0 ,Feature Phone,2,0,0,0,4,1,40,Medium Risk,2025-07
TXN1309,2025-03-28,CUST0155,AGT0102,Arusha,BuyAirtime,"153,792 ","464,799 ",0 ,USSD,0,0,0,0,5,1,50,Medium Risk,2025-03
TXN1310,2025-09-15,CUST0435,AGT0004,Dar,Receive,"167,413 ","764,215 ","15,687 ",Web,10,0,0,0,3,1,30,Low Risk,2025-09
TXN1311,2025-01-09,CUST0450,AGT0120,Mbeya,Receive,"423,965 ","594,744 ","216,961 ",USSD,17,0,0,1,10,1,120,High Risk,2025-01
TXN1312,2025-02-23,CUST0190,AGT0029,Arusha,BuyAirtime,"47,418 ","123,714 ",0 ,USSD,16,0,0,0,9,1,90,High Risk,2025-02
TXN1313,2025-06-19,CUST0438,AGT0155,Mbeya,Receive,"63,669 ","996,611 ","363,104 ",USSD,10,0,0,0,5,1,50,Medium Risk,2025-06
TXN1314,2025-04-07,CUST0393,AGT0136,Arusha,Send,"97,956 ","592,641 ",0 ,Feature Phone,17,0,0,0,6,1,60,Medium Risk,2025-04
TXN1315,2025-08-16,CUST0408,AGT0006,Mbeya,BuyAirtime,"232,209 ","694,827 ",0 ,Feature Phone,3,0,0,1,6,1,80,High Risk,2025-08
TXN1316,2025-06-21,CUST0036,AGT0115,Arusha,PayBill,"447,841 ","652,886 ",0 ,Smartphone,9,0,0,1,9,1,110,High Risk,2025-06
TXN1317,2025-05-24,CUST0312,AGT0200,Dodoma,Withdraw,"270,696 ","882,575 ",0 ,Web,4,0,0,1,7,1,90,High Risk,2025-05
TXN1318,2025-04-28,CUST0370,AGT0033,Dodoma,Deposit,"499,317 ","665,842 ",0 ,USSD,0,0,0,1,8,1,100,High Risk,2025-04
TXN1319,2025-06-09,CUST0313,AGT0098,Mwanza,Withdraw,"55,079 ","949,459 ",0 ,USSD,22,0,0,0,6,1,60,Medium Risk,2025-06
TXN1320,2025-11-05,CUST0398,AGT0143,Mbeya,Send,"298,137 ","956,496 ",0 ,Feature Phone,19,0,0,1,2,0,40,Medium Risk,2025-11
TXN1321,2025-09-14,CUST0390,AGT0084,Arusha,Withdraw,"304,878 ","715,099 ",0 ,USSD,23,0,0,1,3,1,50,Medium Risk,2025-09
TXN1322,2025-01-10,CUST0003,AGT0119,Arusha,Receive,"390,551 ","873,602 ","248,642 ",Smartphone,14,0,0,1,7,1,90,High Risk,2025-01
TXN1323,2025-12-27,CUST0493,AGT0049,Dodoma,Deposit,"193,909 ","923,711 ",0 ,USSD,6,0,0,0,1,0,10,Low Risk,2025-12
TXN1324,2025-08-27,CUST0369,AGT0027,Dar,Receive,"239,720 ","130,451 ","478,428 ",Feature Phone,7,0,0,1,4,1,60,Medium Risk,2025-08
TXN1325,2025-05-08,CUST0071,AGT0065,Mbeya,Send,"100,693 ","800,327 ",0 ,USSD,10,0,0,0,8,1,80,High Risk,2025-05
TXN1326,2025-08-30,CUST0440,AGT0041,Dodoma,Deposit,"232,382 ","4,206 ",0 ,Web,7,0,0,1,10,1,120,High Risk,2025-08
TXN1327,2025-04-13,CUST0169,AGT0128,Dar,Receive,"383,485 ","387,913 ","367,018 ",Smartphone,23,0,0,1,7,1,90,High Risk,2025-04
TXN1328,2025-11-03,CUST0093,AGT0010,Dar,BuyAirtime,"271,542 ","284,828 ",0 ,Smartphone,21,0,0,1,2,0,40,Medium Risk,2025-11
TXN1329,2025-05-13,CUST0339,AGT0193,Arusha,Receive,"108,000 ","487,802 ","103,126 ",Feature Phone,1,0,0,0,8,1,80,High Risk,2025-05
TXN1330,2025-01-05,CUST0128,AGT0099,Mwanza,Withdraw,"388,986 ","76,187 ",0 ,Web,8,0,0,1,13,1,150,High Risk,2025-01
TXN1331,2025-12-10,CUST0195,AGT0149,Dar,BuyAirtime,"31,639 ","828,281 ",0 ,Smartphone,5,0,0,0,2,0,20,Low Risk,2025-12
TXN1332,2025-11-21,CUST0138,AGT0141,Mbeya,PayBill,"113,251 ","862,312 ",0 ,Smartphone,6,0,0,0,3,1,30,Low Risk,2025-11
TXN1333,2025-11-24,CUST0320,AGT0043,Mbeya,Withdraw,"337,056 ","10,371 ",0 ,Web,13,0,0,1,4,1,60,Medium Risk,2025-11
TXN1334,2025-12-09,CUST0092,AGT0085,Arusha,Send,"132,427 ","469,169 ",0 ,Smartphone,20,0,0,0,2,0,20,Low Risk,2025-12
TXN1335,2025-06-24,CUST0117,AGT0071,Mbeya,PayBill,"435,203 ","28,461 ",0 ,Web,5,0,0,1,5,1,70,High Risk,2025-06
TXN1336,2025-06-07,CUST0293,AGT0002,Mbeya,Send,"190,874 ","810,096 ",0 ,Web,1,0,0,0,7,1,70,High Risk,2025-06
TXN1337,2025-12-26,CUST0302,AGT0091,Dar,PayBill,"169,673 ","551,186 ",0 ,Smartphone,2,0,0,0,1,0,10,Low Risk,2025-12
TXN1338,2025-09-25,CUST0281,AGT0137,Dar,Receive,"322,441 ","972,387 ","170,141 ",USSD,15,0,0,1,6,1,80,High Risk,2025-09
TXN1339,2025-06-30,CUST0233,AGT0102,Mwanza,Receive,"150,394 ","933,880 ","112,321 ",USSD,13,0,0,0,7,1,70,High Risk,2025-06
TXN1340,2025-11-25,CUST0488,AGT0174,Dodoma,PayBill,"498,090 ","859,868 ",0 ,Smartphone,23,0,0,1,4,1,60,Medium Risk,2025-11
TXN1341,2025-04-17,CUST0278,AGT0187,Dodoma,Send,"146,600 ","668,724 ",0 ,Feature Phone,17,0,0,0,7,1,70,High Risk,2025-04
TXN1342,2025-05-07,CUST0490,AGT0173,Mwanza,PayBill,"34,103 ","283,977 ",0 ,USSD,1,0,0,0,5,1,50,Medium Risk,2025-05
TXN1343,2025-11-03,CUST0332,AGT0102,Mbeya,PayBill,"95,305 ","878,238 ",0 ,Smartphone,11,0,0,0,5,1,50,Medium Risk,2025-11
TXN1344,2025-07-19,CUST0416,AGT0181,Dodoma,PayBill,"448,249 ","104,799 ",0 ,Feature Phone,16,0,0,1,6,1,80,High Risk,2025-07
TXN1345,2025-02-11,CUST0055,AGT0153,Dar,Withdraw,"58,002 ","586,455 ",0 ,Feature Phone,2,0,0,0,11,1,110,High Risk,2025-02
TXN1346,2025-08-07,CUST0167,AGT0103,Dodoma,PayBill,"490,855 ","142,695 ",0 ,Web,5,0,0,1,2,0,40,Medium Risk,2025-08
TXN1347,2025-07-30,CUST0090,AGT0182,Arusha,Receive,"72,489 ","355,125 ","53,018 ",Web,14,0,0,0,7,1,70,High Risk,2025-07
TXN1348,2025-06-17,CUST0415,AGT0186,Mbeya,BuyAirtime,"202,750 ","25,063 ",0 ,Web,22,0,0,1,3,1,50,Medium Risk,2025-06
TXN1349,2025-06-17,CUST0247,AGT0112,Arusha,PayBill,"89,591 ","643,533 ",0 ,Feature Phone,16,0,0,0,9,1,90,High Risk,2025-06
TXN1350,2025-12-09,CUST0480,AGT0137,Arusha,Send,"285,028 ","847,417 ",0 ,Feature Phone,12,0,0,1,1,0,30,Low Risk,2025-12
TXN1351,2025-10-23,CUST0338,AGT0177,Dar,Withdraw,"69,750 ","282,690 ",0 ,Feature Phone,11,0,0,0,3,1,30,Low Risk,2025-10
TXN1352,2025-08-20,CUST0104,AGT0037,Mbeya,BuyAirtime,"259,905 ","297,605 ",0 ,Web,8,0,0,1,9,1,110,High Risk,2025-08
TXN1353,2025-04-21,CUST0342,AGT0016,Dodoma,PayBill,"96,551 ","97,343 ",0 ,USSD,3,0,0,0,8,1,80,High Risk,2025-04
TXN1354,2025-12-12,CUST0308,AGT0187,Arusha,Deposit,"41,444 ","986,347 ",0 ,Smartphone,19,0,0,0,2,0,20,Low Risk,2025-12
TXN1355,2025-10-13,CUST0015,AGT0189,Mbeya,Send,"499,829 ","529,552 ",0 ,USSD,14,0,0,1,3,1,50,Medium Risk,2025-10
TXN1356,2025-01-17,CUST0226,AGT0159,Arusha,Withdraw,"108,926 ","869,901 ",0 ,Feature Phone,22,0,0,0,15,1,150,High Risk,2025-01
TXN1357,2025-11-04,CUST0242,AGT0118,Dodoma,Withdraw,"200,565 ","430,834 ",0 ,Smartphone,2,0,0,1,3,1,50,Medium Risk,2025-11
TXN1358,2025-07-21,CUST0150,AGT0104,Dar,Withdraw,"10,392 ","647,686 ",0 ,Web,21,0,0,0,8,1,80,High Risk,2025-07
TXN1359,2025-07-22,CUST0385,AGT0120,Arusha,BuyAirtime,"230,215 ","100,034 ",0 ,Smartphone,14,0,0,1,6,1,80,High Risk,2025-07
TXN1360,2025-02-21,CUST0250,AGT0086,Dodoma,Send,"55,473 ","338,621 ",0 ,Feature Phone,7,0,0,0,4,1,40,Medium Risk,2025-02
TXN1361,2025-04-17,CUST0055,AGT0199,Dar,Send,"344,135 ","112,354 ",0 ,Smartphone,14,0,0,1,7,1,90,High Risk,2025-04
TXN1362,2025-11-03,CUST0482,AGT0052,Mwanza,Receive,"386,210 ","749,336 ","257,358 ",USSD,15,0,0,1,3,1,50,Medium Risk,2025-11
TXN1363,2025-10-05,CUST0482,AGT0034,Mbeya,PayBill,"196,583 ","195,831 ",0 ,Web,18,0,0,0,5,1,50,Medium Risk,2025-10
TXN1364,2025-07-18,CUST0387,AGT0056,Mwanza,Receive,"269,533 ","803,695 ","303,604 ",USSD,17,0,0,1,3,1,50,Medium Risk,2025-07
TXN1365,2025-09-16,CUST0055,AGT0051,Mwanza,Withdraw,"285,727 ","26,665 ",0 ,USSD,13,0,0,1,5,1,70,High Risk,2025-09
TXN1366,2025-05-24,CUST0372,AGT0075,Dodoma,PayBill,"432,360 ","749,370 ",0 ,Smartphone,19,0,0,1,6,1,80,High Risk,2025-05
TXN1367,2025-01-31,CUST0313,AGT0030,Arusha,Send,"32,267 ","680,998 ",0 ,Feature Phone,23,0,0,0,8,1,80,High Risk,2025-01
TXN1368,2025-08-18,CUST0348,AGT0192,Mbeya,Receive,"183,237 ","894,278 ","51,944 ",USSD,8,0,0,0,3,1,30,Low Risk,2025-08
TXN1369,2025-12-09,CUST0325,AGT0107,Dar,Send,"45,390 ","399,707 ",0 ,Feature Phone,21,0,0,0,1,0,10,Low Risk,2025-12
TXN1370,2025-07-31,CUST0001,AGT0157,Mwanza,Send,"478,088 ","565,073 ",0 ,Smartphone,5,0,0,1,4,1,60,Medium Risk,2025-07
TXN1371,2025-06-02,CUST0469,AGT0044,Dodoma,BuyAirtime,"416,019 ","488,253 ",0 ,USSD,22,0,0,1,4,1,60,Medium Risk,2025-06
TXN1372,2025-06-11,CUST0109,AGT0065,Dodoma,Deposit,"212,418 ","126,577 ",0 ,Feature Phone,16,0,0,1,6,1,80,High Risk,2025-06
TXN1373,2025-09-12,CUST0055,AGT0074,Arusha,PayBill,"287,151 ","25,267 ",0 ,Smartphone,8,1,0,1,6,1,130,High Risk,2025-09
TXN1374,2025-08-24,CUST0158,AGT0024,Mbeya,PayBill,"74,078 ","598,093 ",0 ,Feature Phone,22,0,0,0,3,1,30,Low Risk,2025-08
TXN1375,2025-09-26,CUST0276,AGT0088,Mbeya,PayBill,"115,540 ","343,430 ",0 ,Web,14,0,0,0,4,1,40,Medium Risk,2025-09
TXN1376,2025-02-12,CUST0253,AGT0110,Mbeya,BuyAirtime,"340,924 ","850,655 ",0 ,Smartphone,20,0,0,1,11,1,130,High Risk,2025-02
TXN1377,2025-06-01,CUST0317,AGT0056,Dar,Send,"246,032 ","924,637 ",0 ,Web,23,0,0,1,8,1,100,High Risk,2025-06
TXN1378,2025-06-05,CUST0116,AGT0191,Mwanza,BuyAirtime,"204,063 ","267,317 ",0 ,USSD,0,0,0,1,6,1,80,High Risk,2025-06
TXN1379,2025-12-22,CUST0261,AGT0185,Mbeya,Withdraw,"358,397 ","76,950 ",0 ,Smartphone,15,0,0,1,1,0,30,Low Risk,2025-12
TXN1380,2025-11-12,CUST0442,AGT0122,Mwanza,Deposit,"355,573 ","743,164 ",0 ,USSD,13,0,0,1,2,0,40,Medium Risk,2025-11
TXN1381,2025-12-18,CUST0067,AGT0079,Arusha,Withdraw,"289,552 ","843,072 ",0 ,Web,9,0,0,1,1,0,30,Low Risk,2025-12
TXN1382,2025-07-26,CUST0137,AGT0200,Arusha,Withdraw,"241,322 ","241,443 ",0 ,Smartphone,23,0,0,1,8,1,100,High Risk,2025-07
TXN1383,2025-04-26,CUST0151,AGT0154,Mbeya,Withdraw,"298,488 ","988,106 ",0 ,Feature Phone,9,0,0,1,2,0,40,Medium Risk,2025-04
TXN1384,2025-07-18,CUST0362,AGT0149,Arusha,PayBill,"65,821 ","47,782 ",0 ,Feature Phone,5,0,0,0,6,1,60,Medium Risk,2025-07
TXN1385,2025-12-09,CUST0249,AGT0091,Dar,BuyAirtime,"498,833 ","789,021 ",0 ,Web,7,0,0,1,1,0,30,Low Risk,2025-12
TXN1386,2025-10-17,CUST0216,AGT0144,Mbeya,Send,"341,229 ","267,488 ",0 ,Feature Phone,2,0,0,1,4,1,60,Medium Risk,2025-10
TXN1387,2025-07-12,CUST0065,AGT0170,Dar,Send,"286,736 ","367,070 ",0 ,Web,13,1,0,1,9,1,160,High Risk,2025-07
TXN1388,2025-02-25,CUST0242,AGT0185,Arusha,Withdraw,"21,437 ","659,643 ",0 ,Web,7,0,0,0,9,1,90,High Risk,2025-02
TXN1389,2025-04-20,CUST0220,AGT0187,Dodoma,Receive,"91,556 ","481,944 ","198,088 ",USSD,15,0,0,0,3,1,30,Low Risk,2025-04
TXN1390,2025-11-25,CUST0281,AGT0103,Dodoma,Withdraw,"479,138 ","375,339 ",0 ,USSD,17,0,0,1,2,0,40,Medium Risk,2025-11
TXN1391,2025-03-17,CUST0288,AGT0064,Dar,PayBill,"258,892 ","293,158 ",0 ,Feature Phone,11,0,0,1,8,1,100,High Risk,2025-03
TXN1392,2025-08-20,CUST0111,AGT0053,Arusha,Deposit,"14,140 ","599,831 ",0 ,Feature Phone,6,0,0,0,1,0,10,Low Risk,2025-08
TXN1393,2025-12-27,CUST0381,AGT0152,Dodoma,PayBill,"416,074 ","655,427 ",0 ,Web,19,0,0,1,1,0,30,Low Risk,2025-12
TXN1394,2025-01-04,CUST0498,AGT0072,Dodoma,Receive,"132,028 ","603,402 ","130,008 ",USSD,6,0,0,0,17,1,170,High Risk,2025-01
TXN1395,2025-07-09,CUST0042,AGT0127,Dodoma,Deposit,"441,605 ","840,405 ",0 ,Feature Phone,1,0,0,1,8,1,100,High Risk,2025-07
TXN1396,2025-12-25,CUST0054,AGT0025,Arusha,BuyAirtime,"414,868 ","242,630 ",0 ,USSD,23,0,0,1,1,0,30,Low Risk,2025-12
TXN1397,2025-12-30,CUST0473,AGT0080,Mbeya,BuyAirtime,"322,733 ","434,363 ",0 ,USSD,15,0,0,1,1,0,30,Low Risk,2025-12
TXN1398,2025-03-29,CUST0053,AGT0164,Mwanza,Send,"110,088 ","702,906 ",0 ,Feature Phone,14,0,0,0,4,1,40,Medium Risk,2025-03
TXN1399,2025-07-30,CUST0229,AGT0037,Mbeya,Deposit,"142,928 ","388,401 ",0 ,Web,0,0,0,0,7,1,70,High Risk,2025-07
TXN1400,2025-10-30,CUST0488,AGT0005,Dodoma,Send,"328,775 ","516,483 ",0 ,USSD,16,0,0,1,5,1,70,High Risk,2025-10
TXN1401,2025-01-29,CUST0366,AGT0183,Arusha,Deposit,"147,519 ","570,217 ",0 ,Web,3,0,0,0,11,1,110,High Risk,2025-01
TXN1402,2025-12-10,CUST0357,AGT0198,Dar,BuyAirtime,"231,375 ","725,395 ",0 ,USSD,5,0,0,1,1,0,30,Low Risk,2025-12
TXN1403,2025-02-27,CUST0025,AGT0110,Mwanza,Deposit,"140,076 ","344,628 ",0 ,USSD,2,0,0,0,3,1,30,Low Risk,2025-02
TXN1404,2025-07-01,CUST0321,AGT0134,Dodoma,PayBill,"298,993 ","832,390 ",0 ,USSD,5,0,0,1,6,1,80,High Risk,2025-07
TXN1405,2025-06-24,CUST0260,AGT0140,Arusha,Withdraw,"164,044 ","894,024 ",0 ,Smartphone,11,0,0,0,6,1,60,Medium Risk,2025-06
TXN1406,2025-05-17,CUST0361,AGT0002,Arusha,BuyAirtime,"477,498 ","573,273 ",0 ,Web,21,0,0,1,5,1,70,High Risk,2025-05
TXN1407,2025-10-22,CUST0200,AGT0141,Mwanza,Deposit,"124,773 ","357,357 ",0 ,Feature Phone,22,0,0,0,3,1,30,Low Risk,2025-10
TXN1408,2025-08-10,CUST0119,AGT0003,Mwanza,BuyAirtime,"179,872 ","625,584 ",0 ,Smartphone,13,0,0,0,5,1,50,Medium Risk,2025-08
TXN1409,2025-12-01,CUST0140,AGT0144,Dar,Deposit,"3,269 ","437,324 ",0 ,Feature Phone,7,0,0,0,2,0,20,Low Risk,2025-12
TXN1410,2025-07-11,CUST0231,AGT0178,Mwanza,Receive,"182,316 ","285,393 ","396,102 ",Web,23,0,0,0,8,1,80,High Risk,2025-07
TXN1411,2025-11-17,CUST0150,AGT0194,Mbeya,PayBill,"20,627 ","744,163 ",0 ,USSD,20,0,0,0,5,1,50,Medium Risk,2025-11
TXN1412,2025-05-21,CUST0415,AGT0143,Arusha,PayBill,"426,215 ","347,454 ",0 ,USSD,5,0,0,1,5,1,70,High Risk,2025-05
TXN1413,2025-12-01,CUST0326,AGT0159,Dar,Send,"468,345 ","524,797 ",0 ,Feature Phone,3,0,0,1,1,0,30,Low Risk,2025-12
TXN1414,2025-04-10,CUST0495,AGT0094,Arusha,Withdraw,"372,168 ","959,192 ",0 ,USSD,5,0,0,1,8,1,100,High Risk,2025-04
TXN1415,2025-04-07,CUST0173,AGT0097,Dodoma,PayBill,"22,143 ","737,554 ",0 ,Smartphone,9,0,0,0,6,1,60,Medium Risk,2025-04
TXN1416,2025-04-28,CUST0091,AGT0003,Dodoma,PayBill,"412,462 ","735,668 ",0 ,Smartphone,17,0,0,1,7,1,90,High Risk,2025-04
TXN1417,2025-07-29,CUST0056,AGT0101,Arusha,Receive,"377,719 ","977,756 ","60,993 ",Smartphone,21,0,0,1,7,1,90,High Risk,2025-07
TXN1418,2025-04-26,CUST0096,AGT0153,Mbeya,Withdraw,"76,481 ","9,977 ",0 ,Smartphone,22,0,0,0,9,1,90,High Risk,2025-04
TXN1419,2025-10-21,CUST0131,AGT0075,Dar,Withdraw,"145,550 ","356,550 ",0 ,Web,19,0,0,0,3,1,30,Low Risk,2025-10
TXN1420,2025-06-14,CUST0318,AGT0136,Arusha,Deposit,"330,391 ","609,162 ",0 ,Smartphone,10,0,0,1,6,1,80,High Risk,2025-06
TXN1421,2025-03-27,CUST0071,AGT0120,Dodoma,Send,"360,880 ","734,089 ",0 ,Web,20,0,0,1,11,1,130,High Risk,2025-03
TXN1422,2025-10-31,CUST0425,AGT0069,Dar,BuyAirtime,"313,064 ","368,868 ",0 ,Web,6,0,0,1,2,0,40,Medium Risk,2025-10
TXN1423,2025-03-27,CUST0191,AGT0169,Mbeya,Send,"466,525 ","885,499 ",0 ,Smartphone,1,0,0,1,8,1,100,High Risk,2025-03
TXN1424,2025-01-31,CUST0043,AGT0166,Mwanza,Deposit,"231,652 ","54,754 ",0 ,Smartphone,12,0,0,1,8,1,100,High Risk,2025-01
TXN1425,2025-04-02,CUST0243,AGT0060,Mbeya,PayBill,"466,791 ","902,775 ",0 ,Feature Phone,19,0,0,1,5,1,70,High Risk,2025-04
TXN1426,2025-11-30,CUST0488,AGT0155,Arusha,BuyAirtime,"157,483 ","976,220 ",0 ,Smartphone,20,0,0,0,2,0,20,Low Risk,2025-11
TXN1427,2025-11-11,CUST0463,AGT0145,Arusha,Send,"88,576 ","341,488 ",0 ,Web,20,0,0,0,2,0,20,Low Risk,2025-11
TXN1428,2025-05-02,CUST0082,AGT0200,Dodoma,PayBill,"328,905 ","393,182 ",0 ,Smartphone,12,0,0,1,4,1,60,Medium Risk,2025-05
TXN1429,2025-07-06,CUST0028,AGT0126,Arusha,Receive,"370,536 ","690,388 ","95,059 ",Feature Phone,22,0,0,1,8,1,100,High Risk,2025-07
TXN1430,2025-04-25,CUST0312,AGT0116,Mwanza,Withdraw,"456,323 ","934,330 ",0 ,Smartphone,1,0,0,1,9,1,110,High Risk,2025-04
TXN1431,2025-06-17,CUST0229,AGT0198,Dodoma,Withdraw,"121,486 ","501,411 ",0 ,USSD,18,0,0,0,9,1,90,High Risk,2025-06
TXN1432,2025-09-30,CUST0444,AGT0192,Mbeya,Deposit,"108,367 ","463,976 ",0 ,Feature Phone,11,0,0,0,2,0,20,Low Risk,2025-09
TXN1433,2025-05-13,CUST0499,AGT0194,Dodoma,BuyAirtime,"277,532 ","186,082 ",0 ,Feature Phone,9,0,0,1,9,1,110,High Risk,2025-05
TXN1434,2025-01-10,CUST0250,AGT0024,Dodoma,PayBill,"31,546 ","751,005 ",0 ,USSD,20,0,0,0,6,1,60,Medium Risk,2025-01
TXN1435,2025-05-02,CUST0413,AGT0077,Dodoma,Deposit,"1,170 ","436,379 ",0 ,Smartphone,16,0,0,0,7,1,70,High Risk,2025-05
TXN1436,2025-10-18,CUST0106,AGT0153,Arusha,BuyAirtime,"395,777 ","450,428 ",0 ,Web,12,0,0,1,4,1,60,Medium Risk,2025-10
TXN1437,2025-05-24,CUST0113,AGT0089,Dodoma,Receive,"474,025 ","330,090 ","2,437 ",Smartphone,10,0,0,1,4,1,60,Medium Risk,2025-05
TXN1438,2025-03-25,CUST0334,AGT0032,Mwanza,Deposit,"428,825 ","584,210 ",0 ,USSD,4,0,0,1,4,1,60,Medium Risk,2025-03
TXN1439,2025-10-23,CUST0305,AGT0179,Arusha,Deposit,"471,362 ","745,935 ",0 ,Feature Phone,21,0,0,1,1,0,30,Low Risk,2025-10
TXN1440,2025-12-24,CUST0265,AGT0092,Dodoma,Withdraw,"132,130 ","904,625 ",0 ,USSD,21,0,0,0,2,0,20,Low Risk,2025-12
TXN1441,2025-07-21,CUST0038,AGT0179,Mwanza,BuyAirtime,"84,411 ","778,868 ",0 ,Smartphone,20,0,0,0,5,1,50,Medium Risk,2025-07
TXN1442,2025-03-31,CUST0187,AGT0056,Dar,BuyAirtime,"386,232 ","220,339 ",0 ,Web,11,0,0,1,12,1,140,High Risk,2025-03
TXN1443,2025-03-08,CUST0181,AGT0160,Mbeya,Send,"110,987 ","639,197 ",0 ,Smartphone,18,0,0,0,7,1,70,High Risk,2025-03
TXN1444,2025-12-13,CUST0221,AGT0091,Mbeya,Receive,"27,832 ","908,884 ","181,533 ",Feature Phone,20,0,0,0,1,0,10,Low Risk,2025-12
TXN1445,2025-09-11,CUST0253,AGT0079,Dar,BuyAirtime,"474,220 ","525,986 ",0 ,USSD,23,0,0,1,3,1,50,Medium Risk,2025-09
TXN1446,2025-06-14,CUST0124,AGT0143,Arusha,BuyAirtime,"162,107 ","322,024 ",0 ,Feature Phone,14,0,0,0,4,1,40,Medium Risk,2025-06
TXN1447,2025-04-02,CUST0144,AGT0026,Mwanza,Send,"361,307 ","292,928 ",0 ,Feature Phone,15,0,0,1,6,1,80,High Risk,2025-04
TXN1448,2025-12-21,CUST0170,AGT0189,Dar,BuyAirtime,"73,763 ","82,118 ",0 ,Web,5,0,0,0,1,0,10,Low Risk,2025-12
TXN1449,2025-04-03,CUST0029,AGT0065,Dar,BuyAirtime,"338,636 ","231,130 ",0 ,Web,7,0,0,1,7,1,90,High Risk,2025-04
TXN1450,2025-04-02,CUST0434,AGT0109,Arusha,Withdraw,"88,611 ","325,019 ",0 ,USSD,23,0,0,0,10,1,100,High Risk,2025-04
TXN1451,2025-12-27,CUST0242,AGT0133,Mbeya,PayBill,"136,176 ","964,233 ",0 ,Web,3,0,0,0,1,0,10,Low Risk,2025-12
TXN1452,2025-12-02,CUST0478,AGT0197,Dar,Withdraw,"236,919 ","288,260 ",0 ,Web,4,0,0,1,4,1,60,Medium Risk,2025-12
TXN1453,2025-05-24,CUST0150,AGT0179,Dodoma,Receive,"127,583 ","190,125 ","379,986 ",USSD,23,0,0,0,10,1,100,High Risk,2025-05
TXN1454,2025-12-25,CUST0432,AGT0056,Mbeya,Send,"1,820 ","531,749 ",0 ,Feature Phone,4,0,0,0,1,0,10,Low Risk,2025-12
TXN1455,2025-08-08,CUST0258,AGT0107,Mwanza,Withdraw,"218,236 ","429,716 ",0 ,Feature Phone,0,0,0,1,4,1,60,Medium Risk,2025-08
TXN1456,2025-01-28,CUST0114,AGT0063,Dar,Deposit,"435,075 ","725,265 ",0 ,USSD,12,0,0,1,9,1,110,High Risk,2025-01
TXN1457,2025-06-10,CUST0035,AGT0113,Dar,Deposit,"430,813 ","548,235 ",0 ,Feature Phone,2,0,0,1,9,1,110,High Risk,2025-06
TXN1458,2025-02-02,CUST0053,AGT0134,Arusha,Send,"250,467 ","397,098 ",0 ,Smartphone,23,0,0,1,6,1,80,High Risk,2025-02
TXN1459,2025-02-18,CUST0427,AGT0118,Mwanza,BuyAirtime,"66,014 ","226,362 ",0 ,Feature Phone,20,0,0,0,11,1,110,High Risk,2025-02
TXN1460,2025-05-22,CUST0292,AGT0136,Mbeya,Withdraw,"262,571 ","30,897 ",0 ,Web,11,0,0,1,5,1,70,High Risk,2025-05
TXN1461,2025-05-24,CUST0491,AGT0149,Dodoma,Send,"488,933 ","177,059 ",0 ,Feature Phone,8,0,0,1,3,1,50,Medium Risk,2025-05
TXN1462,2025-10-07,CUST0462,AGT0053,Mbeya,Deposit,"106,864 ","663,547 ",0 ,Smartphone,9,0,0,0,2,0,20,Low Risk,2025-10
TXN1463,2025-05-05,CUST0077,AGT0171,Dar,Send,"244,784 ","147,595 ",0 ,USSD,22,0,0,1,8,1,100,High Risk,2025-05
TXN1464,2025-08-24,CUST0239,AGT0126,Mwanza,Receive,"37,720 ","161,422 ","470,368 ",USSD,18,0,0,0,1,0,10,Low Risk,2025-08
TXN1465,2025-08-25,CUST0258,AGT0118,Mbeya,Deposit,"133,499 ","195,999 ",0 ,Web,5,0,0,0,2,0,20,Low Risk,2025-08
TXN1466,2025-12-17,CUST0478,AGT0012,Mwanza,Deposit,"94,801 ","202,329 ",0 ,USSD,21,0,0,0,1,0,10,Low Risk,2025-12
TXN1467,2025-07-09,CUST0032,AGT0093,Mwanza,Send,"403,032 ","64,912 ",0 ,USSD,8,0,0,1,6,1,80,High Risk,2025-07
TXN1468,2025-05-16,CUST0390,AGT0094,Dar,Send,"272,389 ","425,364 ",0 ,Feature Phone,15,0,0,1,6,1,80,High Risk,2025-05
TXN1469,2025-12-03,CUST0247,AGT0177,Arusha,PayBill,"190,016 ","250,641 ",0 ,Web,18,0,0,0,3,1,30,Low Risk,2025-12
TXN1470,2025-11-29,CUST0417,AGT0151,Mbeya,Send,"72,387 ","991,926 ",0 ,Web,9,0,0,0,2,0,20,Low Risk,2025-11
TXN1471,2025-01-13,CUST0383,AGT0103,Dodoma,Send,"234,920 ","134,117 ",0 ,Feature Phone,22,0,0,1,8,1,100,High Risk,2025-01
TXN1472,2025-11-19,CUST0368,AGT0041,Mbeya,BuyAirtime,"452,047 ","317,369 ",0 ,Smartphone,20,0,0,1,1,0,30,Low Risk,2025-11
TXN1473,2025-12-26,CUST0450,AGT0150,Mwanza,Withdraw,"12,279 ","912,459 ",0 ,USSD,7,0,0,0,1,0,10,Low Risk,2025-12
TXN1474,2025-06-30,CUST0064,AGT0194,Arusha,Send,"311,184 ","166,261 ",0 ,USSD,0,0,0,1,4,1,60,Medium Risk,2025-06
TXN1475,2025-10-10,CUST0195,AGT0159,Dodoma,Receive,"495,471 ","536,881 ","408,786 ",Smartphone,19,0,0,1,3,1,50,Medium Risk,2025-10
TXN1476,2025-03-20,CUST0227,AGT0005,Dar,Deposit,"449,444 ","29,848 ",0 ,Smartphone,20,0,0,1,8,1,100,High Risk,2025-03
TXN1477,2025-01-25,CUST0496,AGT0169,Dodoma,PayBill,"224,856 ","979,791 ",0 ,Feature Phone,20,0,0,1,12,1,140,High Risk,2025-01
TXN1478,2025-07-08,CUST0092,AGT0070,Dar,Withdraw,"285,708 ","449,950 ",0 ,Web,1,0,0,1,6,1,80,High Risk,2025-07
TXN1479,2025-01-28,CUST0228,AGT0153,Dar,Send,"209,994 ","635,973 ",0 ,Web,21,0,0,1,14,1,160,High Risk,2025-01
TXN1480,2025-05-02,CUST0317,AGT0130,Dodoma,BuyAirtime,"466,099 ","851,941 ",0 ,USSD,16,0,0,1,11,1,130,High Risk,2025-05
TXN1481,2025-03-24,CUST0290,AGT0036,Dodoma,Deposit,"465,286 ","63,497 ",0 ,Web,22,0,0,1,8,1,100,High Risk,2025-03
TXN1482,2025-03-22,CUST0010,AGT0119,Arusha,Deposit,"354,586 ","233,339 ",0 ,USSD,17,0,0,1,5,1,70,High Risk,2025-03
TXN1483,2025-10-07,CUST0248,AGT0060,Dar,Withdraw,"224,913 ","117,073 ",0 ,Feature Phone,10,0,0,1,3,1,50,Medium Risk,2025-10
TXN1484,2025-02-28,CUST0176,AGT0002,Dodoma,PayBill,"411,823 ","978,188 ",0 ,Smartphone,21,0,0,1,11,1,130,High Risk,2025-02
TXN1485,2025-06-17,CUST0209,AGT0138,Dodoma,Receive,"126,219 ","332,357 ","51,585 ",Smartphone,21,0,0,0,10,1,100,High Risk,2025-06
TXN1486,2025-11-02,CUST0145,AGT0053,Arusha,BuyAirtime,"127,325 ","527,773 ",0 ,Feature Phone,19,0,0,0,2,0,20,Low Risk,2025-11
TXN1487,2025-12-13,CUST0281,AGT0181,Arusha,Deposit,"81,169 ","506,544 ",0 ,Web,16,1,0,0,1,0,60,Medium Risk,2025-12
TXN1488,2025-02-06,CUST0222,AGT0041,Mwanza,Deposit,"437,253 ","216,099 ",0 ,Smartphone,3,0,0,1,12,1,140,High Risk,2025-02
TXN1489,2025-05-30,CUST0447,AGT0025,Dar,Receive,"3,782 ","805,558 ","77,814 ",Smartphone,23,0,0,0,6,1,60,Medium Risk,2025-05
TXN1490,2025-06-04,CUST0025,AGT0105,Mbeya,PayBill,"162,278 ","616,762 ",0 ,Web,17,0,0,0,2,0,20,Low Risk,2025-06
TXN1491,2025-09-19,CUST0264,AGT0078,Mwanza,Send,"35,609 ","181,728 ",0 ,Web,21,0,0,0,3,1,30,Low Risk,2025-09
TXN1492,2025-09-22,CUST0295,AGT0024,Mbeya,BuyAirtime,"246,007 ","467,494 ",0 ,Smartphone,1,0,0,1,6,1,80,High Risk,2025-09
TXN1493,2025-04-04,CUST0227,AGT0028,Dar,Send,"44,731 ","206,882 ",0 ,Smartphone,18,0,0,0,7,1,70,High Risk,2025-04
TXN1494,2025-08-13,CUST0496,AGT0001,Dar,Send,"494,148 ","879,737 ",0 ,Smartphone,2,0,0,1,6,1,80,High Risk,2025-08
TXN1495,2025-10-17,CUST0098,AGT0185,Dar,Withdraw,"487,609 ","91,198 ",0 ,Feature Phone,3,0,0,1,2,0,40,Medium Risk,2025-10
TXN1496,2025-08-20,CUST0381,AGT0188,Dodoma,Send,"228,028 ","523,496 ",0 ,Web,12,0,0,1,5,1,70,High Risk,2025-08
TXN1497,2025-02-11,CUST0306,AGT0158,Mwanza,Deposit,"210,850 ","751,591 ",0 ,Feature Phone,23,0,0,1,10,1,120,High Risk,2025-02
TXN1498,2025-09-05,CUST0086,AGT0037,Mbeya,Receive,"395,242 ","697,681 ","117,731 ",Smartphone,3,0,0,1,7,1,90,High Risk,2025-09
TXN1499,2025-11-11,CUST0211,AGT0152,Dodoma,Receive,"206,202 ","568,142 ","493,918 ",Web,3,0,0,1,1,0,30,Low Risk,2025-11
TXN1500,2025-09-29,CUST0440,AGT0080,Arusha,PayBill,"287,345 ","611,564 ",0 ,Feature Phone,8,0,0,1,6,1,80,High Risk,2025-09
TXN1501,2025-05-15,CUST0100,AGT0048,Arusha,Withdraw,"192,491 ","537,475 ",0 ,Web,1,0,0,0,11,1,110,High Risk,2025-05
TXN1502,2025-11-08,CUST0247,AGT0189,Dodoma,PayBill,"494,640 ","834,851 ",0 ,Feature Phone,17,1,0,1,4,1,110,High Risk,2025-11
TXN1503,2025-01-01,CUST0400,AGT0030,Dodoma,Send,"316,315 ","854,085 ",0 ,Web,1,0,0,1,4,1,60,Medium Risk,2025-01
TXN1504,2025-12-23,CUST0051,AGT0047,Dodoma,BuyAirtime,"100,995 ","978,891 ",0 ,USSD,17,1,0,0,1,0,60,Medium Risk,2025-12
TXN1505,2025-06-07,CUST0199,AGT0141,Mbeya,BuyAirtime,"304,007 ","692,066 ",0 ,Feature Phone,22,0,0,1,5,1,70,High Risk,2025-06
TXN1506,2025-02-11,CUST0370,AGT0121,Dar,Withdraw,"219,667 ","815,592 ",0 ,Smartphone,23,0,0,1,10,1,120,High Risk,2025-02
TXN1507,2025-09-21,CUST0106,AGT0122,Mwanza,Send,"178,126 ","359,103 ",0 ,USSD,10,0,0,0,7,1,70,High Risk,2025-09
TXN1508,2025-01-18,CUST0135,AGT0092,Mbeya,Withdraw,"346,678 ","75,433 ",0 ,Smartphone,5,0,0,1,5,1,70,High Risk,2025-01
TXN1509,2025-01-01,CUST0042,AGT0027,Dodoma,Deposit,"39,032 ","238,008 ",0 ,Smartphone,12,1,0,0,13,1,180,High Risk,2025-01
TXN1510,2025-09-30,CUST0246,AGT0083,Dar,BuyAirtime,"108,602 ","993,641 ",0 ,Feature Phone,18,0,0,0,5,1,50,Medium Risk,2025-09
TXN1511,2025-05-25,CUST0261,AGT0172,Dar,BuyAirtime,"192,174 ","189,112 ",0 ,Web,20,0,0,0,7,1,70,High Risk,2025-05
TXN1512,2025-11-01,CUST0102,AGT0020,Dar,BuyAirtime,"106,369 ","224,250 ",0 ,USSD,12,0,0,0,2,0,20,Low Risk,2025-11
TXN1513,2025-09-15,CUST0260,AGT0096,Arusha,Send,"141,988 ","418,018 ",0 ,USSD,8,0,0,0,4,1,40,Medium Risk,2025-09
TXN1514,2025-12-19,CUST0175,AGT0006,Mwanza,Send,"153,595 ","465,459 ",0 ,USSD,23,0,0,0,1,0,10,Low Risk,2025-12
TXN1515,2025-04-13,CUST0411,AGT0172,Dodoma,Receive,"363,655 ","151,050 ","109,340 ",Web,19,0,0,1,11,1,130,High Risk,2025-04
TXN1516,2025-07-07,CUST0312,AGT0040,Arusha,Deposit,"187,872 ","227,144 ",0 ,Smartphone,15,0,0,0,5,1,50,Medium Risk,2025-07
TXN1517,2025-07-14,CUST0397,AGT0187,Mbeya,Receive,"124,480 ","889,211 ","165,817 ",Web,17,0,0,0,4,1,40,Medium Risk,2025-07
TXN1518,2025-11-03,CUST0212,AGT0073,Arusha,Deposit,"498,661 ","255,476 ",0 ,USSD,0,0,0,1,2,0,40,Medium Risk,2025-11
TXN1519,2025-07-03,CUST0391,AGT0154,Mwanza,BuyAirtime,"212,439 ","125,771 ",0 ,Feature Phone,11,0,0,1,5,1,70,High Risk,2025-07
TXN1520,2025-08-02,CUST0042,AGT0057,Dar,Receive,"127,167 ","957,172 ","48,908 ",Web,20,0,0,0,7,1,70,High Risk,2025-08
TXN1521,2025-05-04,CUST0459,AGT0118,Mwanza,Deposit,"481,695 ","492,827 ",0 ,Feature Phone,18,0,0,1,9,1,110,High Risk,2025-05
TXN1522,2025-06-11,CUST0496,AGT0148,Arusha,Deposit,"28,476 ","236,307 ",0 ,USSD,12,0,0,0,8,1,80,High Risk,2025-06
TXN1523,2025-10-24,CUST0128,AGT0006,Dodoma,PayBill,"255,370 ","179,345 ",0 ,Web,0,0,0,1,6,1,80,High Risk,2025-10
TXN1524,2025-10-16,CUST0026,AGT0183,Arusha,Send,"134,217 ","469,221 ",0 ,Web,2,0,0,0,2,0,20,Low Risk,2025-10
TXN1525,2025-03-10,CUST0149,AGT0143,Arusha,Withdraw,"232,958 ","90,994 ",0 ,Smartphone,9,0,0,1,10,1,120,High Risk,2025-03
TXN1526,2025-01-03,CUST0167,AGT0155,Dar,Deposit,"460,987 ","460,862 ",0 ,Web,4,0,0,1,14,1,160,High Risk,2025-01
TXN1527,2025-10-10,CUST0351,AGT0176,Dar,Deposit,"259,680 ","682,628 ",0 ,USSD,12,0,0,1,2,0,40,Medium Risk,2025-10
TXN1528,2025-03-28,CUST0248,AGT0188,Arusha,Withdraw,"205,345 ","292,201 ",0 ,Feature Phone,6,0,0,1,9,1,110,High Risk,2025-03
TXN1529,2025-05-21,CUST0015,AGT0006,Dodoma,Send,"481,242 ","970,079 ",0 ,Smartphone,1,0,0,1,7,1,90,High Risk,2025-05
TXN1530,2025-03-01,CUST0462,AGT0176,Dodoma,Deposit,"360,859 ","841,139 ",0 ,USSD,19,0,0,1,11,1,130,High Risk,2025-03
TXN1531,2025-07-27,CUST0421,AGT0126,Mbeya,Receive,"460,053 ","740,422 ","51,532 ",Feature Phone,8,0,0,1,1,0,30,Low Risk,2025-07
TXN1532,2025-05-04,CUST0026,AGT0183,Mwanza,BuyAirtime,"166,027 ","294,019 ",0 ,Feature Phone,11,0,0,0,7,1,70,High Risk,2025-05
TXN1533,2025-03-14,CUST0406,AGT0075,Dodoma,Receive,"224,771 ","645,227 ","464,314 ",Feature Phone,1,0,0,1,9,1,110,High Risk,2025-03
TXN1534,2025-01-10,CUST0381,AGT0089,Mbeya,Withdraw,"291,746 ","258,509 ",0 ,Feature Phone,2,0,0,1,10,1,120,High Risk,2025-01
TXN1535,2025-04-15,CUST0423,AGT0189,Mbeya,Receive,"351,732 ","881,642 ","66,838 ",Smartphone,22,0,0,1,8,1,100,High Risk,2025-04
TXN1536,2025-03-28,CUST0252,AGT0106,Dar,BuyAirtime,"144,794 ","149,860 ",0 ,Feature Phone,10,0,0,0,4,1,40,Medium Risk,2025-03
TXN1537,2025-11-04,CUST0091,AGT0172,Mbeya,BuyAirtime,"454,757 ","878,029 ",0 ,Smartphone,3,0,0,1,1,0,30,Low Risk,2025-11
TXN1538,2025-02-02,CUST0335,AGT0113,Dar,Withdraw,"166,885 ","420,337 ",0 ,Web,7,0,0,0,17,1,170,High Risk,2025-02
TXN1539,2025-12-31,CUST0077,AGT0096,Arusha,Withdraw,"267,882 ","610,063 ",0 ,Web,1,0,0,1,1,0,30,Low Risk,2025-12
TXN1540,2025-01-23,CUST0089,AGT0063,Dar,Deposit,"268,816 ","32,783 ",0 ,Smartphone,16,0,0,1,8,1,100,High Risk,2025-01
TXN1541,2025-11-12,CUST0149,AGT0010,Mwanza,Deposit,"38,379 ","207,760 ",0 ,Smartphone,3,0,0,0,2,0,20,Low Risk,2025-11
TXN1542,2025-06-23,CUST0191,AGT0159,Dodoma,Deposit,"104,378 ","17,991 ",0 ,Web,0,0,0,0,6,1,60,Medium Risk,2025-06
TXN1543,2025-10-02,CUST0448,AGT0087,Dodoma,PayBill,"192,962 ","909,509 ",0 ,Feature Phone,23,0,0,0,4,1,40,Medium Risk,2025-10
TXN1544,2025-05-02,CUST0204,AGT0128,Dar,PayBill,"351,991 ","606,374 ",0 ,USSD,7,0,0,1,7,1,90,High Risk,2025-05
TXN1545,2025-06-07,CUST0095,AGT0127,Arusha,PayBill,"161,221 ","530,803 ",0 ,Feature Phone,17,0,0,0,11,1,110,High Risk,2025-06
TXN1546,2025-11-16,CUST0080,AGT0192,Arusha,Withdraw,"270,853 ","898,023 ",0 ,Feature Phone,16,0,0,1,1,0,30,Low Risk,2025-11
TXN1547,2025-02-06,CUST0395,AGT0040,Arusha,PayBill,"74,285 ","979,446 ",0 ,Feature Phone,3,0,0,0,9,1,90,High Risk,2025-02
TXN1548,2025-03-30,CUST0279,AGT0020,Mwanza,BuyAirtime,"283,640 ","989,886 ",0 ,Feature Phone,22,1,0,1,8,1,150,High Risk,2025-03
TXN1549,2025-06-17,CUST0152,AGT0129,Mwanza,Send,"117,833 ","785,394 ",0 ,Smartphone,20,0,0,0,7,1,70,High Risk,2025-06
TXN1550,2025-05-20,CUST0269,AGT0131,Mwanza,Receive,"241,496 ","262,100 ","349,448 ",USSD,15,0,0,1,9,1,110,High Risk,2025-05
TXN1551,2025-07-23,CUST0027,AGT0148,Dodoma,Withdraw,"469,651 ","106,822 ",0 ,Web,1,0,0,1,6,1,80,High Risk,2025-07
TXN1552,2025-04-12,CUST0348,AGT0028,Arusha,Deposit,"203,823 ","213,211 ",0 ,Smartphone,0,0,0,1,7,1,90,High Risk,2025-04
TXN1553,2025-12-19,CUST0259,AGT0189,Mwanza,PayBill,"39,107 ","659,263 ",0 ,Web,8,0,0,0,2,0,20,Low Risk,2025-12
TXN1554,2025-10-13,CUST0002,AGT0062,Arusha,Withdraw,"72,515 ","536,761 ",0 ,USSD,17,0,0,0,3,1,30,Low Risk,2025-10
TXN1555,2025-12-13,CUST0366,AGT0116,Mwanza,Deposit,"171,724 ","267,645 ",0 ,USSD,0,0,0,0,2,0,20,Low Risk,2025-12
TXN1556,2025-07-30,CUST0263,AGT0147,Mwanza,Withdraw,"262,197 ","905,408 ",0 ,USSD,18,0,0,1,9,1,110,High Risk,2025-07
TXN1557,2025-10-19,CUST0261,AGT0028,Mbeya,BuyAirtime,"334,386 ","311,899 ",0 ,USSD,6,0,0,1,3,1,50,Medium Risk,2025-10
TXN1558,2025-10-04,CUST0165,AGT0191,Dar,Deposit,"474,638 ","368,720 ",0 ,Feature Phone,5,0,0,1,3,1,50,Medium Risk,2025-10
TXN1559,2025-08-25,CUST0177,AGT0126,Arusha,Receive,"247,502 ","528,320 ","10,870 ",Smartphone,10,0,0,1,5,1,70,High Risk,2025-08
TXN1560,2025-08-08,CUST0114,AGT0040,Arusha,BuyAirtime,"110,390 ","5,371 ",0 ,Web,22,0,0,0,4,1,40,Medium Risk,2025-08
TXN1561,2025-07-24,CUST0024,AGT0001,Dodoma,BuyAirtime,"144,219 ","666,574 ",0 ,USSD,2,0,0,0,7,1,70,High Risk,2025-07
TXN1562,2025-08-03,CUST0017,AGT0050,Arusha,Withdraw,"361,912 ","916,159 ",0 ,Smartphone,16,0,0,1,4,1,60,Medium Risk,2025-08
TXN1563,2025-11-28,CUST0475,AGT0167,Arusha,PayBill,"175,581 ","573,417 ",0 ,Smartphone,12,0,0,0,2,0,20,Low Risk,2025-11
TXN1564,2025-04-02,CUST0032,AGT0128,Mwanza,PayBill,"238,717 ","309,286 ",0 ,USSD,19,0,0,1,10,1,120,High Risk,2025-04
TXN1565,2025-03-23,CUST0284,AGT0152,Dodoma,BuyAirtime,"447,145 ","967,925 ",0 ,Web,18,0,0,1,6,1,80,High Risk,2025-03
TXN1566,2025-12-12,CUST0019,AGT0064,Mbeya,Send,"477,293 ","49,211 ",0 ,Feature Phone,9,0,0,1,1,0,30,Low Risk,2025-12
TXN1567,2025-02-09,CUST0130,AGT0133,Dar,BuyAirtime,"23,558 ","839,395 ",0 ,Web,7,0,0,0,13,1,130,High Risk,2025-02
TXN1568,2025-11-05,CUST0496,AGT0006,Arusha,Withdraw,"260,201 ","623,820 ",0 ,USSD,13,0,0,1,2,0,40,Medium Risk,2025-11
TXN1569,2025-07-01,CUST0375,AGT0152,Mbeya,Send,"26,881 ","707,826 ",0 ,Web,7,0,0,0,6,1,60,Medium Risk,2025-07
TXN1570,2025-08-21,CUST0113,AGT0039,Arusha,Deposit,"2,547 ","170,350 ",0 ,USSD,10,0,0,0,2,0,20,Low Risk,2025-08
TXN1571,2025-03-27,CUST0409,AGT0090,Mwanza,BuyAirtime,"271,259 ","241,214 ",0 ,Smartphone,14,0,0,1,8,1,100,High Risk,2025-03
TXN1572,2025-04-27,CUST0478,AGT0063,Mbeya,Withdraw,"6,978 ","731,407 ",0 ,Feature Phone,4,0,0,0,8,1,80,High Risk,2025-04
TXN1573,2025-02-19,CUST0159,AGT0149,Dodoma,Withdraw,"438,035 ","792,486 ",0 ,Web,1,0,0,1,9,1,110,High Risk,2025-02
TXN1574,2025-11-10,CUST0309,AGT0186,Dar,Receive,"474,208 ","726,971 ","399,168 ",Web,6,0,0,1,2,0,40,Medium Risk,2025-11
TXN1575,2025-04-25,CUST0439,AGT0016,Dodoma,Receive,"116,945 ","967,957 ","251,493 ",USSD,15,0,0,0,10,1,100,High Risk,2025-04
TXN1576,2025-08-17,CUST0216,AGT0123,Mbeya,Deposit,"22,466 ","763,059 ",0 ,Web,20,0,0,0,6,1,60,Medium Risk,2025-08
TXN1577,2025-07-07,CUST0364,AGT0032,Mbeya,Deposit,"486,426 ","841,211 ",0 ,Smartphone,16,0,0,1,6,1,80,High Risk,2025-07
TXN1578,2025-04-28,CUST0480,AGT0038,Dodoma,Withdraw,"328,225 ","921,718 ",0 ,Smartphone,20,0,0,1,5,1,70,High Risk,2025-04
TXN1579,2025-11-07,CUST0440,AGT0018,Dar,BuyAirtime,"405,759 ","264,181 ",0 ,Smartphone,2,0,0,1,1,0,30,Low Risk,2025-11
TXN1580,2025-04-18,CUST0487,AGT0199,Arusha,Deposit,"416,472 ","218,615 ",0 ,Smartphone,16,0,0,1,5,1,70,High Risk,2025-04
TXN1581,2025-03-21,CUST0363,AGT0122,Arusha,Receive,"120,209 ","880,443 ","84,733 ",USSD,1,0,0,0,5,1,50,Medium Risk,2025-03
TXN1582,2025-09-27,CUST0246,AGT0025,Mwanza,Deposit,"41,047 ","613,830 ",0 ,Feature Phone,3,0,0,0,7,1,70,High Risk,2025-09
TXN1583,2025-04-24,CUST0409,AGT0110,Arusha,Deposit,"467,672 ","677,203 ",0 ,Web,22,0,0,1,6,1,80,High Risk,2025-04
TXN1584,2025-01-13,CUST0176,AGT0143,Mwanza,Receive,"150,966 ","467,282 ","490,601 ",Web,12,0,0,0,12,1,120,High Risk,2025-01
TXN1585,2025-11-02,CUST0182,AGT0092,Mwanza,Deposit,"395,543 ","283,836 ",0 ,Web,9,0,0,1,3,1,50,Medium Risk,2025-11
TXN1586,2025-03-28,CUST0131,AGT0172,Mwanza,Withdraw,"43,956 ","71,348 ",0 ,Feature Phone,2,0,0,0,11,1,110,High Risk,2025-03
TXN1587,2025-10-01,CUST0259,AGT0118,Mbeya,BuyAirtime,"473,446 ","988,349 ",0 ,Web,0,0,0,1,6,1,80,High Risk,2025-10
TXN1588,2025-11-01,CUST0380,AGT0198,Mwanza,Send,"481,049 ","864,728 ",0 ,Web,22,0,0,1,4,1,60,Medium Risk,2025-11
TXN1589,2025-02-04,CUST0306,AGT0161,Dar,PayBill,"86,662 ","860,005 ",0 ,Web,20,0,0,0,11,1,110,High Risk,2025-02
TXN1590,2025-08-31,CUST0125,AGT0087,Dodoma,BuyAirtime,"448,842 ","50,168 ",0 ,Feature Phone,11,0,0,1,1,0,30,Low Risk,2025-08
TXN1591,2025-11-20,CUST0460,AGT0122,Arusha,BuyAirtime,"106,511 ","870,176 ",0 ,Feature Phone,10,0,0,0,2,0,20,Low Risk,2025-11
TXN1592,2025-07-14,CUST0475,AGT0045,Mbeya,Receive,"37,545 ","538,144 ","459,307 ",Feature Phone,1,0,0,0,5,1,50,Medium Risk,2025-07
TXN1593,2025-09-25,CUST0265,AGT0019,Mbeya,Send,"408,174 ","896,530 ",0 ,USSD,21,0,0,1,5,1,70,High Risk,2025-09
TXN1594,2025-10-14,CUST0438,AGT0194,Mwanza,Deposit,"471,452 ","955,293 ",0 ,Feature Phone,7,0,0,1,1,0,30,Low Risk,2025-10
TXN1595,2025-01-06,CUST0135,AGT0096,Dar,Withdraw,"438,357 ","980,123 ",0 ,Smartphone,19,0,0,1,6,1,80,High Risk,2025-01
TXN1596,2025-10-04,CUST0323,AGT0102,Dodoma,Receive,"59,492 ","180,704 ","223,284 ",Web,7,0,0,0,7,1,70,High Risk,2025-10
TXN1597,2025-01-29,CUST0445,AGT0148,Dar,Deposit,"332,840 ","299,761 ",0 ,Smartphone,12,0,0,1,11,1,130,High Risk,2025-01
TXN1598,2025-05-23,CUST0068,AGT0146,Mwanza,Withdraw,"1,890 ","112,548 ",0 ,USSD,21,0,0,0,8,1,80,High Risk,2025-05
TXN1599,2025-01-19,CUST0399,AGT0019,Mbeya,Receive,"127,893 ","53,392 ","247,247 ",Smartphone,22,0,0,0,10,1,100,High Risk,2025-01
TXN1600,2025-09-07,CUST0062,AGT0158,Dodoma,PayBill,"414,594 ","729,366 ",0 ,Web,4,0,0,1,5,1,70,High Risk,2025-09
TXN1601,2025-12-02,CUST0033,AGT0149,Dodoma,BuyAirtime,"426,244 ","702,182 ",0 ,Feature Phone,5,0,0,1,2,0,40,Medium Risk,2025-12
TXN1602,2025-11-21,CUST0287,AGT0146,Dar,PayBill,"103,788 ","361,122 ",0 ,USSD,4,0,0,0,3,1,30,Low Risk,2025-11
TXN1603,2025-06-01,CUST0211,AGT0049,Dar,BuyAirtime,"389,229 ","608,210 ",0 ,USSD,14,0,0,1,4,1,60,Medium Risk,2025-06
TXN1604,2025-05-09,CUST0392,AGT0143,Dodoma,BuyAirtime,"160,081 ","830,413 ",0 ,Smartphone,13,1,0,0,9,1,140,High Risk,2025-05
TXN1605,2025-04-07,CUST0494,AGT0187,Mwanza,BuyAirtime,"367,406 ","146,642 ",0 ,Web,4,0,0,1,13,1,150,High Risk,2025-04
TXN1606,2025-09-27,CUST0330,AGT0157,Arusha,Send,"262,820 ","382,394 ",0 ,Web,14,0,0,1,4,1,60,Medium Risk,2025-09
TXN1607,2025-11-19,CUST0318,AGT0049,Mwanza,Deposit,"216,552 ","761,025 ",0 ,USSD,20,0,0,1,1,0,30,Low Risk,2025-11
TXN1608,2025-12-02,CUST0389,AGT0196,Mbeya,Send,"7,840 ","767,934 ",0 ,Feature Phone,14,0,0,0,4,1,40,Medium Risk,2025-12
TXN1609,2025-01-15,CUST0455,AGT0016,Mwanza,Withdraw,"97,943 ","517,077 ",0 ,Web,15,0,0,0,5,1,50,Medium Risk,2025-01
TXN1610,2025-11-02,CUST0071,AGT0196,Mwanza,BuyAirtime,"59,664 ","3,630 ",0 ,USSD,9,0,0,0,1,0,10,Low Risk,2025-11
TXN1611,2025-03-17,CUST0454,AGT0075,Mwanza,Deposit,"456,946 ","56,458 ",0 ,Web,14,0,0,1,9,1,110,High Risk,2025-03
TXN1612,2025-07-15,CUST0249,AGT0053,Dodoma,BuyAirtime,"268,477 ","627,198 ",0 ,Smartphone,7,0,0,1,7,1,90,High Risk,2025-07
TXN1613,2025-11-26,CUST0059,AGT0059,Dar,BuyAirtime,"118,953 ","461,748 ",0 ,USSD,22,0,0,0,1,0,10,Low Risk,2025-11
TXN1614,2025-06-29,CUST0291,AGT0117,Dar,BuyAirtime,"133,889 ","625,990 ",0 ,USSD,8,0,0,0,4,1,40,Medium Risk,2025-06
TXN1615,2025-11-13,CUST0494,AGT0031,Dodoma,Withdraw,"423,276 ","132,961 ",0 ,Smartphone,4,0,0,1,4,1,60,Medium Risk,2025-11
TXN1616,2025-08-13,CUST0286,AGT0140,Dar,Withdraw,"272,338 ","146,546 ",0 ,Smartphone,15,0,0,1,7,1,90,High Risk,2025-08
TXN1617,2025-10-04,CUST0091,AGT0117,Dar,Withdraw,"72,335 ","466,650 ",0 ,USSD,11,0,0,0,4,1,40,Medium Risk,2025-10
TXN1618,2025-06-30,CUST0307,AGT0052,Mbeya,Deposit,"406,447 ","725,676 ",0 ,Smartphone,8,0,0,1,3,1,50,Medium Risk,2025-06
TXN1619,2025-03-09,CUST0239,AGT0074,Dar,PayBill,"162,821 ","314,307 ",0 ,Smartphone,22,0,0,0,4,1,40,Medium Risk,2025-03
TXN1620,2025-07-12,CUST0026,AGT0076,Mbeya,Deposit,"149,911 ","810,545 ",0 ,Smartphone,13,0,0,0,5,1,50,Medium Risk,2025-07
TXN1621,2025-10-21,CUST0099,AGT0124,Dodoma,BuyAirtime,"151,825 ","162,494 ",0 ,Feature Phone,18,0,0,0,3,1,30,Low Risk,2025-10
TXN1622,2025-02-03,CUST0016,AGT0165,Dar,BuyAirtime,"152,159 ","417,863 ",0 ,Smartphone,22,0,0,0,8,1,80,High Risk,2025-02
TXN1623,2025-01-17,CUST0100,AGT0031,Dodoma,BuyAirtime,"296,075 ","168,769 ",0 ,Web,13,0,0,1,12,1,140,High Risk,2025-01
TXN1624,2025-06-07,CUST0163,AGT0119,Arusha,Receive,"229,737 ","943,480 ","228,487 ",Smartphone,9,0,0,1,9,1,110,High Risk,2025-06
TXN1625,2025-04-21,CUST0047,AGT0031,Mwanza,Deposit,"287,880 ","872,126 ",0 ,Web,15,0,0,1,9,1,110,High Risk,2025-04
TXN1626,2025-09-07,CUST0005,AGT0165,Dar,Withdraw,"328,444 ","912,155 ",0 ,Web,9,0,0,1,5,1,70,High Risk,2025-09
TXN1627,2025-08-04,CUST0357,AGT0190,Dar,BuyAirtime,"68,576 ","675,758 ",0 ,Smartphone,1,0,0,0,9,1,90,High Risk,2025-08
TXN1628,2025-01-31,CUST0031,AGT0179,Dar,Withdraw,"394,578 ","98,669 ",0 ,USSD,20,0,0,1,13,1,150,High Risk,2025-01
TXN1629,2025-10-29,CUST0467,AGT0026,Dodoma,BuyAirtime,"280,045 ","905,195 ",0 ,Smartphone,22,0,0,1,1,0,30,Low Risk,2025-10
TXN1630,2025-07-23,CUST0128,AGT0193,Mbeya,Deposit,"147,134 ","8,679 ",0 ,Feature Phone,13,0,0,0,8,1,80,High Risk,2025-07
TXN1631,2025-02-06,CUST0119,AGT0117,Arusha,PayBill,"282,608 ","708,571 ",0 ,Web,9,0,0,1,10,1,120,High Risk,2025-02
TXN1632,2025-05-09,CUST0117,AGT0142,Mwanza,Withdraw,"306,817 ","182,310 ",0 ,Feature Phone,8,0,0,1,7,1,90,High Risk,2025-05
TXN1633,2025-02-16,CUST0379,AGT0014,Dodoma,Receive,"187,752 ","633,114 ","400,159 ",Feature Phone,13,0,0,0,5,1,50,Medium Risk,2025-02
TXN1634,2025-05-31,CUST0021,AGT0040,Dodoma,PayBill,"55,967 ","990,494 ",0 ,Feature Phone,12,0,0,0,8,1,80,High Risk,2025-05
TXN1635,2025-11-29,CUST0499,AGT0136,Mbeya,Withdraw,"217,165 ","822,226 ",0 ,USSD,17,0,0,1,2,0,40,Medium Risk,2025-11
TXN1636,2025-09-09,CUST0169,AGT0007,Dodoma,Deposit,"432,133 ","961,630 ",0 ,USSD,17,0,0,1,1,0,30,Low Risk,2025-09
TXN1637,2025-01-21,CUST0181,AGT0151,Dodoma,Receive,"229,627 ","655,222 ","73,796 ",USSD,20,0,0,1,8,1,100,High Risk,2025-01
TXN1638,2025-07-11,CUST0095,AGT0142,Mbeya,Deposit,"204,769 ","650,623 ",0 ,USSD,6,0,0,1,9,1,110,High Risk,2025-07
TXN1639,2025-12-05,CUST0200,AGT0136,Dar,PayBill,"377,806 ","25,743 ",0 ,Smartphone,9,0,0,1,1,0,30,Low Risk,2025-12
TXN1640,2025-12-03,CUST0345,AGT0117,Mbeya,PayBill,"359,869 ","739,250 ",0 ,Web,15,0,0,1,1,0,30,Low Risk,2025-12
TXN1641,2025-12-09,CUST0051,AGT0064,Mwanza,Withdraw,"179,735 ","221,471 ",0 ,Web,5,0,0,0,2,0,20,Low Risk,2025-12
TXN1642,2025-10-18,CUST0159,AGT0092,Dodoma,PayBill,"484,227 ","525,977 ",0 ,Web,20,0,0,1,3,1,50,Medium Risk,2025-10
TXN1643,2025-04-29,CUST0073,AGT0199,Mwanza,Send,"142,270 ","7,303 ",0 ,Smartphone,10,0,0,0,9,1,90,High Risk,2025-04
TXN1644,2025-09-30,CUST0440,AGT0072,Dodoma,Send,"95,753 ","244,257 ",0 ,Feature Phone,13,0,0,0,5,1,50,Medium Risk,2025-09
TXN1645,2025-03-01,CUST0120,AGT0080,Mwanza,PayBill,"275,082 ","421,965 ",0 ,Smartphone,9,0,0,1,6,1,80,High Risk,2025-03
TXN1646,2025-03-25,CUST0080,AGT0014,Dar,Withdraw,"146,891 ","89,741 ",0 ,Feature Phone,18,0,0,0,9,1,90,High Risk,2025-03
TXN1647,2025-06-26,CUST0470,AGT0063,Mbeya,BuyAirtime,"421,190 ","280,312 ",0 ,USSD,22,0,0,1,3,1,50,Medium Risk,2025-06
TXN1648,2025-08-13,CUST0100,AGT0175,Dodoma,Send,"4,429 ","798,923 ",0 ,USSD,10,0,0,0,8,1,80,High Risk,2025-08
TXN1649,2025-04-08,CUST0075,AGT0113,Dodoma,Receive,"16,451 ","782,893 ","106,348 ",USSD,19,1,0,0,6,1,110,High Risk,2025-04
TXN1650,2025-03-03,CUST0486,AGT0100,Mwanza,PayBill,"235,537 ","363,317 ",0 ,Web,19,0,0,1,6,1,80,High Risk,2025-03
TXN1651,2025-06-01,CUST0428,AGT0185,Mbeya,BuyAirtime,"209,567 ","177,197 ",0 ,Smartphone,16,0,0,1,7,1,90,High Risk,2025-06
TXN1652,2025-12-15,CUST0176,AGT0078,Dodoma,Deposit,"404,699 ","976,161 ",0 ,USSD,11,0,0,1,2,0,40,Medium Risk,2025-12
TXN1653,2025-01-01,CUST0241,AGT0095,Dodoma,BuyAirtime,"408,802 ","112,348 ",0 ,Web,9,0,0,1,10,1,120,High Risk,2025-01
TXN1654,2025-10-01,CUST0059,AGT0161,Dar,Withdraw,"302,295 ","817,103 ",0 ,Feature Phone,20,0,0,1,2,0,40,Medium Risk,2025-10
TXN1655,2025-12-25,CUST0393,AGT0065,Dodoma,Send,"480,103 ","156,932 ",0 ,Feature Phone,8,0,0,1,1,0,30,Low Risk,2025-12
TXN1656,2025-01-26,CUST0361,AGT0185,Mwanza,BuyAirtime,"70,810 ","908,410 ",0 ,USSD,0,0,0,0,6,1,60,Medium Risk,2025-01
TXN1657,2025-01-20,CUST0473,AGT0064,Dar,Send,"299,932 ","419,638 ",0 ,Web,2,0,0,1,11,1,130,High Risk,2025-01
TXN1658,2025-06-26,CUST0154,AGT0120,Dar,PayBill,"151,483 ","430,868 ",0 ,Smartphone,7,0,0,0,2,0,20,Low Risk,2025-06
TXN1659,2025-02-26,CUST0396,AGT0199,Dodoma,Send,"41,263 ","723,219 ",0 ,USSD,1,0,0,0,10,1,100,High Risk,2025-02
TXN1660,2025-07-04,CUST0330,AGT0127,Mwanza,Send,"287,156 ","706,790 ",0 ,USSD,13,0,0,1,6,1,80,High Risk,2025-07
TXN1661,2025-03-20,CUST0101,AGT0164,Mwanza,Receive,"399,156 ","805,098 ","343,329 ",USSD,5,0,0,1,11,1,130,High Risk,2025-03
TXN1662,2025-01-23,CUST0065,AGT0014,Arusha,PayBill,"195,998 ","279,181 ",0 ,Smartphone,4,0,0,0,19,1,190,High Risk,2025-01
TXN1663,2025-08-04,CUST0205,AGT0127,Dodoma,BuyAirtime,"201,928 ","890,362 ",0 ,USSD,19,0,0,1,4,1,60,Medium Risk,2025-08
TXN1664,2025-10-07,CUST0498,AGT0051,Dar,Deposit,"463,924 ","921,006 ",0 ,USSD,8,0,0,1,4,1,60,Medium Risk,2025-10
TXN1665,2025-02-13,CUST0251,AGT0009,Mbeya,PayBill,"352,552 ","651,156 ",0 ,USSD,13,0,0,1,8,1,100,High Risk,2025-02
TXN1666,2025-06-06,CUST0335,AGT0082,Dar,Withdraw,"159,108 ","971,275 ",0 ,Smartphone,18,0,0,0,12,1,120,High Risk,2025-06
TXN1667,2025-01-28,CUST0435,AGT0098,Dar,BuyAirtime,"66,829 ","320,275 ",0 ,Smartphone,0,0,0,0,10,1,100,High Risk,2025-01
TXN1668,2025-06-19,CUST0308,AGT0035,Dar,Withdraw,"320,868 ","776,991 ",0 ,USSD,23,0,0,1,8,1,100,High Risk,2025-06
TXN1669,2025-08-25,CUST0179,AGT0104,Mwanza,BuyAirtime,"87,789 ","551,732 ",0 ,Web,23,0,0,0,2,0,20,Low Risk,2025-08
TXN1670,2025-01-06,CUST0392,AGT0032,Dodoma,Deposit,"324,857 ","150,966 ",0 ,USSD,20,0,0,1,14,1,160,High Risk,2025-01
TXN1671,2025-07-05,CUST0114,AGT0105,Mwanza,Receive,"351,901 ","243,048 ","339,290 ",Web,16,0,0,1,7,1,90,High Risk,2025-07
TXN1672,2025-07-18,CUST0416,AGT0172,Dodoma,Withdraw,"10,616 ","620,325 ",0 ,Web,8,0,0,0,7,1,70,High Risk,2025-07
TXN1673,2025-03-02,CUST0117,AGT0125,Arusha,PayBill,"476,632 ","106,999 ",0 ,Feature Phone,6,0,0,1,10,1,120,High Risk,2025-03
TXN1674,2025-07-13,CUST0434,AGT0048,Dar,BuyAirtime,"299,803 ","506,573 ",0 ,Web,13,0,0,1,7,1,90,High Risk,2025-07
TXN1675,2025-04-02,CUST0321,AGT0011,Mbeya,Deposit,"367,103 ","204,201 ",0 ,Web,14,0,0,1,11,1,130,High Risk,2025-04
TXN1676,2025-05-07,CUST0012,AGT0111,Mbeya,Send,"395,293 ","894,655 ",0 ,Feature Phone,0,0,0,1,9,1,110,High Risk,2025-05
TXN1677,2025-12-20,CUST0049,AGT0050,Mbeya,PayBill,"462,255 ","102,438 ",0 ,USSD,6,0,0,1,2,0,40,Medium Risk,2025-12
TXN1678,2025-09-04,CUST0041,AGT0061,Dar,Deposit,"32,046 ","180,995 ",0 ,Feature Phone,9,0,0,0,5,1,50,Medium Risk,2025-09
TXN1679,2025-05-10,CUST0229,AGT0175,Mbeya,PayBill,"452,509 ","316,698 ",0 ,Smartphone,11,0,0,1,11,1,130,High Risk,2025-05
TXN1680,2025-12-11,CUST0043,AGT0168,Arusha,Send,"426,633 ","324,975 ",0 ,USSD,19,0,0,1,2,0,40,Medium Risk,2025-12
TXN1681,2025-08-31,CUST0416,AGT0080,Mbeya,PayBill,"447,612 ","448,092 ",0 ,Feature Phone,23,0,0,1,2,0,40,Medium Risk,2025-08
TXN1682,2025-02-25,CUST0036,AGT0136,Mbeya,Deposit,"178,924 ","414,834 ",0 ,Smartphone,12,0,0,0,12,1,120,High Risk,2025-02
TXN1683,2025-05-05,CUST0189,AGT0152,Dar,Send,"250,458 ","212,192 ",0 ,USSD,3,0,0,1,10,1,120,High Risk,2025-05
TXN1684,2025-10-05,CUST0062,AGT0063,Arusha,PayBill,"131,272 ","881,909 ",0 ,Feature Phone,0,0,0,0,3,1,30,Low Risk,2025-10
TXN1685,2025-01-11,CUST0014,AGT0199,Arusha,BuyAirtime,"100,469 ","442,981 ",0 ,Web,2,0,0,0,10,1,100,High Risk,2025-01
TXN1686,2025-02-05,CUST0365,AGT0026,Dodoma,PayBill,"68,945 ","487,211 ",0 ,Smartphone,21,0,0,0,12,1,120,High Risk,2025-02
TXN1687,2025-08-04,CUST0407,AGT0034,Arusha,Send,"202,297 ","700,300 ",0 ,Web,3,0,0,1,9,1,110,High Risk,2025-08
TXN1688,2025-12-11,CUST0047,AGT0109,Dodoma,Receive,"177,685 ","955,682 ","321,998 ",Smartphone,13,0,0,0,2,0,20,Low Risk,2025-12
TXN1689,2025-01-28,CUST0490,AGT0055,Arusha,BuyAirtime,"336,359 ","800,707 ",0 ,Web,13,0,0,1,8,1,100,High Risk,2025-01
TXN1690,2025-09-13,CUST0256,AGT0133,Mwanza,BuyAirtime,"317,567 ","88,921 ",0 ,Web,7,0,0,1,4,1,60,Medium Risk,2025-09
TXN1691,2025-08-17,CUST0140,AGT0189,Arusha,Receive,"20,975 ","824,132 ","193,289 ",Feature Phone,9,0,0,0,6,1,60,Medium Risk,2025-08
TXN1692,2025-09-05,CUST0441,AGT0164,Mwanza,Receive,"327,936 ","709,189 ","494,235 ",Feature Phone,4,0,0,1,3,1,50,Medium Risk,2025-09
TXN1693,2025-01-06,CUST0130,AGT0100,Arusha,BuyAirtime,"453,797 ","515,833 ",0 ,USSD,10,0,0,1,16,1,180,High Risk,2025-01
TXN1694,2025-09-06,CUST0075,AGT0021,Mwanza,Send,"409,277 ","661,817 ",0 ,USSD,15,0,0,1,4,1,60,Medium Risk,2025-09
TXN1695,2025-05-28,CUST0017,AGT0127,Arusha,Send,"417,165 ","368,529 ",0 ,Web,14,0,0,1,6,1,80,High Risk,2025-05
TXN1696,2025-03-09,CUST0458,AGT0155,Mwanza,Send,"249,433 ","46,923 ",0 ,Web,15,0,0,1,10,1,120,High Risk,2025-03
TXN1697,2025-08-18,CUST0403,AGT0005,Mbeya,Send,"253,244 ","999,241 ",0 ,Smartphone,4,0,0,1,2,0,40,Medium Risk,2025-08
TXN1698,2025-08-10,CUST0485,AGT0098,Dodoma,Deposit,"149,942 ","572,336 ",0 ,Feature Phone,16,0,0,0,8,1,80,High Risk,2025-08
TXN1699,2025-11-13,CUST0441,AGT0026,Dar,BuyAirtime,"57,223 ","328,310 ",0 ,Smartphone,10,0,0,0,1,0,10,Low Risk,2025-11
TXN1700,2025-03-25,CUST0212,AGT0044,Mbeya,Send,"133,567 ","568,101 ",0 ,Feature Phone,11,0,0,0,9,1,90,High Risk,2025-03
TXN1701,2025-01-27,CUST0351,AGT0098,Dodoma,PayBill,"345,201 ","421,651 ",0 ,Web,18,0,0,1,8,1,100,High Risk,2025-01
TXN1702,2025-11-22,CUST0321,AGT0061,Mbeya,Receive,"248,825 ","65,281 ","493,082 ",USSD,7,0,0,1,1,0,30,Low Risk,2025-11
TXN1703,2025-10-06,CUST0386,AGT0057,Mbeya,Deposit,"211,311 ","571,991 ",0 ,Web,11,0,0,1,3,1,50,Medium Risk,2025-10
TXN1704,2025-12-28,CUST0229,AGT0084,Mbeya,PayBill,"84,228 ","107,851 ",0 ,Feature Phone,10,0,0,0,1,0,10,Low Risk,2025-12
TXN1705,2025-06-12,CUST0262,AGT0186,Dar,PayBill,"451,738 ","690,371 ",0 ,Smartphone,22,0,0,1,6,1,80,High Risk,2025-06
TXN1706,2025-09-29,CUST0159,AGT0049,Arusha,PayBill,"238,448 ","683,231 ",0 ,Feature Phone,1,0,0,1,4,1,60,Medium Risk,2025-09
TXN1707,2025-05-08,CUST0346,AGT0145,Mwanza,Receive,"44,015 ","938,539 ","50,142 ",USSD,7,0,0,0,10,1,100,High Risk,2025-05
TXN1708,2025-04-13,CUST0115,AGT0166,Mwanza,Withdraw,"237,043 ","640,797 ",0 ,Feature Phone,5,0,0,1,8,1,100,High Risk,2025-04
TXN1709,2025-02-05,CUST0164,AGT0190,Arusha,Withdraw,"51,386 ","562,704 ",0 ,Web,12,0,0,0,16,1,160,High Risk,2025-02
TXN1710,2025-08-25,CUST0049,AGT0071,Mbeya,Send,"317,214 ","479,091 ",0 ,USSD,10,0,0,1,6,1,80,High Risk,2025-08
TXN1711,2025-03-29,CUST0023,AGT0187,Mbeya,Withdraw,"111,374 ","952,199 ",0 ,Feature Phone,11,0,0,0,6,1,60,Medium Risk,2025-03
TXN1712,2025-09-10,CUST0207,AGT0007,Dar,Receive,"94,694 ","334,663 ","100,291 ",USSD,14,0,0,0,5,1,50,Medium Risk,2025-09
TXN1713,2025-10-28,CUST0330,AGT0157,Mbeya,PayBill,"96,216 ","182,412 ",0 ,USSD,22,0,0,0,1,0,10,Low Risk,2025-10
TXN1714,2025-08-09,CUST0283,AGT0186,Dodoma,BuyAirtime,"490,130 ","117,729 ",0 ,Smartphone,23,0,0,1,5,1,70,High Risk,2025-08
TXN1715,2025-05-09,CUST0366,AGT0015,Dar,BuyAirtime,"423,722 ","835,725 ",0 ,Smartphone,1,0,0,1,7,1,90,High Risk,2025-05
TXN1716,2025-06-22,CUST0352,AGT0112,Dodoma,PayBill,"466,366 ","469,572 ",0 ,Web,23,0,0,1,8,1,100,High Risk,2025-06
TXN1717,2025-10-22,CUST0175,AGT0146,Mbeya,Receive,"74,208 ","598,094 ","183,274 ",Feature Phone,10,0,0,0,2,0,20,Low Risk,2025-10
TXN1718,2025-07-08,CUST0389,AGT0157,Dodoma,PayBill,"124,072 ","887,786 ",0 ,Web,18,0,0,0,11,1,110,High Risk,2025-07
TXN1719,2025-10-04,CUST0090,AGT0111,Mbeya,Withdraw,"378,378 ","750,869 ",0 ,Smartphone,5,0,0,1,4,1,60,Medium Risk,2025-10
TXN1720,2025-08-09,CUST0238,AGT0047,Mbeya,Receive,"379,081 ","27,535 ","168,612 ",Web,3,0,0,1,3,1,50,Medium Risk,2025-08
TXN1721,2025-10-28,CUST0072,AGT0062,Arusha,BuyAirtime,"427,363 ","125,113 ",0 ,Feature Phone,11,0,0,1,1,0,30,Low Risk,2025-10
TXN1722,2025-11-22,CUST0041,AGT0078,Dodoma,Withdraw,"245,097 ","430,664 ",0 ,Smartphone,20,0,0,1,2,0,40,Medium Risk,2025-11
TXN1723,2025-12-10,CUST0002,AGT0099,Dodoma,BuyAirtime,"297,222 ","121,294 ",0 ,Web,5,0,0,1,2,0,40,Medium Risk,2025-12
TXN1724,2025-02-19,CUST0127,AGT0050,Dar,Withdraw,"402,391 ","539,928 ",0 ,Web,18,0,0,1,6,1,80,High Risk,2025-02
TXN1725,2025-12-08,CUST0265,AGT0136,Dar,BuyAirtime,"280,989 ","239,378 ",0 ,Smartphone,17,0,0,1,3,1,50,Medium Risk,2025-12
TXN1726,2025-09-02,CUST0224,AGT0114,Dodoma,Deposit,"38,526 ","647,023 ",0 ,USSD,5,0,0,0,3,1,30,Low Risk,2025-09
TXN1727,2025-12-10,CUST0269,AGT0055,Dar,Send,"462,676 ","44,814 ",0 ,Smartphone,11,0,0,1,3,1,50,Medium Risk,2025-12
TXN1728,2025-09-11,CUST0201,AGT0050,Dodoma,Send,"315,331 ","134,301 ",0 ,Feature Phone,19,0,0,1,3,1,50,Medium Risk,2025-09
TXN1729,2025-08-11,CUST0052,AGT0013,Mbeya,BuyAirtime,"50,852 ","690,861 ",0 ,USSD,0,0,0,0,4,1,40,Medium Risk,2025-08
TXN1730,2025-10-17,CUST0139,AGT0168,Arusha,Send,"329,233 ","866,426 ",0 ,Feature Phone,20,0,0,1,3,1,50,Medium Risk,2025-10
TXN1731,2025-05-03,CUST0014,AGT0144,Dodoma,Send,"451,596 ","146,533 ",0 ,Web,14,0,0,1,9,1,110,High Risk,2025-05
TXN1732,2025-09-04,CUST0209,AGT0111,Mwanza,Withdraw,"90,532 ","522,006 ",0 ,Web,9,0,0,0,4,1,40,Medium Risk,2025-09
TXN1733,2025-10-10,CUST0140,AGT0013,Dodoma,BuyAirtime,"328,473 ","529,072 ",0 ,Web,16,0,0,1,4,1,60,Medium Risk,2025-10
TXN1734,2025-11-13,CUST0132,AGT0174,Mbeya,Send,"11,710 ","768,277 ",0 ,Web,3,0,0,0,3,1,30,Low Risk,2025-11
TXN1735,2025-04-15,CUST0061,AGT0059,Mwanza,Deposit,"244,314 ","806,719 ",0 ,Smartphone,13,0,0,1,9,1,110,High Risk,2025-04
TXN1736,2025-04-24,CUST0338,AGT0052,Dodoma,BuyAirtime,"475,281 ","48,633 ",0 ,Feature Phone,23,0,0,1,8,1,100,High Risk,2025-04
TXN1737,2025-05-27,CUST0029,AGT0023,Mbeya,BuyAirtime,"414,136 ","202,209 ",0 ,USSD,23,0,0,1,4,1,60,Medium Risk,2025-05
TXN1738,2025-07-07,CUST0100,AGT0059,Dar,Withdraw,"496,223 ","788,957 ",0 ,Smartphone,21,0,0,1,10,1,120,High Risk,2025-07
TXN1739,2025-01-23,CUST0094,AGT0007,Dodoma,PayBill,"4,465 ","440,683 ",0 ,Feature Phone,12,0,0,0,8,1,80,High Risk,2025-01
TXN1740,2025-07-06,CUST0028,AGT0176,Mwanza,Deposit,"68,035 ","580,091 ",0 ,Feature Phone,16,0,0,0,8,1,80,High Risk,2025-07
TXN1741,2025-05-13,CUST0174,AGT0101,Mbeya,Send,"80,472 ","978,494 ",0 ,Web,10,0,0,0,6,1,60,Medium Risk,2025-05
TXN1742,2025-04-04,CUST0359,AGT0194,Mwanza,Send,"475,155 ","82,437 ",0 ,USSD,21,0,0,1,6,1,80,High Risk,2025-04
TXN1743,2025-05-24,CUST0374,AGT0139,Mbeya,Withdraw,"471,521 ","41,969 ",0 ,USSD,3,0,0,1,8,1,100,High Risk,2025-05
TXN1744,2025-04-30,CUST0290,AGT0101,Mwanza,Withdraw,"115,328 ","291,147 ",0 ,Smartphone,23,0,0,0,7,1,70,High Risk,2025-04
TXN1745,2025-05-13,CUST0440,AGT0004,Dar,BuyAirtime,"172,510 ","456,046 ",0 ,Web,8,0,0,0,15,1,150,High Risk,2025-05
TXN1746,2025-09-22,CUST0325,AGT0135,Mbeya,Send,"216,081 ","49,417 ",0 ,USSD,13,0,0,1,4,1,60,Medium Risk,2025-09
TXN1747,2025-02-07,CUST0357,AGT0140,Arusha,Withdraw,"36,790 ","814,112 ",0 ,Smartphone,15,0,0,0,13,1,130,High Risk,2025-02
TXN1748,2025-10-14,CUST0016,AGT0065,Arusha,Send,"380,944 ","741,264 ",0 ,Feature Phone,6,0,0,1,3,1,50,Medium Risk,2025-10
TXN1749,2025-10-20,CUST0046,AGT0035,Dodoma,BuyAirtime,"53,427 ","854,258 ",0 ,Smartphone,20,0,0,0,2,0,20,Low Risk,2025-10
TXN1750,2025-02-10,CUST0315,AGT0128,Dodoma,PayBill,"86,464 ","181,460 ",0 ,Web,21,0,0,0,10,1,100,High Risk,2025-02
TXN1751,2025-09-23,CUST0492,AGT0056,Dar,Send,"112,784 ","133,265 ",0 ,Smartphone,4,0,0,0,2,0,20,Low Risk,2025-09
TXN1752,2025-12-31,CUST0329,AGT0183,Mwanza,Receive,"215,248 ","395,038 ","347,745 ",USSD,11,0,0,1,1,0,30,Low Risk,2025-12
TXN1753,2025-08-04,CUST0323,AGT0175,Mbeya,Receive,"416,745 ","586,638 ","385,068 ",USSD,14,0,0,1,10,1,120,High Risk,2025-08
TXN1754,2025-03-22,CUST0200,AGT0073,Mwanza,Deposit,"396,703 ","104,455 ",0 ,USSD,22,0,0,1,7,1,90,High Risk,2025-03
TXN1755,2025-11-03,CUST0026,AGT0173,Dodoma,PayBill,"268,068 ","664,541 ",0 ,Smartphone,22,0,0,1,1,0,30,Low Risk,2025-11
TXN1756,2025-05-11,CUST0442,AGT0178,Mwanza,Withdraw,"191,932 ","777,615 ",0 ,USSD,18,0,0,0,7,1,70,High Risk,2025-05
TXN1757,2025-05-16,CUST0329,AGT0184,Mbeya,Receive,"176,412 ","293,028 ","175,786 ",USSD,3,0,0,0,9,1,90,High Risk,2025-05
TXN1758,2025-07-06,CUST0401,AGT0120,Mbeya,Send,"95,172 ","579,082 ",0 ,Web,17,0,0,0,4,1,40,Medium Risk,2025-07
TXN1759,2025-04-08,CUST0077,AGT0148,Mwanza,Send,"474,110 ","809,944 ",0 ,Smartphone,14,0,0,1,9,1,110,High Risk,2025-04
TXN1760,2025-08-30,CUST0364,AGT0177,Mbeya,Withdraw,"274,977 ","945,482 ",0 ,Feature Phone,12,0,0,1,2,0,40,Medium Risk,2025-08
TXN1761,2025-12-31,CUST0434,AGT0075,Mbeya,Receive,"253,542 ","614,896 ","213,087 ",Web,22,0,0,1,1,0,30,Low Risk,2025-12
TXN1762,2025-06-03,CUST0259,AGT0041,Arusha,BuyAirtime,"341,457 ","184,742 ",0 ,Smartphone,11,0,0,1,8,1,100,High Risk,2025-06
TXN1763,2025-07-13,CUST0216,AGT0181,Dodoma,Receive,"46,798 ","162,555 ","201,340 ",Smartphone,1,0,0,0,7,1,70,High Risk,2025-07
TXN1764,2025-03-27,CUST0320,AGT0057,Dar,Send,"466,486 ","392,931 ",0 ,USSD,18,0,0,1,10,1,120,High Risk,2025-03
TXN1765,2025-04-26,CUST0374,AGT0058,Mwanza,Send,"218,027 ","460,811 ",0 ,USSD,0,0,0,1,10,1,120,High Risk,2025-04
TXN1766,2025-03-11,CUST0396,AGT0172,Mwanza,Withdraw,"414,331 ","555,778 ",0 ,Feature Phone,12,0,0,1,9,1,110,High Risk,2025-03
TXN1767,2025-02-15,CUST0215,AGT0013,Mbeya,Withdraw,"456,329 ","172,981 ",0 ,Feature Phone,21,0,0,1,10,1,120,High Risk,2025-02
TXN1768,2025-07-20,CUST0318,AGT0096,Dodoma,BuyAirtime,"245,776 ","69,758 ",0 ,Smartphone,0,0,0,1,3,1,50,Medium Risk,2025-07
TXN1769,2025-03-08,CUST0013,AGT0131,Dodoma,Receive,"352,249 ","444,947 ","235,073 ",Smartphone,4,0,0,1,11,1,130,High Risk,2025-03
TXN1770,2025-04-14,CUST0227,AGT0066,Arusha,Receive,"320,511 ","564,581 ","479,365 ",Smartphone,22,0,0,1,6,1,80,High Risk,2025-04
TXN1771,2025-03-28,CUST0194,AGT0191,Mwanza,Receive,"263,732 ","311,600 ","398,751 ",Feature Phone,21,0,0,1,6,1,80,High Risk,2025-03
TXN1772,2025-11-11,CUST0251,AGT0141,Dar,Receive,"318,580 ","42,447 ","427,985 ",Smartphone,11,0,0,1,1,0,30,Low Risk,2025-11
TXN1773,2025-06-28,CUST0440,AGT0157,Mbeya,Withdraw,"173,336 ","829,405 ",0 ,Smartphone,16,0,0,0,14,1,140,High Risk,2025-06
TXN1774,2025-08-15,CUST0135,AGT0110,Mwanza,Send,"98,823 ","347,488 ",0 ,USSD,14,0,0,0,3,1,30,Low Risk,2025-08
TXN1775,2025-01-31,CUST0193,AGT0042,Dodoma,Deposit,"51,339 ","927,068 ",0 ,Web,18,0,0,0,11,1,110,High Risk,2025-01
TXN1776,2025-07-28,CUST0426,AGT0183,Mwanza,Receive,"222,821 ","390,004 ","389,487 ",Web,18,0,0,1,3,1,50,Medium Risk,2025-07
TXN1777,2025-09-24,CUST0068,AGT0016,Dar,PayBill,"76,291 ","117,478 ",0 ,Web,5,0,0,0,4,1,40,Medium Risk,2025-09
TXN1778,2025-07-04,CUST0339,AGT0052,Mbeya,BuyAirtime,"126,293 ","750,007 ",0 ,Feature Phone,0,0,0,0,7,1,70,High Risk,2025-07
TXN1779,2025-08-20,CUST0374,AGT0030,Dar,Receive,"24,330 ","764,074 ","328,732 ",Smartphone,10,0,0,0,5,1,50,Medium Risk,2025-08
TXN1780,2025-02-04,CUST0058,AGT0033,Dar,Send,"311,963 ","172,669 ",0 ,USSD,22,0,0,1,7,1,90,High Risk,2025-02
TXN1781,2025-02-26,CUST0358,AGT0059,Dar,Deposit,"438,705 ","120,233 ",0 ,USSD,4,0,0,1,12,1,140,High Risk,2025-02
TXN1782,2025-05-20,CUST0202,AGT0199,Mbeya,Receive,"223,047 ","393,189 ","245,387 ",Web,15,0,0,1,6,1,80,High Risk,2025-05
TXN1783,2025-07-04,CUST0181,AGT0049,Mwanza,PayBill,"404,263 ","281,639 ",0 ,USSD,5,0,0,1,5,1,70,High Risk,2025-07
TXN1784,2025-10-17,CUST0459,AGT0149,Arusha,Deposit,"71,441 ","351,680 ",0 ,Web,16,0,0,0,4,1,40,Medium Risk,2025-10
TXN1785,2025-01-31,CUST0354,AGT0093,Mwanza,BuyAirtime,"40,397 ","838,774 ",0 ,Feature Phone,5,0,0,0,6,1,60,Medium Risk,2025-01
TXN1786,2025-10-14,CUST0036,AGT0132,Dar,PayBill,"487,928 ","990,331 ",0 ,Web,20,0,0,1,5,1,70,High Risk,2025-10
TXN1787,2025-09-11,CUST0440,AGT0075,Mbeya,PayBill,"69,189 ","764,158 ",0 ,Feature Phone,13,0,0,0,9,1,90,High Risk,2025-09
TXN1788,2025-05-02,CUST0176,AGT0015,Mwanza,Withdraw,"464,699 ","56,947 ",0 ,USSD,18,0,0,1,9,1,110,High Risk,2025-05
TXN1789,2025-08-03,CUST0143,AGT0043,Dodoma,Deposit,"307,601 ","660,889 ",0 ,Web,13,0,0,1,6,1,80,High Risk,2025-08
TXN1790,2025-03-13,CUST0019,AGT0124,Mbeya,Send,"445,082 ","389,195 ",0 ,Feature Phone,20,0,0,1,4,1,60,Medium Risk,2025-03
TXN1791,2025-06-28,CUST0265,AGT0100,Dar,BuyAirtime,"399,596 ","488,074 ",0 ,Web,10,0,0,1,8,1,100,High Risk,2025-06
TXN1792,2025-01-01,CUST0218,AGT0087,Mbeya,Withdraw,"9,618 ","628,633 ",0 ,Feature Phone,14,0,0,0,13,1,130,High Risk,2025-01
TXN1793,2025-07-31,CUST0150,AGT0162,Arusha,PayBill,"354,764 ","911,300 ",0 ,Smartphone,8,0,0,1,7,1,90,High Risk,2025-07
TXN1794,2025-04-02,CUST0384,AGT0191,Mbeya,Withdraw,"147,207 ","337,378 ",0 ,USSD,10,0,0,0,5,1,50,Medium Risk,2025-04
TXN1795,2025-08-25,CUST0417,AGT0127,Dar,Withdraw,"73,512 ","220,267 ",0 ,Smartphone,17,0,0,0,7,1,70,High Risk,2025-08
TXN1796,2025-08-20,CUST0474,AGT0044,Arusha,PayBill,"61,226 ","791,957 ",0 ,Web,5,0,0,0,4,1,40,Medium Risk,2025-08
TXN1797,2025-02-15,CUST0345,AGT0009,Arusha,PayBill,"279,931 ","198,305 ",0 ,Feature Phone,23,0,0,1,6,1,80,High Risk,2025-02
TXN1798,2025-07-08,CUST0050,AGT0076,Arusha,BuyAirtime,"456,641 ","163,490 ",0 ,Smartphone,3,0,0,1,4,1,60,Medium Risk,2025-07
TXN1799,2025-04-14,CUST0168,AGT0183,Dar,Deposit,"137,009 ","975,615 ",0 ,USSD,3,0,0,0,6,1,60,Medium Risk,2025-04
TXN1800,2025-05-20,CUST0017,AGT0074,Dar,BuyAirtime,"110,841 ","503,232 ",0 ,USSD,3,0,0,0,7,1,70,High Risk,2025-05
TXN1801,2025-08-18,CUST0417,AGT0059,Mwanza,PayBill,"155,665 ","489,571 ",0 ,Smartphone,3,0,0,0,8,1,80,High Risk,2025-08
TXN1802,2025-08-03,CUST0148,AGT0080,Mwanza,Deposit,"364,675 ","725,410 ",0 ,Feature Phone,18,0,0,1,4,1,60,Medium Risk,2025-08
TXN1803,2025-05-10,CUST0201,AGT0018,Mwanza,Send,"497,972 ","331,209 ",0 ,USSD,1,1,0,1,8,1,150,High Risk,2025-05
TXN1804,2025-05-04,CUST0026,AGT0161,Arusha,Deposit,"202,230 ","354,662 ",0 ,USSD,12,0,0,1,7,1,90,High Risk,2025-05
TXN1805,2025-04-08,CUST0009,AGT0178,Mbeya,Send,"297,163 ","221,783 ",0 ,Web,2,0,0,1,9,1,110,High Risk,2025-04
TXN1806,2025-11-15,CUST0048,AGT0010,Mbeya,BuyAirtime,"458,216 ","365,111 ",0 ,USSD,11,0,0,1,1,0,30,Low Risk,2025-11
TXN1807,2025-06-07,CUST0299,AGT0065,Dar,Send,"274,873 ","422,170 ",0 ,USSD,8,0,0,1,5,1,70,High Risk,2025-06
TXN1808,2025-01-17,CUST0315,AGT0051,Dar,Withdraw,"218,067 ","153,415 ",0 ,Feature Phone,13,0,0,1,11,1,130,High Risk,2025-01
TXN1809,2025-12-04,CUST0423,AGT0197,Mbeya,PayBill,"262,395 ","739,775 ",0 ,Web,18,0,0,1,3,1,50,Medium Risk,2025-12
TXN1810,2025-08-05,CUST0380,AGT0101,Dodoma,Send,"471,197 ","554,165 ",0 ,Feature Phone,5,0,0,1,7,1,90,High Risk,2025-08
TXN1811,2025-06-04,CUST0403,AGT0093,Arusha,PayBill,"370,879 ","587,927 ",0 ,Feature Phone,9,0,0,1,3,1,50,Medium Risk,2025-06
TXN1812,2025-11-27,CUST0187,AGT0060,Arusha,Withdraw,"6,882 ","551,022 ",0 ,Feature Phone,11,0,0,0,1,0,10,Low Risk,2025-11
TXN1813,2025-07-25,CUST0038,AGT0125,Dar,BuyAirtime,"267,105 ","310,191 ",0 ,Web,1,0,0,1,4,1,60,Medium Risk,2025-07
TXN1814,2025-08-18,CUST0413,AGT0112,Arusha,PayBill,"89,601 ","466,363 ",0 ,Smartphone,11,0,0,0,4,1,40,Medium Risk,2025-08
TXN1815,2025-01-01,CUST0241,AGT0061,Dodoma,PayBill,"379,484 ","677,749 ",0 ,Feature Phone,20,0,0,1,10,1,120,High Risk,2025-01
TXN1816,2025-10-26,CUST0348,AGT0173,Mbeya,BuyAirtime,"247,792 ","800,184 ",0 ,Feature Phone,9,0,0,1,1,0,30,Low Risk,2025-10
TXN1817,2025-07-09,CUST0474,AGT0114,Mwanza,PayBill,"145,731 ","966,993 ",0 ,USSD,3,0,0,0,7,1,70,High Risk,2025-07
TXN1818,2025-09-14,CUST0108,AGT0163,Mwanza,Receive,"306,443 ","937,997 ","177,240 ",Feature Phone,4,0,0,1,3,1,50,Medium Risk,2025-09
TXN1819,2025-11-15,CUST0432,AGT0107,Mwanza,Deposit,"123,269 ","992,788 ",0 ,Feature Phone,10,0,0,0,4,1,40,Medium Risk,2025-11
TXN1820,2025-10-23,CUST0071,AGT0058,Mwanza,Deposit,"224,379 ","990,142 ",0 ,Smartphone,21,0,0,1,2,0,40,Medium Risk,2025-10
TXN1821,2025-08-30,CUST0420,AGT0122,Arusha,Receive,"60,646 ","683,446 ","490,670 ",Feature Phone,4,0,0,0,4,1,40,Medium Risk,2025-08
TXN1822,2025-12-26,CUST0047,AGT0037,Dar,Deposit,"239,284 ","495,578 ",0 ,Web,12,0,0,1,1,0,30,Low Risk,2025-12
TXN1823,2025-06-08,CUST0117,AGT0141,Dar,PayBill,"424,921 ","913,445 ",0 ,Web,2,0,0,1,6,1,80,High Risk,2025-06
TXN1824,2025-01-12,CUST0078,AGT0066,Dodoma,BuyAirtime,"439,003 ","880,952 ",0 ,Smartphone,15,0,0,1,9,1,110,High Risk,2025-01
TXN1825,2025-11-27,CUST0145,AGT0175,Dodoma,BuyAirtime,"262,225 ","231,455 ",0 ,Feature Phone,17,0,0,1,1,0,30,Low Risk,2025-11
TXN1826,2025-12-19,CUST0461,AGT0007,Dar,Send,"289,291 ","145,909 ",0 ,Smartphone,23,0,0,1,1,0,30,Low Risk,2025-12
TXN1827,2025-07-06,CUST0215,AGT0194,Dodoma,BuyAirtime,"256,796 ","932,049 ",0 ,Smartphone,18,0,0,1,5,1,70,High Risk,2025-07
TXN1828,2025-09-24,CUST0184,AGT0131,Mwanza,Withdraw,"114,071 ","303,417 ",0 ,USSD,23,0,0,0,2,0,20,Low Risk,2025-09
TXN1829,2025-10-05,CUST0136,AGT0034,Mbeya,PayBill,"397,287 ","453,981 ",0 ,Smartphone,11,0,0,1,3,1,50,Medium Risk,2025-10
TXN1830,2025-10-03,CUST0084,AGT0194,Arusha,PayBill,"6,447 ","518,624 ",0 ,Web,3,0,0,0,4,1,40,Medium Risk,2025-10
TXN1831,2025-08-07,CUST0031,AGT0075,Mbeya,Deposit,"256,860 ","612,671 ",0 ,USSD,18,0,0,1,5,1,70,High Risk,2025-08
TXN1832,2025-03-28,CUST0136,AGT0041,Dar,Receive,"34,966 ","247,364 ","274,575 ",Smartphone,12,0,0,0,10,1,100,High Risk,2025-03
TXN1833,2025-02-02,CUST0120,AGT0042,Mwanza,Deposit,"91,503 ","767,979 ",0 ,Smartphone,23,0,0,0,7,1,70,High Risk,2025-02
TXN1834,2025-07-22,CUST0474,AGT0092,Dar,Receive,"116,478 ","543,964 ","118,148 ",Smartphone,8,0,0,0,6,1,60,Medium Risk,2025-07
TXN1835,2025-07-08,CUST0234,AGT0119,Dodoma,Receive,"420,851 ","184,325 ","377,938 ",Feature Phone,20,0,0,1,3,1,50,Medium Risk,2025-07
TXN1836,2025-12-20,CUST0141,AGT0007,Dar,Deposit,"205,240 ","861,266 ",0 ,Smartphone,7,0,0,1,1,0,30,Low Risk,2025-12
TXN1837,2025-05-28,CUST0201,AGT0102,Dar,BuyAirtime,"218,261 ","777,767 ",0 ,Feature Phone,8,0,0,1,7,1,90,High Risk,2025-05
TXN1838,2025-08-15,CUST0079,AGT0122,Mwanza,Deposit,"412,018 ","535,449 ",0 ,Web,17,0,0,1,9,1,110,High Risk,2025-08
TXN1839,2025-09-04,CUST0020,AGT0050,Arusha,PayBill,"298,904 ","318,809 ",0 ,USSD,8,0,0,1,4,1,60,Medium Risk,2025-09
TXN1840,2025-01-09,CUST0172,AGT0199,Mwanza,Receive,"421,265 ","904,062 ","480,328 ",Web,16,0,0,1,10,1,120,High Risk,2025-01
TXN1841,2025-09-13,CUST0221,AGT0007,Dodoma,Send,"75,927 ","604,245 ",0 ,Feature Phone,2,0,0,0,5,1,50,Medium Risk,2025-09
TXN1842,2025-04-28,CUST0120,AGT0009,Mbeya,Receive,"132,054 ","223,183 ","164,691 ",USSD,6,0,0,0,4,1,40,Medium Risk,2025-04
TXN1843,2025-10-07,CUST0046,AGT0171,Arusha,Deposit,"357,802 ","592,022 ",0 ,Web,19,0,0,1,3,1,50,Medium Risk,2025-10
TXN1844,2025-04-16,CUST0443,AGT0107,Mwanza,Deposit,"207,270 ","932,981 ",0 ,Smartphone,7,0,0,1,6,1,80,High Risk,2025-04
TXN1845,2025-02-24,CUST0086,AGT0053,Dar,Withdraw,"456,955 ","824,652 ",0 ,Feature Phone,23,0,0,1,11,1,130,High Risk,2025-02
TXN1846,2025-07-23,CUST0335,AGT0158,Arusha,PayBill,"59,911 ","910,765 ",0 ,USSD,21,0,0,0,9,1,90,High Risk,2025-07
TXN1847,2025-09-30,CUST0091,AGT0073,Mbeya,PayBill,"300,233 ","80,540 ",0 ,Web,20,0,0,1,5,1,70,High Risk,2025-09
TXN1848,2025-04-01,CUST0415,AGT0155,Mbeya,Receive,"381,094 ","673,161 ","33,028 ",Smartphone,8,0,0,1,9,1,110,High Risk,2025-04
TXN1849,2025-12-02,CUST0241,AGT0028,Dodoma,Withdraw,"323,786 ","806,568 ",0 ,Web,6,0,0,1,1,0,30,Low Risk,2025-12
TXN1850,2025-03-24,CUST0157,AGT0079,Dodoma,Withdraw,"264,938 ","889,615 ",0 ,Smartphone,21,0,0,1,7,1,90,High Risk,2025-03
TXN1851,2025-04-02,CUST0435,AGT0166,Mbeya,Withdraw,"474,134 ","154,417 ",0 ,Smartphone,19,0,0,1,7,1,90,High Risk,2025-04
TXN1852,2025-10-30,CUST0324,AGT0092,Dar,PayBill,"303,727 ","438,016 ",0 ,Web,7,1,0,1,3,1,100,High Risk,2025-10
TXN1853,2025-04-29,CUST0415,AGT0180,Dar,Receive,"83,931 ","949,499 ","75,768 ",Smartphone,5,0,0,0,7,1,70,High Risk,2025-04
TXN1854,2025-02-22,CUST0476,AGT0099,Mwanza,Withdraw,"429,713 ","984,518 ",0 ,USSD,12,0,0,1,5,1,70,High Risk,2025-02
TXN1855,2025-03-31,CUST0243,AGT0153,Arusha,PayBill,"354,099 ","623,027 ",0 ,Web,17,0,0,1,6,1,80,High Risk,2025-03
TXN1856,2025-02-28,CUST0153,AGT0175,Mbeya,Withdraw,"302,741 ","412,847 ",0 ,Web,20,0,0,1,8,1,100,High Risk,2025-02
TXN1857,2025-10-15,CUST0079,AGT0043,Arusha,PayBill,"313,463 ","731,722 ",0 ,Smartphone,4,0,0,1,4,1,60,Medium Risk,2025-10
TXN1858,2025-01-01,CUST0195,AGT0062,Dodoma,Send,"141,801 ","955,347 ",0 ,Feature Phone,1,0,0,0,15,1,150,High Risk,2025-01
TXN1859,2025-01-25,CUST0285,AGT0040,Dar,PayBill,"278,704 ","557,316 ",0 ,Smartphone,11,0,0,1,10,1,120,High Risk,2025-01
TXN1860,2025-05-14,CUST0418,AGT0046,Dodoma,Receive,"213,947 ","949,330 ","415,092 ",Web,5,0,0,1,8,1,100,High Risk,2025-05
TXN1861,2025-07-19,CUST0063,AGT0117,Mbeya,Receive,"121,523 ","908,751 ","132,208 ",Web,4,0,0,0,5,1,50,Medium Risk,2025-07
TXN1862,2025-09-21,CUST0115,AGT0121,Mbeya,Deposit,"316,470 ","791,527 ",0 ,Feature Phone,11,0,0,1,2,0,40,Medium Risk,2025-09
TXN1863,2025-01-30,CUST0130,AGT0069,Mbeya,Deposit,"213,197 ","710,425 ",0 ,Feature Phone,2,0,0,1,15,1,170,High Risk,2025-01
TXN1864,2025-07-14,CUST0237,AGT0077,Mbeya,Deposit,"176,062 ","6,496 ",0 ,Smartphone,10,0,0,0,4,1,40,Medium Risk,2025-07
TXN1865,2025-10-14,CUST0057,AGT0157,Arusha,Send,"98,909 ","439,248 ",0 ,USSD,10,0,0,0,6,1,60,Medium Risk,2025-10
TXN1866,2025-03-16,CUST0237,AGT0020,Dar,Send,"167,988 ","437,505 ",0 ,USSD,22,0,0,0,8,1,80,High Risk,2025-03
TXN1867,2025-07-06,CUST0277,AGT0191,Arusha,Send,"131,798 ","394,992 ",0 ,USSD,22,0,0,0,8,1,80,High Risk,2025-07
TXN1868,2025-11-06,CUST0392,AGT0196,Mbeya,Send,"219,459 ","511,244 ",0 ,Web,2,0,0,1,2,0,40,Medium Risk,2025-11
TXN1869,2025-12-18,CUST0058,AGT0193,Dodoma,PayBill,"184,687 ","226,773 ",0 ,USSD,9,0,0,0,1,0,10,Low Risk,2025-12
TXN1870,2025-03-13,CUST0173,AGT0156,Mbeya,PayBill,"422,328 ","999,357 ",0 ,Web,5,0,0,1,7,1,90,High Risk,2025-03
TXN1871,2025-12-18,CUST0271,AGT0132,Mwanza,Deposit,"62,763 ","553,648 ",0 ,USSD,23,0,0,0,1,0,10,Low Risk,2025-12
TXN1872,2025-07-14,CUST0468,AGT0069,Mwanza,Withdraw,"261,343 ","540,874 ",0 ,Web,19,0,0,1,5,1,70,High Risk,2025-07
TXN1873,2025-10-05,CUST0193,AGT0135,Mbeya,PayBill,"155,926 ","514,097 ",0 ,USSD,17,0,0,0,2,0,20,Low Risk,2025-10
TXN1874,2025-03-01,CUST0045,AGT0171,Mbeya,Deposit,"404,526 ","739,853 ",0 ,USSD,10,0,0,1,13,1,150,High Risk,2025-03
TXN1875,2025-12-04,CUST0374,AGT0086,Dodoma,Deposit,"19,533 ","561,498 ",0 ,USSD,10,0,0,0,1,0,10,Low Risk,2025-12
TXN1876,2025-04-07,CUST0228,AGT0147,Arusha,BuyAirtime,"92,473 ","849,171 ",0 ,USSD,12,0,0,0,11,1,110,High Risk,2025-04
TXN1877,2025-11-05,CUST0480,AGT0070,Arusha,Deposit,"271,071 ","781,865 ",0 ,Smartphone,22,0,0,1,2,0,40,Medium Risk,2025-11
TXN1878,2025-03-24,CUST0175,AGT0031,Dar,PayBill,"233,434 ","661,296 ",0 ,Smartphone,8,0,0,1,6,1,80,High Risk,2025-03
TXN1879,2025-04-02,CUST0239,AGT0043,Mbeya,PayBill,"242,103 ","877,308 ",0 ,USSD,12,0,0,1,3,1,50,Medium Risk,2025-04
TXN1880,2025-10-29,CUST0341,AGT0074,Mbeya,BuyAirtime,"314,666 ","448,585 ",0 ,Web,9,0,0,1,2,0,40,Medium Risk,2025-10
TXN1881,2025-04-08,CUST0204,AGT0095,Arusha,Receive,"59,550 ","949,427 ","456,879 ",USSD,2,0,0,0,9,1,90,High Risk,2025-04
TXN1882,2025-08-07,CUST0293,AGT0019,Arusha,Send,"133,432 ","38,930 ",0 ,USSD,21,0,0,0,3,1,30,Low Risk,2025-08
TXN1883,2025-09-26,CUST0395,AGT0088,Mwanza,Receive,"350,267 ","242,319 ","263,156 ",USSD,2,0,0,1,3,1,50,Medium Risk,2025-09
TXN1884,2025-04-24,CUST0123,AGT0099,Dar,Deposit,"31,041 ","360,185 ",0 ,Web,0,0,0,0,10,1,100,High Risk,2025-04
TXN1885,2025-05-05,CUST0093,AGT0047,Dodoma,PayBill,"370,309 ","298,036 ",0 ,USSD,14,0,0,1,6,1,80,High Risk,2025-05
TXN1886,2025-04-08,CUST0151,AGT0146,Arusha,BuyAirtime,"256,246 ","889,229 ",0 ,Feature Phone,16,0,0,1,3,1,50,Medium Risk,2025-04
TXN1887,2025-02-15,CUST0420,AGT0038,Mbeya,Send,"418,047 ","706,604 ",0 ,USSD,16,0,0,1,11,1,130,High Risk,2025-02
TXN1888,2025-03-01,CUST0350,AGT0171,Mbeya,BuyAirtime,"417,689 ","691,875 ",0 ,USSD,9,0,0,1,12,1,140,High Risk,2025-03
TXN1889,2025-01-26,CUST0497,AGT0194,Mbeya,Deposit,"173,106 ","241,818 ",0 ,Web,6,0,0,0,6,1,60,Medium Risk,2025-01
TXN1890,2025-12-06,CUST0078,AGT0114,Mwanza,Deposit,"309,417 ","334,407 ",0 ,USSD,7,0,0,1,1,0,30,Low Risk,2025-12
TXN1891,2025-07-06,CUST0003,AGT0020,Mwanza,Send,"162,756 ","180,505 ",0 ,Web,5,0,0,0,3,1,30,Low Risk,2025-07
TXN1892,2025-09-07,CUST0207,AGT0106,Dodoma,Receive,"278,018 ","802,779 ","53,573 ",Web,15,0,0,1,7,1,90,High Risk,2025-09
TXN1893,2025-03-05,CUST0199,AGT0081,Dar,Send,"19,274 ","335,135 ",0 ,Feature Phone,14,0,0,0,7,1,70,High Risk,2025-03
TXN1894,2025-08-28,CUST0272,AGT0140,Arusha,Withdraw,"149,619 ","416,085 ",0 ,Web,8,0,0,0,3,1,30,Low Risk,2025-08
TXN1895,2025-06-04,CUST0142,AGT0018,Arusha,PayBill,"415,039 ","947,809 ",0 ,Smartphone,15,0,0,1,7,1,90,High Risk,2025-06
TXN1896,2025-10-02,CUST0297,AGT0133,Dodoma,Receive,"160,490 ","574,364 ","253,137 ",Web,11,0,0,0,3,1,30,Low Risk,2025-10
TXN1897,2025-07-28,CUST0251,AGT0115,Mbeya,Receive,"113,724 ","153,351 ","343,838 ",Web,12,0,0,0,3,1,30,Low Risk,2025-07
TXN1898,2025-12-02,CUST0206,AGT0068,Dar,Withdraw,"153,938 ","866,676 ",0 ,Web,5,0,0,0,1,0,10,Low Risk,2025-12
TXN1899,2025-11-11,CUST0433,AGT0032,Mwanza,PayBill,"176,143 ","599,781 ",0 ,Feature Phone,16,0,0,0,1,0,10,Low Risk,2025-11
TXN1900,2025-02-17,CUST0066,AGT0058,Dodoma,PayBill,"237,218 ","309,055 ",0 ,Smartphone,13,0,0,1,4,1,60,Medium Risk,2025-02
TXN1901,2025-12-10,CUST0219,AGT0187,Mwanza,Receive,"125,411 ","132,108 ","52,771 ",USSD,23,0,0,0,1,0,10,Low Risk,2025-12
TXN1902,2025-05-21,CUST0161,AGT0160,Mbeya,Withdraw,"452,652 ","599,853 ",0 ,Smartphone,2,0,0,1,4,1,60,Medium Risk,2025-05
TXN1903,2025-05-15,CUST0366,AGT0166,Mbeya,PayBill,"449,341 ","251,443 ",0 ,Smartphone,2,0,0,1,6,1,80,High Risk,2025-05
TXN1904,2025-11-25,CUST0154,AGT0164,Mbeya,Send,"253,651 ","501,800 ",0 ,Web,19,0,0,1,1,0,30,Low Risk,2025-11
TXN1905,2025-09-09,CUST0343,AGT0176,Dodoma,Receive,"27,875 ","72,224 ","277,869 ",USSD,21,0,0,0,2,0,20,Low Risk,2025-09
TXN1906,2025-09-16,CUST0275,AGT0095,Dar,BuyAirtime,"245,812 ","453,561 ",0 ,Feature Phone,5,0,0,1,4,1,60,Medium Risk,2025-09
TXN1907,2025-11-22,CUST0133,AGT0067,Dar,PayBill,"208,533 ","267,631 ",0 ,Feature Phone,1,0,0,1,2,0,40,Medium Risk,2025-11
TXN1908,2025-06-04,CUST0064,AGT0200,Dodoma,Send,"42,872 ","282,016 ",0 ,Feature Phone,3,0,0,0,5,1,50,Medium Risk,2025-06
TXN1909,2025-06-22,CUST0133,AGT0198,Dar,Withdraw,"370,008 ","227,435 ",0 ,Web,9,0,0,1,5,1,70,High Risk,2025-06
TXN1910,2025-03-05,CUST0105,AGT0070,Mwanza,BuyAirtime,"158,334 ","21,120 ",0 ,Smartphone,11,0,0,0,10,1,100,High Risk,2025-03
TXN1911,2025-01-02,CUST0492,AGT0152,Mwanza,BuyAirtime,"130,423 ","863,268 ",0 ,Web,17,0,0,0,7,1,70,High Risk,2025-01
TXN1912,2025-12-30,CUST0031,AGT0157,Mbeya,Send,"82,010 ","66,753 ",0 ,Smartphone,20,0,0,0,1,0,10,Low Risk,2025-12
TXN1913,2025-01-21,CUST0018,AGT0187,Dodoma,Send,"19,941 ","868,745 ",0 ,Feature Phone,10,0,0,0,12,1,120,High Risk,2025-01
TXN1914,2025-04-17,CUST0402,AGT0072,Mbeya,BuyAirtime,"386,011 ","451,199 ",0 ,USSD,6,0,0,1,3,1,50,Medium Risk,2025-04
TXN1915,2025-10-08,CUST0354,AGT0137,Mbeya,PayBill,"97,877 ","250,751 ",0 ,Feature Phone,13,0,0,0,1,0,10,Low Risk,2025-10
TXN1916,2025-09-30,CUST0280,AGT0021,Dodoma,Send,"213,832 ","502,744 ",0 ,Web,0,0,0,1,1,0,30,Low Risk,2025-09
TXN1917,2025-09-22,CUST0366,AGT0118,Dodoma,Deposit,"381,990 ","212,802 ",0 ,Feature Phone,20,0,0,1,3,1,50,Medium Risk,2025-09
TXN1918,2025-03-27,CUST0254,AGT0136,Dodoma,Withdraw,"247,241 ","176,343 ",0 ,Web,17,0,0,1,9,1,110,High Risk,2025-03
TXN1919,2025-01-26,CUST0399,AGT0046,Dar,Send,"413,618 ","980,087 ",0 ,Web,3,0,0,1,9,1,110,High Risk,2025-01
TXN1920,2025-10-20,CUST0106,AGT0098,Dar,Send,"355,866 ","234,637 ",0 ,USSD,6,0,0,1,3,1,50,Medium Risk,2025-10
TXN1921,2025-12-07,CUST0362,AGT0009,Arusha,PayBill,"4,831 ","745,101 ",0 ,Smartphone,15,0,0,0,1,0,10,Low Risk,2025-12
TXN1922,2025-09-10,CUST0170,AGT0050,Mwanza,Receive,"57,952 ","748,858 ","251,019 ",USSD,12,0,0,0,3,1,30,Low Risk,2025-09
TXN1923,2025-05-27,CUST0319,AGT0200,Arusha,PayBill,"186,843 ","648,010 ",0 ,Smartphone,0,0,0,0,8,1,80,High Risk,2025-05
TXN1924,2025-01-02,CUST0182,AGT0049,Mbeya,Withdraw,"320,688 ","150,030 ",0 ,USSD,1,0,0,1,15,1,170,High Risk,2025-01
TXN1925,2025-11-11,CUST0335,AGT0029,Arusha,Withdraw,"47,343 ","315,736 ",0 ,USSD,17,0,0,0,5,1,50,Medium Risk,2025-11
TXN1926,2025-12-24,CUST0104,AGT0164,Dodoma,BuyAirtime,"328,201 ","849,588 ",0 ,Feature Phone,4,0,0,1,1,0,30,Low Risk,2025-12
TXN1927,2025-08-01,CUST0408,AGT0049,Arusha,Receive,"47,424 ","76,225 ","286,163 ",USSD,18,0,0,0,7,1,70,High Risk,2025-08
TXN1928,2025-06-02,CUST0392,AGT0102,Arusha,Deposit,"293,187 ","581,856 ",0 ,USSD,19,0,0,1,8,1,100,High Risk,2025-06
TXN1929,2025-08-24,CUST0481,AGT0076,Mwanza,BuyAirtime,"18,020 ","861,809 ",0 ,USSD,21,0,0,0,4,1,40,Medium Risk,2025-08
TXN1930,2025-06-02,CUST0123,AGT0047,Arusha,Withdraw,"83,495 ","741,279 ",0 ,Feature Phone,7,0,0,0,7,1,70,High Risk,2025-06
TXN1931,2025-01-11,CUST0458,AGT0180,Dodoma,BuyAirtime,"486,582 ","400,135 ",0 ,Smartphone,11,0,0,1,11,1,130,High Risk,2025-01
TXN1932,2025-04-20,CUST0415,AGT0147,Mwanza,BuyAirtime,"43,954 ","230,548 ",0 ,USSD,23,0,0,0,8,1,80,High Risk,2025-04
TXN1933,2025-12-03,CUST0462,AGT0181,Mbeya,BuyAirtime,"154,183 ","204,239 ",0 ,Smartphone,7,0,0,0,1,0,10,Low Risk,2025-12
TXN1934,2025-04-01,CUST0197,AGT0126,Dar,Deposit,"342,121 ","747,465 ",0 ,Web,14,0,0,1,9,1,110,High Risk,2025-04
TXN1935,2025-09-12,CUST0065,AGT0027,Mbeya,BuyAirtime,"277,148 ","976,176 ",0 ,Smartphone,13,0,0,1,7,1,90,High Risk,2025-09
TXN1936,2025-08-16,CUST0309,AGT0106,Arusha,Send,"303,969 ","275,717 ",0 ,Feature Phone,7,0,0,1,5,1,70,High Risk,2025-08
TXN1937,2025-06-09,CUST0462,AGT0183,Dar,Withdraw,"465,706 ","720,733 ",0 ,Smartphone,11,0,0,1,8,1,100,High Risk,2025-06
TXN1938,2025-03-19,CUST0248,AGT0023,Mbeya,Send,"477,837 ","526,312 ",0 ,USSD,16,0,0,1,10,1,120,High Risk,2025-03
TXN1939,2025-11-26,CUST0488,AGT0098,Arusha,Receive,"364,316 ","232,192 ","407,753 ",USSD,21,0,0,1,3,1,50,Medium Risk,2025-11
TXN1940,2025-09-10,CUST0230,AGT0173,Dodoma,Send,"259,906 ","835,990 ",0 ,Feature Phone,21,0,0,1,4,1,60,Medium Risk,2025-09
TXN1941,2025-03-24,CUST0335,AGT0093,Mbeya,Withdraw,"98,447 ","519,622 ",0 ,Smartphone,18,0,0,0,14,1,140,High Risk,2025-03
TXN1942,2025-05-29,CUST0273,AGT0062,Arusha,Receive,"393,263 ","178,715 ","106,783 ",Feature Phone,20,0,0,1,9,1,110,High Risk,2025-05
TXN1943,2025-02-25,CUST0219,AGT0019,Mwanza,Send,"427,243 ","772,086 ",0 ,Web,11,0,0,1,11,1,130,High Risk,2025-02
TXN1944,2025-09-16,CUST0481,AGT0155,Arusha,Withdraw,"218,902 ","109,594 ",0 ,Web,9,0,0,1,3,1,50,Medium Risk,2025-09
TXN1945,2025-02-16,CUST0074,AGT0170,Arusha,Deposit,"270,758 ","879,887 ",0 ,Web,2,0,0,1,9,1,110,High Risk,2025-02
TXN1946,2025-10-10,CUST0286,AGT0080,Dodoma,Send,"282,158 ","940,832 ",0 ,Smartphone,13,0,0,1,4,1,60,Medium Risk,2025-10
TXN1947,2025-08-17,CUST0390,AGT0195,Arusha,Deposit,"179,829 ","901,872 ",0 ,Smartphone,23,0,0,0,4,1,40,Medium Risk,2025-08
TXN1948,2025-07-06,CUST0373,AGT0042,Dodoma,PayBill,"120,004 ","834,599 ",0 ,Feature Phone,9,0,0,0,2,0,20,Low Risk,2025-07
TXN1949,2025-01-17,CUST0338,AGT0135,Dodoma,Send,"277,733 ","24,252 ",0 ,Smartphone,16,0,0,1,11,1,130,High Risk,2025-01
TXN1950,2025-02-24,CUST0102,AGT0075,Dodoma,Withdraw,"334,185 ","270,499 ",0 ,Web,9,0,0,1,11,1,130,High Risk,2025-02
TXN1951,2025-03-19,CUST0156,AGT0185,Mwanza,BuyAirtime,"444,859 ","256,471 ",0 ,Smartphone,2,0,0,1,10,1,120,High Risk,2025-03
TXN1952,2025-04-03,CUST0304,AGT0157,Mwanza,Deposit,"364,790 ","613,391 ",0 ,USSD,17,0,0,1,9,1,110,High Risk,2025-04
TXN1953,2025-01-05,CUST0248,AGT0098,Mwanza,Deposit,"355,510 ","294,663 ",0 ,Web,6,0,0,1,13,1,150,High Risk,2025-01
TXN1954,2025-01-28,CUST0498,AGT0177,Dar,BuyAirtime,"447,516 ","26,916 ",0 ,Web,21,0,0,1,15,1,170,High Risk,2025-01
TXN1955,2025-07-04,CUST0111,AGT0160,Dar,Deposit,"109,192 ","602,127 ",0 ,USSD,18,0,0,0,6,1,60,Medium Risk,2025-07
TXN1956,2025-07-03,CUST0024,AGT0197,Mbeya,Receive,"290,539 ","893,317 ","173,904 ",Smartphone,9,0,0,1,10,1,120,High Risk,2025-07
TXN1957,2025-06-07,CUST0187,AGT0098,Mwanza,Receive,"476,309 ","483,603 ","414,199 ",Web,16,0,0,1,8,1,100,High Risk,2025-06
TXN1958,2025-11-30,CUST0268,AGT0196,Arusha,Deposit,"300,655 ","620,856 ",0 ,Smartphone,17,1,0,1,2,0,90,High Risk,2025-11
TXN1959,2025-09-18,CUST0440,AGT0016,Arusha,Send,"429,903 ","14,648 ",0 ,Web,20,0,0,1,7,1,90,High Risk,2025-09
TXN1960,2025-10-12,CUST0065,AGT0036,Dodoma,Receive,"133,349 ","57,058 ","184,401 ",Feature Phone,9,0,0,0,4,1,40,Medium Risk,2025-10
TXN1961,2025-05-02,CUST0321,AGT0024,Arusha,PayBill,"118,730 ","315,913 ",0 ,Feature Phone,9,0,0,0,9,1,90,High Risk,2025-05
TXN1962,2025-05-14,CUST0113,AGT0125,Dar,Withdraw,"56,800 ","402,937 ",0 ,USSD,12,0,0,0,5,1,50,Medium Risk,2025-05
TXN1963,2025-09-30,CUST0014,AGT0131,Arusha,Deposit,"82,088 ","976,527 ",0 ,Web,23,0,0,0,7,1,70,High Risk,2025-09
TXN1964,2025-01-10,CUST0143,AGT0200,Mbeya,Receive,"317,183 ","630,971 ","411,945 ",Feature Phone,2,0,0,1,11,1,130,High Risk,2025-01
TXN1965,2025-06-02,CUST0190,AGT0085,Dodoma,BuyAirtime,"449,970 ","438,680 ",0 ,Web,6,0,0,1,5,1,70,High Risk,2025-06
TXN1966,2025-07-10,CUST0022,AGT0069,Mwanza,Withdraw,"498,504 ","407,926 ",0 ,Smartphone,19,0,0,1,7,1,90,High Risk,2025-07
TXN1967,2025-10-18,CUST0370,AGT0134,Arusha,PayBill,"325,507 ","121,519 ",0 ,Smartphone,11,0,0,1,3,1,50,Medium Risk,2025-10
TXN1968,2025-11-27,CUST0012,AGT0059,Arusha,Deposit,"35,816 ","167,131 ",0 ,Smartphone,13,0,0,0,1,0,10,Low Risk,2025-11
TXN1969,2025-07-16,CUST0343,AGT0044,Mbeya,PayBill,"148,587 ","479,380 ",0 ,Feature Phone,10,0,0,0,4,1,40,Medium Risk,2025-07
TXN1970,2025-11-06,CUST0334,AGT0038,Mwanza,BuyAirtime,"283,018 ","663,900 ",0 ,Feature Phone,4,0,0,1,1,0,30,Low Risk,2025-11
TXN1971,2025-09-28,CUST0096,AGT0079,Arusha,BuyAirtime,"358,926 ","77,053 ",0 ,Feature Phone,10,0,0,1,3,1,50,Medium Risk,2025-09
TXN1972,2025-07-28,CUST0193,AGT0088,Arusha,BuyAirtime,"428,942 ","155,444 ",0 ,Web,19,0,0,1,4,1,60,Medium Risk,2025-07
TXN1973,2025-03-04,CUST0088,AGT0065,Dodoma,BuyAirtime,"227,168 ","821,854 ",0 ,Smartphone,17,0,0,1,10,1,120,High Risk,2025-03
TXN1974,2025-04-17,CUST0249,AGT0106,Dar,BuyAirtime,"367,412 ","242,700 ",0 ,Feature Phone,0,0,0,1,10,1,120,High Risk,2025-04
TXN1975,2025-01-09,CUST0214,AGT0193,Mwanza,BuyAirtime,"382,792 ","589,875 ",0 ,Smartphone,11,0,0,1,5,1,70,High Risk,2025-01
TXN1976,2025-03-25,CUST0392,AGT0130,Mbeya,Deposit,"410,914 ","28,394 ",0 ,Web,14,0,0,1,12,1,140,High Risk,2025-03
TXN1977,2025-02-27,CUST0148,AGT0013,Mbeya,Send,"122,870 ","630,413 ",0 ,Feature Phone,9,0,0,0,6,1,60,Medium Risk,2025-02
TXN1978,2025-08-07,CUST0029,AGT0042,Dar,Withdraw,"12,577 ","712,223 ",0 ,Smartphone,3,0,0,0,2,0,20,Low Risk,2025-08
TXN1979,2025-09-30,CUST0238,AGT0044,Dar,BuyAirtime,"264,831 ","374,905 ",0 ,USSD,7,0,0,1,2,0,40,Medium Risk,2025-09
TXN1980,2025-11-16,CUST0400,AGT0020,Mwanza,PayBill,"264,119 ","956,680 ",0 ,USSD,22,0,0,1,1,0,30,Low Risk,2025-11
TXN1981,2025-01-15,CUST0238,AGT0086,Arusha,Deposit,"378,249 ","103,835 ",0 ,Smartphone,2,0,0,1,9,1,110,High Risk,2025-01
TXN1982,2025-06-15,CUST0319,AGT0099,Dar,PayBill,"44,825 ","182,909 ",0 ,Smartphone,14,0,0,0,7,1,70,High Risk,2025-06
TXN1983,2025-07-11,CUST0167,AGT0175,Dodoma,BuyAirtime,"194,403 ","803,871 ",0 ,Web,10,0,0,0,6,1,60,Medium Risk,2025-07
TXN1984,2025-12-06,CUST0479,AGT0122,Mwanza,BuyAirtime,"317,176 ","559,583 ",0 ,Web,20,1,0,1,1,0,80,High Risk,2025-12
TXN1985,2025-04-25,CUST0245,AGT0198,Mbeya,Withdraw,"22,584 ","28,614 ",0 ,Web,7,0,0,0,6,1,60,Medium Risk,2025-04
TXN1986,2025-02-09,CUST0115,AGT0085,Mwanza,Receive,"452,086 ","152,150 ","349,478 ",Smartphone,6,0,0,1,12,1,140,High Risk,2025-02
TXN1987,2025-10-29,CUST0080,AGT0100,Mwanza,Send,"91,164 ","993,459 ",0 ,Feature Phone,5,0,0,0,2,0,20,Low Risk,2025-10
TXN1988,2025-11-17,CUST0389,AGT0094,Mwanza,Send,"179,904 ","174,979 ",0 ,Feature Phone,4,0,0,0,6,1,60,Medium Risk,2025-11
TXN1989,2025-02-25,CUST0080,AGT0002,Arusha,Send,"271,649 ","487,812 ",0 ,USSD,7,0,0,1,10,1,120,High Risk,2025-02
TXN1990,2025-12-25,CUST0436,AGT0094,Arusha,Receive,"368,795 ","918,079 ","313,099 ",Feature Phone,13,0,0,1,1,0,30,Low Risk,2025-12
TXN1991,2025-10-23,CUST0065,AGT0148,Dodoma,PayBill,"362,796 ","526,453 ",0 ,Web,20,0,0,1,3,1,50,Medium Risk,2025-10
TXN1992,2025-01-06,CUST0156,AGT0079,Dar,Withdraw,"35,435 ","484,952 ",0 ,Smartphone,0,1,0,0,14,1,190,High Risk,2025-01
TXN1993,2025-06-06,CUST0192,AGT0167,Mwanza,PayBill,"5,403 ","238,317 ",0 ,Web,7,0,0,0,6,1,60,Medium Risk,2025-06
TXN1994,2025-08-12,CUST0037,AGT0043,Mwanza,Withdraw,"468,616 ","262,695 ",0 ,USSD,18,0,0,1,4,1,60,Medium Risk,2025-08
TXN1995,2025-09-20,CUST0343,AGT0159,Dar,Withdraw,"140,005 ","911,309 ",0 ,USSD,17,0,0,0,1,0,10,Low Risk,2025-09
TXN1996,2025-10-16,CUST0206,AGT0001,Mwanza,Send,"42,805 ","397,453 ",0 ,Web,0,0,0,0,3,1,30,Low Risk,2025-10
TXN1997,2025-10-12,CUST0054,AGT0105,Dodoma,PayBill,"106,584 ","654,736 ",0 ,Web,20,0,0,0,3,1,30,Low Risk,2025-10
TXN1998,2025-12-03,CUST0018,AGT0071,Mbeya,Withdraw,"65,481 ","850,302 ",0 ,Feature Phone,0,0,0,0,2,0,20,Low Risk,2025-12
TXN1999,2025-02-14,CUST0474,AGT0039,Dodoma,Send,"273,869 ","573,829 ",0 ,USSD,13,0,0,1,11,1,130,High Risk,2025-02
TXN2000,2025-09-20,CUST0044,AGT0054,Dar,Send,"354,891 ","311,507 ",0 ,Smartphone,10,0,0,1,8,1,100,High Risk,2025-09
TXN2001,2025-06-23,CUST0295,AGT0153,Mwanza,Send,"343,974 ","724,726 ",0 ,Smartphone,13,0,0,1,8,1,100,High Risk,2025-06
TXN2002,2025-08-01,CUST0267,AGT0189,Mwanza,Send,"374,244 ","893,827 ",0 ,USSD,13,0,0,1,4,1,60,Medium Risk,2025-08
TXN2003,2025-03-29,CUST0261,AGT0126,Mbeya,BuyAirtime,"398,923 ","214,083 ",0 ,USSD,21,0,0,1,9,1,110,High Risk,2025-03
TXN2004,2025-03-26,CUST0195,AGT0116,Mwanza,BuyAirtime,"442,072 ","915,453 ",0 ,Web,0,0,0,1,11,1,130,High Risk,2025-03
TXN2005,2025-01-05,CUST0496,AGT0179,Mwanza,Deposit,"364,204 ","84,923 ",0 ,Web,16,0,0,1,14,1,160,High Risk,2025-01
TXN2006,2025-05-27,CUST0243,AGT0168,Dodoma,Send,"151,315 ","334,972 ",0 ,USSD,20,0,0,0,4,1,40,Medium Risk,2025-05
TXN2007,2025-09-27,CUST0158,AGT0065,Mwanza,Send,"268,177 ","783,696 ",0 ,Web,15,0,0,1,2,0,40,Medium Risk,2025-09
TXN2008,2025-04-22,CUST0373,AGT0012,Mwanza,PayBill,"406,068 ","724,388 ",0 ,Feature Phone,14,0,0,1,6,1,80,High Risk,2025-04
TXN2009,2025-04-17,CUST0107,AGT0072,Dar,Send,"76,322 ","490,020 ",0 ,Feature Phone,0,0,0,0,9,1,90,High Risk,2025-04
TXN2010,2025-09-06,CUST0119,AGT0021,Mwanza,Send,"265,160 ","263,301 ",0 ,Web,9,0,0,1,3,1,50,Medium Risk,2025-09
TXN2011,2025-12-30,CUST0247,AGT0186,Arusha,Receive,"47,713 ","339,502 ","241,145 ",Smartphone,1,0,0,0,1,0,10,Low Risk,2025-12
TXN2012,2025-01-02,CUST0417,AGT0117,Dodoma,BuyAirtime,"247,883 ","328,216 ",0 ,USSD,17,0,0,1,18,1,200,High Risk,2025-01
TXN2013,2025-04-02,CUST0432,AGT0198,Dodoma,BuyAirtime,"197,223 ","107,892 ",0 ,Smartphone,3,0,0,0,11,1,110,High Risk,2025-04
TXN2014,2025-07-18,CUST0136,AGT0165,Mbeya,Send,"440,762 ","402,898 ",0 ,Feature Phone,3,0,0,1,7,1,90,High Risk,2025-07
TXN2015,2025-05-20,CUST0031,AGT0016,Dar,Receive,"319,386 ","818,109 ","352,499 ",Web,15,0,0,1,10,1,120,High Risk,2025-05
TXN2016,2025-10-16,CUST0067,AGT0032,Mbeya,Send,"267,378 ","162,026 ",0 ,USSD,9,0,0,1,2,0,40,Medium Risk,2025-10
TXN2017,2025-10-27,CUST0259,AGT0020,Dodoma,Withdraw,"231,774 ","304,988 ",0 ,USSD,16,0,0,1,4,1,60,Medium Risk,2025-10
TXN2018,2025-05-09,CUST0061,AGT0086,Dar,Withdraw,"417,030 ","453,962 ",0 ,Smartphone,8,0,0,1,8,1,100,High Risk,2025-05
TXN2019,2025-04-15,CUST0219,AGT0159,Dar,PayBill,"149,110 ","3,254 ",0 ,USSD,12,0,0,0,9,1,90,High Risk,2025-04
TXN2020,2025-07-28,CUST0379,AGT0099,Dodoma,BuyAirtime,"3,278 ","388,025 ",0 ,Smartphone,13,0,0,0,3,1,30,Low Risk,2025-07
TXN2021,2025-08-01,CUST0365,AGT0066,Arusha,Receive,"107,737 ","630,569 ","475,972 ",Feature Phone,0,0,0,0,5,1,50,Medium Risk,2025-08
TXN2022,2025-10-08,CUST0291,AGT0020,Mwanza,Withdraw,"267,142 ","839,323 ",0 ,Feature Phone,0,0,0,1,3,1,50,Medium Risk,2025-10
TXN2023,2025-05-29,CUST0011,AGT0129,Dodoma,PayBill,"120,992 ","518,208 ",0 ,Feature Phone,9,0,0,0,7,1,70,High Risk,2025-05
TXN2024,2025-03-19,CUST0137,AGT0103,Mwanza,Deposit,"98,276 ","335,791 ",0 ,Smartphone,7,0,0,0,11,1,110,High Risk,2025-03
TXN2025,2025-03-05,CUST0308,AGT0064,Mwanza,Receive,"460,882 ","698,894 ","489,507 ",Feature Phone,18,0,0,1,12,1,140,High Risk,2025-03
TXN2026,2025-06-13,CUST0063,AGT0156,Dar,BuyAirtime,"274,174 ","49,450 ",0 ,Web,19,0,0,1,7,1,90,High Risk,2025-06
TXN2027,2025-08-25,CUST0429,AGT0149,Mbeya,Send,"2,160 ","704,536 ",0 ,Feature Phone,5,0,0,0,5,1,50,Medium Risk,2025-08
TXN2028,2025-08-02,CUST0166,AGT0023,Mbeya,Receive,"65,975 ","114,748 ","303,447 ",Web,4,0,0,0,9,1,90,High Risk,2025-08
TXN2029,2025-07-02,CUST0204,AGT0031,Arusha,PayBill,"109,884 ","553,088 ",0 ,Web,0,0,0,0,5,1,50,Medium Risk,2025-07
TXN2030,2025-01-03,CUST0327,AGT0076,Arusha,PayBill,"2,034 ","959,889 ",0 ,Web,12,0,0,0,10,1,100,High Risk,2025-01
TXN2031,2025-11-25,CUST0449,AGT0065,Dodoma,PayBill,"39,895 ","613,275 ",0 ,Smartphone,21,0,0,0,1,0,10,Low Risk,2025-11
TXN2032,2025-07-26,CUST0498,AGT0184,Dar,PayBill,"14,262 ","50,425 ",0 ,Feature Phone,19,0,0,0,9,1,90,High Risk,2025-07
TXN2033,2025-05-22,CUST0079,AGT0087,Mbeya,Withdraw,"348,980 ","725,013 ",0 ,Web,6,0,0,1,13,1,150,High Risk,2025-05
TXN2034,2025-05-25,CUST0129,AGT0069,Mwanza,Deposit,"29,854 ","963,732 ",0 ,Smartphone,18,0,0,0,9,1,90,High Risk,2025-05
TXN2035,2025-02-20,CUST0218,AGT0169,Arusha,PayBill,"16,674 ","403,589 ",0 ,Feature Phone,15,0,0,0,9,1,90,High Risk,2025-02
TXN2036,2025-01-29,CUST0185,AGT0025,Mwanza,Receive,"162,911 ","715,902 ","156,072 ",Feature Phone,3,0,0,0,10,1,100,High Risk,2025-01
TXN2037,2025-03-01,CUST0106,AGT0187,Mbeya,Send,"386,591 ","830,567 ",0 ,Feature Phone,17,0,0,1,10,1,120,High Risk,2025-03
TXN2038,2025-10-15,CUST0176,AGT0125,Dar,Send,"53,264 ","493,670 ",0 ,Web,20,0,0,0,5,1,50,Medium Risk,2025-10
TXN2039,2025-03-31,CUST0392,AGT0082,Arusha,Withdraw,"493,678 ","421,970 ",0 ,Web,4,0,0,1,11,1,130,High Risk,2025-03
TXN2040,2025-10-04,CUST0219,AGT0132,Mbeya,PayBill,"44,127 ","340,549 ",0 ,USSD,18,0,0,0,2,0,20,Low Risk,2025-10
TXN2041,2025-08-01,CUST0061,AGT0088,Mwanza,Receive,"431,889 ","135,994 ","438,769 ",Feature Phone,0,0,0,1,6,1,80,High Risk,2025-08
TXN2042,2025-05-27,CUST0464,AGT0108,Mbeya,Withdraw,"85,942 ","607,027 ",0 ,Smartphone,13,0,0,0,5,1,50,Medium Risk,2025-05
TXN2043,2025-03-29,CUST0125,AGT0032,Mwanza,PayBill,"271,247 ","893,539 ",0 ,USSD,18,0,0,1,2,0,40,Medium Risk,2025-03
TXN2044,2025-11-20,CUST0355,AGT0179,Mbeya,Send,"420,093 ","998,860 ",0 ,Web,10,0,0,1,2,0,40,Medium Risk,2025-11
TXN2045,2025-05-13,CUST0084,AGT0154,Mbeya,Send,"436,428 ","772,194 ",0 ,Web,3,0,0,1,8,1,100,High Risk,2025-05
TXN2046,2025-01-10,CUST0213,AGT0115,Arusha,Withdraw,"104,601 ","195,026 ",0 ,USSD,16,0,0,0,6,1,60,Medium Risk,2025-01
TXN2047,2025-08-02,CUST0001,AGT0051,Arusha,Deposit,"38,068 ","79,268 ",0 ,USSD,14,0,0,0,3,1,30,Low Risk,2025-08
TXN2048,2025-09-08,CUST0224,AGT0039,Dodoma,PayBill,"155,164 ","808,984 ",0 ,Feature Phone,7,0,0,0,2,0,20,Low Risk,2025-09
TXN2049,2025-08-25,CUST0149,AGT0033,Dodoma,Withdraw,"370,449 ","158,848 ",0 ,USSD,16,0,0,1,6,1,80,High Risk,2025-08
TXN2050,2025-07-14,CUST0227,AGT0073,Arusha,Receive,"343,655 ","821,233 ","338,309 ",Smartphone,6,0,0,1,3,1,50,Medium Risk,2025-07
TXN2051,2025-10-16,CUST0095,AGT0116,Dar,Deposit,"336,196 ","89,189 ",0 ,Web,11,0,0,1,4,1,60,Medium Risk,2025-10
TXN2052,2025-01-14,CUST0013,AGT0096,Dar,BuyAirtime,"224,900 ","296,041 ",0 ,Feature Phone,22,0,0,1,13,1,150,High Risk,2025-01
TXN2053,2025-06-27,CUST0480,AGT0081,Dodoma,PayBill,"266,317 ","508,195 ",0 ,Web,7,0,0,1,4,1,60,Medium Risk,2025-06
TXN2054,2025-05-28,CUST0427,AGT0105,Mbeya,Withdraw,"168,177 ","162,727 ",0 ,Smartphone,22,0,0,0,8,1,80,High Risk,2025-05
TXN2055,2025-03-14,CUST0164,AGT0068,Dar,Withdraw,"435,404 ","588,355 ",0 ,Smartphone,21,0,0,1,13,1,150,High Risk,2025-03
TXN2056,2025-02-24,CUST0335,AGT0197,Dodoma,Deposit,"483,092 ","853,129 ",0 ,Smartphone,0,0,0,1,15,1,170,High Risk,2025-02
TXN2057,2025-09-04,CUST0099,AGT0110,Mwanza,Withdraw,"229,232 ","924,021 ",0 ,Smartphone,19,0,0,1,5,1,70,High Risk,2025-09
TXN2058,2025-07-03,CUST0206,AGT0187,Mwanza,Withdraw,"392,852 ","812,417 ",0 ,Feature Phone,22,0,0,1,4,1,60,Medium Risk,2025-07
TXN2059,2025-09-27,CUST0163,AGT0014,Mbeya,Withdraw,"310,606 ","167,373 ",0 ,Web,6,0,0,1,6,1,80,High Risk,2025-09
TXN2060,2025-08-04,CUST0270,AGT0060,Arusha,Withdraw,"98,657 ","420,062 ",0 ,Smartphone,23,0,0,0,5,1,50,Medium Risk,2025-08
TXN2061,2025-09-12,CUST0440,AGT0052,Dodoma,Withdraw,"126,832 ","763,358 ",0 ,Smartphone,2,0,0,0,8,1,80,High Risk,2025-09
TXN2062,2025-08-03,CUST0370,AGT0012,Dodoma,Deposit,"57,841 ","951,952 ",0 ,Smartphone,15,0,0,0,4,1,40,Medium Risk,2025-08
TXN2063,2025-09-16,CUST0337,AGT0008,Mbeya,BuyAirtime,"96,847 ","651,102 ",0 ,Web,14,0,0,0,3,1,30,Low Risk,2025-09
TXN2064,2025-07-12,CUST0231,AGT0057,Mwanza,BuyAirtime,"167,009 ","15,733 ",0 ,USSD,12,0,0,0,6,1,60,Medium Risk,2025-07
TXN2065,2025-03-02,CUST0439,AGT0110,Mwanza,Deposit,"398,256 ","35,943 ",0 ,Feature Phone,14,0,0,1,14,1,160,High Risk,2025-03
TXN2066,2025-01-14,CUST0205,AGT0061,Mwanza,Send,"414,846 ","874,670 ",0 ,Web,4,0,0,1,8,1,100,High Risk,2025-01
TXN2067,2025-07-05,CUST0149,AGT0192,Dar,Withdraw,"448,954 ","134,607 ",0 ,Feature Phone,5,0,0,1,8,1,100,High Risk,2025-07
TXN2068,2025-05-28,CUST0203,AGT0029,Dar,BuyAirtime,"140,481 ","628,571 ",0 ,Feature Phone,15,0,0,0,6,1,60,Medium Risk,2025-05
TXN2069,2025-06-08,CUST0031,AGT0032,Mbeya,Send,"139,079 ","45,438 ",0 ,Feature Phone,22,0,0,0,9,1,90,High Risk,2025-06
TXN2070,2025-06-04,CUST0441,AGT0083,Mbeya,BuyAirtime,"143,259 ","718,404 ",0 ,Feature Phone,21,0,0,0,4,1,40,Medium Risk,2025-06
TXN2071,2025-02-18,CUST0254,AGT0087,Dar,Withdraw,"407,270 ","245,501 ",0 ,Feature Phone,13,0,0,1,10,1,120,High Risk,2025-02
TXN2072,2025-01-03,CUST0478,AGT0096,Arusha,Send,"482,413 ","171,366 ",0 ,Smartphone,21,0,0,1,11,1,130,High Risk,2025-01
TXN2073,2025-08-07,CUST0396,AGT0055,Mwanza,Withdraw,"190,997 ","376,804 ",0 ,Feature Phone,3,0,0,0,4,1,40,Medium Risk,2025-08
TXN2074,2025-10-28,CUST0199,AGT0146,Dar,Send,"466,382 ","727,951 ",0 ,Web,7,0,0,1,1,0,30,Low Risk,2025-10
TXN2075,2025-01-12,CUST0236,AGT0031,Dar,Send,"480,333 ","541,000 ",0 ,USSD,6,1,0,1,14,1,210,High Risk,2025-01
TXN2076,2025-04-13,CUST0465,AGT0030,Dar,BuyAirtime,"376,396 ","813,165 ",0 ,Smartphone,20,1,0,1,8,1,150,High Risk,2025-04
TXN2077,2025-01-13,CUST0305,AGT0052,Mbeya,Withdraw,"240,042 ","712,551 ",0 ,Web,15,0,0,1,16,1,180,High Risk,2025-01
TXN2078,2025-12-29,CUST0276,AGT0105,Dodoma,BuyAirtime,"134,470 ","710,699 ",0 ,USSD,4,0,0,0,1,0,10,Low Risk,2025-12
TXN2079,2025-11-09,CUST0104,AGT0035,Mbeya,Send,"448,381 ","245,265 ",0 ,Smartphone,9,0,0,1,2,0,40,Medium Risk,2025-11
TXN2080,2025-12-11,CUST0299,AGT0007,Dodoma,Deposit,"464,510 ","9,370 ",0 ,Smartphone,11,0,0,1,1,0,30,Low Risk,2025-12
TXN2081,2025-03-08,CUST0177,AGT0199,Mwanza,PayBill,"336,094 ","409,343 ",0 ,Smartphone,20,0,0,1,11,1,130,High Risk,2025-03
TXN2082,2025-03-07,CUST0133,AGT0112,Mbeya,Withdraw,"7,648 ","263,930 ",0 ,USSD,11,0,0,0,11,1,110,High Risk,2025-03
TXN2083,2025-10-02,CUST0264,AGT0047,Mbeya,BuyAirtime,"253,915 ","32,746 ",0 ,USSD,21,0,0,1,2,0,40,Medium Risk,2025-10
TXN2084,2025-03-06,CUST0490,AGT0010,Arusha,Deposit,"329,832 ","475,847 ",0 ,USSD,17,0,0,1,7,1,90,High Risk,2025-03
TXN2085,2025-12-07,CUST0049,AGT0098,Dar,Deposit,"8,756 ","307,226 ",0 ,Feature Phone,9,0,0,0,3,1,30,Low Risk,2025-12
TXN2086,2025-11-19,CUST0236,AGT0079,Mwanza,Send,"112,529 ","49,896 ",0 ,Feature Phone,0,0,0,0,2,0,20,Low Risk,2025-11
TXN2087,2025-05-08,CUST0431,AGT0173,Dar,BuyAirtime,"231,768 ","616,458 ",0 ,Web,7,0,0,1,6,1,80,High Risk,2025-05
TXN2088,2025-05-01,CUST0187,AGT0007,Mwanza,Receive,"406,065 ","317,738 ","252,789 ",USSD,9,0,0,1,11,1,130,High Risk,2025-05
TXN2089,2025-05-27,CUST0417,AGT0170,Arusha,Deposit,"7,903 ","182,228 ",0 ,Smartphone,22,0,0,0,13,1,130,High Risk,2025-05
TXN2090,2025-01-03,CUST0212,AGT0060,Mbeya,BuyAirtime,"428,012 ","860,673 ",0 ,USSD,4,0,0,1,12,1,140,High Risk,2025-01
TXN2091,2025-07-06,CUST0430,AGT0112,Arusha,Send,"327,265 ","101,679 ",0 ,Feature Phone,8,0,0,1,5,1,70,High Risk,2025-07
TXN2092,2025-11-03,CUST0012,AGT0179,Mwanza,PayBill,"484,205 ","163,274 ",0 ,Web,5,0,0,1,2,0,40,Medium Risk,2025-11
TXN2093,2025-04-14,CUST0239,AGT0162,Arusha,Withdraw,"92,120 ","556,634 ",0 ,USSD,8,0,0,0,2,0,20,Low Risk,2025-04
TXN2094,2025-01-21,CUST0429,AGT0147,Mwanza,Deposit,"191,801 ","693,481 ",0 ,Web,13,0,0,0,11,1,110,High Risk,2025-01
TXN2095,2025-05-05,CUST0029,AGT0170,Dodoma,PayBill,"195,312 ","431,825 ",0 ,Web,2,0,0,0,5,1,50,Medium Risk,2025-05
TXN2096,2025-10-10,CUST0056,AGT0058,Dar,Receive,"3,132 ","34,888 ","494,789 ",Web,23,0,0,0,2,0,20,Low Risk,2025-10
TXN2097,2025-01-26,CUST0407,AGT0030,Mbeya,PayBill,"181,219 ","112,446 ",0 ,Feature Phone,17,0,0,0,18,1,180,High Risk,2025-01
TXN2098,2025-02-01,CUST0065,AGT0066,Dodoma,BuyAirtime,"139,475 ","945,889 ",0 ,Smartphone,5,0,0,0,18,1,180,High Risk,2025-02
TXN2099,2025-06-22,CUST0210,AGT0106,Mwanza,Receive,"399,764 ","896,049 ","442,503 ",USSD,1,0,0,1,7,1,90,High Risk,2025-06
TXN2100,2025-07-29,CUST0246,AGT0003,Mwanza,Withdraw,"388,718 ","132,835 ",0 ,USSD,1,0,0,1,10,1,120,High Risk,2025-07
TXN2101,2025-11-29,CUST0150,AGT0023,Dodoma,Deposit,"455,105 ","192,498 ",0 ,Web,13,0,0,1,2,0,40,Medium Risk,2025-11
TXN2102,2025-06-09,CUST0363,AGT0129,Dar,Withdraw,"426,348 ","663,506 ",0 ,Feature Phone,15,0,0,1,3,1,50,Medium Risk,2025-06
TXN2103,2025-01-12,CUST0036,AGT0120,Mbeya,Deposit,"180,655 ","647,083 ",0 ,Web,11,0,0,0,15,1,150,High Risk,2025-01
TXN2104,2025-01-19,CUST0435,AGT0153,Mbeya,BuyAirtime,"397,774 ","889,040 ",0 ,Feature Phone,3,0,0,1,11,1,130,High Risk,2025-01
TXN2105,2025-04-19,CUST0315,AGT0048,Mwanza,Send,"213,117 ","120,121 ",0 ,Feature Phone,18,0,0,1,6,1,80,High Risk,2025-04
TXN2106,2025-07-08,CUST0226,AGT0181,Mbeya,Receive,"349,397 ","161,969 ","153,301 ",Smartphone,5,0,0,1,10,1,120,High Risk,2025-07
TXN2107,2025-10-27,CUST0454,AGT0148,Arusha,Deposit,"386,809 ","795,796 ",0 ,Web,15,0,0,1,2,0,40,Medium Risk,2025-10
TXN2108,2025-05-12,CUST0296,AGT0004,Dodoma,Send,"12,290 ","565,175 ",0 ,USSD,12,0,0,0,3,1,30,Low Risk,2025-05
TXN2109,2025-12-08,CUST0121,AGT0152,Dar,Receive,"315,292 ","273,575 ","314,315 ",Smartphone,8,0,0,1,1,0,30,Low Risk,2025-12
TXN2110,2025-02-28,CUST0371,AGT0121,Dar,Withdraw,"445,197 ","994,461 ",0 ,Web,16,0,0,1,7,1,90,High Risk,2025-02
TXN2111,2025-07-07,CUST0128,AGT0017,Mbeya,Receive,"142,038 ","308,504 ","125,512 ",USSD,18,1,0,0,9,1,140,High Risk,2025-07
TXN2112,2025-07-04,CUST0116,AGT0041,Dodoma,BuyAirtime,"327,022 ","6,758 ",0 ,Feature Phone,20,0,0,1,4,1,60,Medium Risk,2025-07
TXN2113,2025-11-01,CUST0431,AGT0092,Arusha,Withdraw,"302,302 ","284,849 ",0 ,USSD,23,0,0,1,3,1,50,Medium Risk,2025-11
TXN2114,2025-02-22,CUST0234,AGT0104,Dar,Send,"81,705 ","124,649 ",0 ,USSD,22,0,0,0,8,1,80,High Risk,2025-02
TXN2115,2025-12-24,CUST0455,AGT0056,Dar,Withdraw,"294,547 ","644,026 ",0 ,Feature Phone,8,0,0,1,1,0,30,Low Risk,2025-12
TXN2116,2025-03-15,CUST0297,AGT0077,Dar,Deposit,"114,070 ","620,568 ",0 ,Smartphone,23,0,0,0,10,1,100,High Risk,2025-03
TXN2117,2025-05-17,CUST0454,AGT0071,Dar,Receive,"351,474 ","495,438 ","147,600 ",Feature Phone,14,0,0,1,6,1,80,High Risk,2025-05
TXN2118,2025-11-18,CUST0340,AGT0038,Dodoma,Withdraw,"274,104 ","247,330 ",0 ,Feature Phone,7,0,0,1,2,0,40,Medium Risk,2025-11
TXN2119,2025-05-23,CUST0350,AGT0137,Mwanza,Withdraw,"279,725 ","188,236 ",0 ,Feature Phone,2,0,0,1,9,1,110,High Risk,2025-05
TXN2120,2025-08-07,CUST0411,AGT0002,Mwanza,Deposit,"257,335 ","18,902 ",0 ,USSD,2,0,0,1,5,1,70,High Risk,2025-08
TXN2121,2025-03-20,CUST0009,AGT0183,Arusha,Send,"281,691 ","581,275 ",0 ,Feature Phone,0,0,0,1,10,1,120,High Risk,2025-03
TXN2122,2025-12-19,CUST0333,AGT0155,Arusha,BuyAirtime,"84,814 ","710,900 ",0 ,Smartphone,21,0,0,0,3,1,30,Low Risk,2025-12
TXN2123,2025-06-09,CUST0013,AGT0063,Arusha,PayBill,"78,980 ","709,127 ",0 ,Feature Phone,5,1,0,0,8,1,130,High Risk,2025-06
TXN2124,2025-03-11,CUST0193,AGT0167,Mbeya,BuyAirtime,"237,135 ","235,310 ",0 ,Feature Phone,1,0,0,1,9,1,110,High Risk,2025-03
TXN2125,2025-09-02,CUST0460,AGT0067,Dar,BuyAirtime,"3,175 ","459,016 ",0 ,Web,10,0,0,0,5,1,50,Medium Risk,2025-09
TXN2126,2025-03-19,CUST0193,AGT0032,Mbeya,Send,"291,607 ","325,037 ",0 ,USSD,3,0,0,1,7,1,90,High Risk,2025-03
TXN2127,2025-04-02,CUST0349,AGT0125,Dodoma,Receive,"276,738 ","884,863 ","238,547 ",Smartphone,6,0,0,1,9,1,110,High Risk,2025-04
TXN2128,2025-01-26,CUST0035,AGT0057,Mbeya,Deposit,"99,242 ","697,332 ",0 ,Feature Phone,7,0,0,0,12,1,120,High Risk,2025-01
TXN2129,2025-11-19,CUST0244,AGT0195,Dar,Withdraw,"184,419 ","235,428 ",0 ,Smartphone,12,0,0,0,2,0,20,Low Risk,2025-11
TXN2130,2025-07-04,CUST0458,AGT0134,Dodoma,PayBill,"146,280 ","148,471 ",0 ,Web,17,0,0,0,7,1,70,High Risk,2025-07
TXN2131,2025-11-08,CUST0149,AGT0193,Arusha,PayBill,"439,677 ","828,980 ",0 ,Smartphone,4,0,0,1,3,1,50,Medium Risk,2025-11
TXN2132,2025-06-20,CUST0315,AGT0079,Dodoma,Deposit,"479,144 ","273,084 ",0 ,USSD,11,0,0,1,4,1,60,Medium Risk,2025-06
TXN2133,2025-09-19,CUST0351,AGT0017,Mwanza,Deposit,"381,744 ","401,401 ",0 ,USSD,7,0,0,1,3,1,50,Medium Risk,2025-09
TXN2134,2025-09-23,CUST0160,AGT0082,Dar,BuyAirtime,"90,344 ","760,056 ",0 ,Feature Phone,9,0,0,0,2,0,20,Low Risk,2025-09
TXN2135,2025-09-03,CUST0028,AGT0190,Dodoma,Deposit,"124,741 ","353,514 ",0 ,USSD,0,0,0,0,5,1,50,Medium Risk,2025-09
TXN2136,2025-11-28,CUST0474,AGT0086,Arusha,BuyAirtime,"481,011 ","806,331 ",0 ,USSD,17,0,0,1,1,0,30,Low Risk,2025-11
TXN2137,2025-03-14,CUST0358,AGT0034,Dodoma,Deposit,"58,983 ","99,946 ",0 ,Feature Phone,22,0,0,0,9,1,90,High Risk,2025-03
TXN2138,2025-01-26,CUST0116,AGT0120,Mwanza,BuyAirtime,"177,508 ","263,714 ",0 ,Web,3,0,0,0,10,1,100,High Risk,2025-01
TXN2139,2025-09-05,CUST0361,AGT0051,Arusha,Receive,"486,610 ","573,860 ","3,845 ",Smartphone,17,0,0,1,3,1,50,Medium Risk,2025-09
TXN2140,2025-02-02,CUST0053,AGT0035,Mwanza,Deposit,"61,749 ","703,705 ",0 ,Feature Phone,11,0,0,0,6,1,60,Medium Risk,2025-02
TXN2141,2025-06-07,CUST0041,AGT0108,Dar,BuyAirtime,"155,474 ","463,286 ",0 ,USSD,21,0,0,0,8,1,80,High Risk,2025-06
TXN2142,2025-04-05,CUST0188,AGT0043,Dodoma,Send,"61,716 ","517,996 ",0 ,Web,14,0,0,0,8,1,80,High Risk,2025-04
TXN2143,2025-10-23,CUST0145,AGT0149,Dar,Send,"53,704 ","519,919 ",0 ,Smartphone,9,0,0,0,3,1,30,Low Risk,2025-10
TXN2144,2025-09-18,CUST0079,AGT0129,Mwanza,Receive,"324,621 ","967,240 ","211,228 ",USSD,10,0,0,1,7,1,90,High Risk,2025-09
TXN2145,2025-05-10,CUST0179,AGT0114,Dodoma,Deposit,"116,434 ","589,208 ",0 ,USSD,5,0,0,0,6,1,60,Medium Risk,2025-05
TXN2146,2025-03-19,CUST0306,AGT0063,Arusha,Deposit,"244,910 ","782,675 ",0 ,Feature Phone,5,0,0,1,9,1,110,High Risk,2025-03
TXN2147,2025-06-24,CUST0349,AGT0019,Mwanza,Receive,"350,917 ","632,736 ","448,938 ",USSD,7,0,0,1,5,1,70,High Risk,2025-06
TXN2148,2025-04-06,CUST0427,AGT0018,Arusha,Withdraw,"95,904 ","55,406 ",0 ,Feature Phone,3,0,0,0,10,1,100,High Risk,2025-04
TXN2149,2025-05-14,CUST0349,AGT0112,Arusha,PayBill,"447,722 ","801,190 ",0 ,Smartphone,1,0,0,1,6,1,80,High Risk,2025-05
TXN2150,2025-09-22,CUST0036,AGT0117,Arusha,Withdraw,"43,312 ","363,721 ",0 ,Smartphone,0,0,0,0,6,1,60,Medium Risk,2025-09
TXN2151,2025-06-17,CUST0012,AGT0185,Mbeya,Receive,"350,597 ","410,223 ","42,793 ",Smartphone,16,0,0,1,7,1,90,High Risk,2025-06
TXN2152,2025-01-11,CUST0055,AGT0047,Dar,Send,"18,142 ","302,209 ",0 ,Feature Phone,0,0,0,0,12,1,120,High Risk,2025-01
TXN2153,2025-11-15,CUST0487,AGT0178,Arusha,Receive,"50,019 ","434,156 ","83,230 ",USSD,6,0,0,0,2,0,20,Low Risk,2025-11
TXN2154,2025-03-19,CUST0040,AGT0062,Mbeya,Send,"463,719 ","473,327 ",0 ,Web,0,0,0,1,3,1,50,Medium Risk,2025-03
TXN2155,2025-03-06,CUST0407,AGT0199,Dar,Receive,"76,034 ","314,615 ","494,666 ",Smartphone,5,0,0,0,17,1,170,High Risk,2025-03
TXN2156,2025-03-11,CUST0262,AGT0042,Mwanza,Deposit,"243,965 ","172,451 ",0 ,Smartphone,19,0,0,1,11,1,130,High Risk,2025-03
TXN2157,2025-02-26,CUST0294,AGT0198,Arusha,Withdraw,"322,033 ","21,153 ",0 ,Smartphone,14,0,0,1,8,1,100,High Risk,2025-02
TXN2158,2025-08-09,CUST0097,AGT0168,Mbeya,Withdraw,"152,973 ","879,520 ",0 ,USSD,22,0,0,0,4,1,40,Medium Risk,2025-08
TXN2159,2025-10-04,CUST0222,AGT0053,Dodoma,PayBill,"61,705 ","160,017 ",0 ,USSD,1,0,0,0,6,1,60,Medium Risk,2025-10
TXN2160,2025-05-10,CUST0174,AGT0041,Dar,PayBill,"469,790 ","453,258 ",0 ,Web,12,0,0,1,7,1,90,High Risk,2025-05
TXN2161,2025-07-10,CUST0390,AGT0123,Dar,Receive,"447,148 ","664,352 ","294,798 ",Web,23,0,0,1,5,1,70,High Risk,2025-07
TXN2162,2025-09-25,CUST0263,AGT0055,Dar,PayBill,"82,956 ","801,004 ",0 ,Feature Phone,12,0,0,0,6,1,60,Medium Risk,2025-09
TXN2163,2025-11-01,CUST0458,AGT0186,Arusha,Deposit,"141,585 ","189,992 ",0 ,Smartphone,19,0,0,0,3,1,30,Low Risk,2025-11
TXN2164,2025-04-06,CUST0193,AGT0049,Dar,Send,"70,208 ","68,949 ",0 ,USSD,20,0,0,0,6,1,60,Medium Risk,2025-04
TXN2165,2025-01-06,CUST0495,AGT0027,Arusha,PayBill,"345,475 ","211,102 ",0 ,USSD,23,0,0,1,12,1,140,High Risk,2025-01
TXN2166,2025-03-30,CUST0214,AGT0009,Mbeya,PayBill,"9,498 ","120,228 ",0 ,Feature Phone,16,1,0,0,3,1,80,High Risk,2025-03
TXN2167,2025-08-12,CUST0137,AGT0102,Arusha,PayBill,"345,226 ","377,468 ",0 ,Feature Phone,8,0,0,1,5,1,70,High Risk,2025-08
TXN2168,2025-08-28,CUST0401,AGT0099,Mbeya,BuyAirtime,"134,283 ","788,311 ",0 ,Smartphone,22,0,0,0,3,1,30,Low Risk,2025-08
TXN2169,2025-08-20,CUST0428,AGT0001,Dodoma,BuyAirtime,"349,161 ","962,989 ",0 ,Smartphone,11,0,0,1,3,1,50,Medium Risk,2025-08
TXN2170,2025-01-11,CUST0201,AGT0128,Mbeya,Withdraw,"46,663 ","533,910 ",0 ,Web,6,0,0,0,14,1,140,High Risk,2025-01
TXN2171,2025-07-13,CUST0210,AGT0012,Mbeya,Withdraw,"212,532 ","924,889 ",0 ,Smartphone,9,0,0,1,4,1,60,Medium Risk,2025-07
TXN2172,2025-10-20,CUST0091,AGT0050,Mbeya,PayBill,"280,601 ","701,980 ",0 ,USSD,17,0,0,1,2,0,40,Medium Risk,2025-10
TXN2173,2025-01-04,CUST0418,AGT0038,Arusha,Withdraw,"187,918 ","496,329 ",0 ,USSD,14,0,0,0,10,1,100,High Risk,2025-01
TXN2174,2025-12-20,CUST0411,AGT0140,Dar,Receive,"2,204 ","76,381 ","487,957 ",Feature Phone,3,0,0,0,1,0,10,Low Risk,2025-12
TXN2175,2025-12-09,CUST0463,AGT0123,Arusha,PayBill,"324,666 ","437,777 ",0 ,Feature Phone,4,0,0,1,1,0,30,Low Risk,2025-12
TXN2176,2025-04-26,CUST0419,AGT0136,Mwanza,Receive,"179,231 ","530,509 ","207,864 ",Smartphone,15,0,0,0,9,1,90,High Risk,2025-04
TXN2177,2025-02-20,CUST0150,AGT0184,Dar,PayBill,"363,272 ","414,283 ",0 ,Smartphone,11,0,0,1,12,1,140,High Risk,2025-02
TXN2178,2025-12-12,CUST0069,AGT0033,Mbeya,Withdraw,"130,873 ","323,337 ",0 ,Web,20,0,0,0,1,0,10,Low Risk,2025-12
TXN2179,2025-03-07,CUST0230,AGT0187,Mbeya,Send,"226,601 ","813,162 ",0 ,USSD,15,0,0,1,8,1,100,High Risk,2025-03
TXN2180,2025-02-13,CUST0199,AGT0093,Arusha,PayBill,"186,705 ","774,122 ",0 ,Smartphone,9,0,0,0,8,1,80,High Risk,2025-02
TXN2181,2025-12-26,CUST0021,AGT0051,Mwanza,Withdraw,"99,975 ","947,361 ",0 ,Feature Phone,5,0,0,0,1,0,10,Low Risk,2025-12
TXN2182,2025-09-01,CUST0168,AGT0092,Dar,Receive,"72,522 ","208,608 ","272,603 ",USSD,12,0,0,0,4,1,40,Medium Risk,2025-09
TXN2183,2025-09-02,CUST0401,AGT0113,Dodoma,Withdraw,"194,088 ","524,678 ",0 ,Smartphone,0,0,0,0,2,0,20,Low Risk,2025-09
TXN2184,2025-09-12,CUST0285,AGT0046,Dar,Receive,"204,815 ","307,794 ","363,609 ",Smartphone,20,0,0,1,4,1,60,Medium Risk,2025-09
TXN2185,2025-06-18,CUST0338,AGT0114,Dar,PayBill,"73,489 ","150,208 ",0 ,USSD,8,0,0,0,7,1,70,High Risk,2025-06
TXN2186,2025-01-11,CUST0196,AGT0080,Mbeya,BuyAirtime,"478,763 ","957,996 ",0 ,Feature Phone,10,0,0,1,10,1,120,High Risk,2025-01
TXN2187,2025-07-23,CUST0279,AGT0185,Mbeya,Deposit,"23,319 ","569,362 ",0 ,USSD,7,0,0,0,6,1,60,Medium Risk,2025-07
TXN2188,2025-06-09,CUST0190,AGT0186,Arusha,BuyAirtime,"6,929 ","44,514 ",0 ,Smartphone,9,0,0,0,4,1,40,Medium Risk,2025-06
TXN2189,2025-09-22,CUST0068,AGT0017,Arusha,Receive,"93,119 ","59,390 ","418,427 ",USSD,22,0,0,0,5,1,50,Medium Risk,2025-09
TXN2190,2025-03-06,CUST0436,AGT0184,Arusha,Send,"399,389 ","355,530 ",0 ,USSD,16,0,0,1,10,1,120,High Risk,2025-03
TXN2191,2025-06-01,CUST0230,AGT0058,Dar,Deposit,"53,011 ","20,820 ",0 ,Feature Phone,6,0,0,0,6,1,60,Medium Risk,2025-06
TXN2192,2025-07-13,CUST0411,AGT0016,Arusha,BuyAirtime,"10,113 ","307,617 ",0 ,Smartphone,3,0,0,0,7,1,70,High Risk,2025-07
TXN2193,2025-12-11,CUST0207,AGT0012,Mwanza,Receive,"89,353 ","166,969 ","153,535 ",USSD,15,0,0,0,2,0,20,Low Risk,2025-12
TXN2194,2025-01-02,CUST0459,AGT0121,Arusha,Withdraw,"286,066 ","231,142 ",0 ,Web,4,1,0,1,12,1,190,High Risk,2025-01
TXN2195,2025-06-18,CUST0285,AGT0132,Arusha,BuyAirtime,"53,849 ","439,309 ",0 ,Web,21,0,0,0,6,1,60,Medium Risk,2025-06
TXN2196,2025-02-05,CUST0044,AGT0091,Dar,BuyAirtime,"490,351 ","836,526 ",0 ,Smartphone,23,0,0,1,14,1,160,High Risk,2025-02
TXN2197,2025-04-17,CUST0139,AGT0174,Dar,PayBill,"445,693 ","29,640 ",0 ,Smartphone,6,0,0,1,7,1,90,High Risk,2025-04
TXN2198,2025-11-24,CUST0123,AGT0192,Dar,Receive,"61,483 ","652,538 ","34,905 ",USSD,7,0,0,0,1,0,10,Low Risk,2025-11
TXN2199,2025-06-23,CUST0067,AGT0065,Dodoma,Withdraw,"383,682 ","33,372 ",0 ,Smartphone,5,0,0,1,6,1,80,High Risk,2025-06
TXN2200,2025-10-26,CUST0236,AGT0064,Mbeya,BuyAirtime,"116,388 ","637,648 ",0 ,Feature Phone,8,0,0,0,5,1,50,Medium Risk,2025-10
TXN2201,2025-10-12,CUST0324,AGT0088,Arusha,Withdraw,"16,963 ","160,613 ",0 ,USSD,6,0,0,0,4,1,40,Medium Risk,2025-10
TXN2202,2025-10-25,CUST0100,AGT0088,Arusha,Receive,"459,590 ","356,675 ","488,579 ",USSD,23,0,0,1,1,0,30,Low Risk,2025-10
TXN2203,2025-04-15,CUST0229,AGT0182,Mwanza,PayBill,"234,941 ","807,104 ",0 ,Web,18,0,0,1,12,1,140,High Risk,2025-04
TXN2204,2025-08-11,CUST0484,AGT0060,Dodoma,Receive,"110,208 ","525,543 ","8,514 ",Web,3,0,0,0,6,1,60,Medium Risk,2025-08
TXN2205,2025-08-01,CUST0429,AGT0018,Arusha,Withdraw,"241,072 ","622,275 ",0 ,USSD,15,0,0,1,6,1,80,High Risk,2025-08
TXN2206,2025-11-06,CUST0424,AGT0006,Dar,Deposit,"234,542 ","883,957 ",0 ,Web,11,0,0,1,3,1,50,Medium Risk,2025-11
TXN2207,2025-03-24,CUST0153,AGT0197,Dodoma,BuyAirtime,"408,578 ","135,673 ",0 ,Feature Phone,11,0,0,1,7,1,90,High Risk,2025-03
TXN2208,2025-03-17,CUST0102,AGT0174,Dar,Send,"252,815 ","306,392 ",0 ,Web,18,0,0,1,9,1,110,High Risk,2025-03
TXN2209,2025-06-24,CUST0428,AGT0191,Mbeya,BuyAirtime,"488,109 ","87,930 ",0 ,USSD,5,0,0,1,5,1,70,High Risk,2025-06
TXN2210,2025-08-15,CUST0465,AGT0027,Mbeya,PayBill,"1,338 ","781,281 ",0 ,USSD,15,0,0,0,2,0,20,Low Risk,2025-08
TXN2211,2025-08-25,CUST0467,AGT0166,Dodoma,Deposit,"399,414 ","422,249 ",0 ,USSD,11,0,0,1,11,1,130,High Risk,2025-08
TXN2212,2025-05-23,CUST0254,AGT0068,Arusha,PayBill,"343,262 ","587,950 ",0 ,USSD,22,0,0,1,8,1,100,High Risk,2025-05
TXN2213,2025-09-03,CUST0290,AGT0043,Arusha,Deposit,"104,802 ","756,710 ",0 ,USSD,5,0,0,0,4,1,40,Medium Risk,2025-09
TXN2214,2025-06-24,CUST0013,AGT0157,Mbeya,Deposit,"357,146 ","153,510 ",0 ,Smartphone,13,0,0,1,7,1,90,High Risk,2025-06
TXN2215,2025-05-25,CUST0274,AGT0118,Dodoma,Send,"107,949 ","690,571 ",0 ,Web,9,0,0,0,8,1,80,High Risk,2025-05
TXN2216,2025-11-30,CUST0174,AGT0093,Dar,BuyAirtime,"285,351 ","992,249 ",0 ,Web,12,0,0,1,1,0,30,Low Risk,2025-11
TXN2217,2025-07-12,CUST0207,AGT0105,Dar,Deposit,"124,688 ","601,005 ",0 ,Feature Phone,20,0,0,0,9,1,90,High Risk,2025-07
TXN2218,2025-05-25,CUST0210,AGT0148,Dar,Receive,"448,888 ","998,963 ","474,037 ",Web,5,0,0,1,8,1,100,High Risk,2025-05
TXN2219,2025-10-16,CUST0391,AGT0115,Mbeya,Receive,"264,597 ","6,842 ","410,717 ",Feature Phone,11,0,0,1,4,1,60,Medium Risk,2025-10
TXN2220,2025-04-26,CUST0042,AGT0109,Dar,Send,"468,630 ","721,751 ",0 ,USSD,12,0,0,1,12,1,140,High Risk,2025-04
TXN2221,2025-07-15,CUST0111,AGT0039,Dar,Deposit,"373,320 ","243,908 ",0 ,USSD,8,0,0,1,5,1,70,High Risk,2025-07
TXN2222,2025-11-27,CUST0317,AGT0194,Arusha,PayBill,"335,990 ","844,187 ",0 ,USSD,5,0,0,1,1,0,30,Low Risk,2025-11
TXN2223,2025-07-01,CUST0023,AGT0084,Dodoma,Deposit,"414,485 ","176,504 ",0 ,USSD,14,0,0,1,2,0,40,Medium Risk,2025-07
TXN2224,2025-10-10,CUST0091,AGT0124,Arusha,Deposit,"221,605 ","211,574 ",0 ,Feature Phone,21,0,0,1,3,1,50,Medium Risk,2025-10
TXN2225,2025-12-03,CUST0302,AGT0005,Mwanza,Withdraw,"232,632 ","951,663 ",0 ,Feature Phone,22,0,0,1,2,0,40,Medium Risk,2025-12
TXN2226,2025-08-31,CUST0458,AGT0187,Mwanza,PayBill,"333,443 ","267,480 ",0 ,Smartphone,10,0,0,1,5,1,70,High Risk,2025-08
TXN2227,2025-06-01,CUST0479,AGT0189,Dar,Receive,"202,983 ","395,188 ","366,863 ",Web,16,0,0,1,7,1,90,High Risk,2025-06
TXN2228,2025-10-04,CUST0493,AGT0186,Mwanza,Send,"238,744 ","40,868 ",0 ,Feature Phone,20,0,0,1,2,0,40,Medium Risk,2025-10
TXN2229,2025-10-30,CUST0236,AGT0024,Dodoma,Send,"244,136 ","477,771 ",0 ,USSD,3,0,0,1,4,1,60,Medium Risk,2025-10
TXN2230,2025-08-30,CUST0095,AGT0049,Arusha,Withdraw,"323,451 ","403,474 ",0 ,Smartphone,10,0,0,1,8,1,100,High Risk,2025-08
TXN2231,2025-12-25,CUST0150,AGT0005,Dodoma,Receive,"376,407 ","251,532 ","300,265 ",USSD,8,0,0,1,1,0,30,Low Risk,2025-12
TXN2232,2025-05-24,CUST0216,AGT0116,Arusha,Send,"421,216 ","762,552 ",0 ,Smartphone,13,0,0,1,9,1,110,High Risk,2025-05
TXN2233,2025-10-09,CUST0357,AGT0193,Dar,Receive,"126,488 ","651,061 ","275,061 ",Feature Phone,4,0,0,0,5,1,50,Medium Risk,2025-10
TXN2234,2025-12-15,CUST0329,AGT0180,Arusha,Send,"94,263 ","910,760 ",0 ,Feature Phone,7,0,0,0,2,0,20,Low Risk,2025-12
TXN2235,2025-12-27,CUST0057,AGT0076,Arusha,Withdraw,"461,754 ","188,554 ",0 ,USSD,9,0,0,1,1,0,30,Low Risk,2025-12
TXN2236,2025-11-22,CUST0085,AGT0200,Dar,BuyAirtime,"221,466 ","601,243 ",0 ,Web,13,0,0,1,2,0,40,Medium Risk,2025-11
TXN2237,2025-04-09,CUST0216,AGT0192,Dodoma,BuyAirtime,"252,698 ","972,465 ",0 ,Feature Phone,7,0,0,1,10,1,120,High Risk,2025-04
TXN2238,2025-03-26,CUST0099,AGT0032,Arusha,BuyAirtime,"35,044 ","673,290 ",0 ,USSD,12,0,0,0,10,1,100,High Risk,2025-03
TXN2239,2025-10-31,CUST0197,AGT0179,Mwanza,Receive,"308,093 ","903,826 ","256,756 ",Smartphone,9,0,0,1,3,1,50,Medium Risk,2025-10
TXN2240,2025-03-11,CUST0194,AGT0065,Arusha,Send,"352,631 ","802,685 ",0 ,Feature Phone,17,0,0,1,7,1,90,High Risk,2025-03
TXN2241,2025-10-17,CUST0038,AGT0181,Mbeya,BuyAirtime,"55,433 ","100,477 ",0 ,Smartphone,1,0,0,0,2,0,20,Low Risk,2025-10
TXN2242,2025-07-22,CUST0427,AGT0047,Dar,Deposit,"119,413 ","479,473 ",0 ,Feature Phone,3,0,0,0,6,1,60,Medium Risk,2025-07
TXN2243,2025-02-09,CUST0473,AGT0160,Mwanza,Withdraw,"175,837 ","998,248 ",0 ,Web,1,0,0,0,9,1,90,High Risk,2025-02
TXN2244,2025-01-01,CUST0245,AGT0168,Mwanza,PayBill,"428,163 ","85,265 ",0 ,Web,17,0,0,1,10,1,120,High Risk,2025-01
TXN2245,2025-08-02,CUST0453,AGT0041,Dar,Receive,"59,809 ","637,783 ","434,996 ",USSD,9,0,0,0,5,1,50,Medium Risk,2025-08
TXN2246,2025-01-26,CUST0049,AGT0115,Dar,BuyAirtime,"466,440 ","316,515 ",0 ,USSD,3,0,0,1,11,1,130,High Risk,2025-01
TXN2247,2025-11-28,CUST0436,AGT0160,Mbeya,Withdraw,"325,195 ","743,747 ",0 ,Web,9,0,0,1,3,1,50,Medium Risk,2025-11
TXN2248,2025-11-08,CUST0036,AGT0047,Dar,Receive,"469,154 ","745,606 ","491,359 ",USSD,5,0,0,1,3,1,50,Medium Risk,2025-11
TXN2249,2025-06-28,CUST0204,AGT0086,Dar,Deposit,"455,464 ","830,569 ",0 ,USSD,2,0,0,1,6,1,80,High Risk,2025-06
TXN2250,2025-06-10,CUST0397,AGT0145,Mbeya,Receive,"267,302 ","368,622 ","490,989 ",Feature Phone,14,0,0,1,6,1,80,High Risk,2025-06
TXN2251,2025-08-10,CUST0279,AGT0184,Dodoma,Receive,"461,053 ","858,305 ","187,765 ",Feature Phone,7,0,0,1,5,1,70,High Risk,2025-08
TXN2252,2025-05-04,CUST0162,AGT0151,Dar,Deposit,"481,628 ","118,248 ",0 ,Web,5,0,0,1,9,1,110,High Risk,2025-05
TXN2253,2025-04-24,CUST0122,AGT0142,Dar,Deposit,"33,665 ","278,974 ",0 ,Feature Phone,17,0,0,0,9,1,90,High Risk,2025-04
TXN2254,2025-02-01,CUST0453,AGT0003,Dar,Deposit,"129,486 ","174,413 ",0 ,Smartphone,19,0,0,0,11,1,110,High Risk,2025-02
TXN2255,2025-05-21,CUST0428,AGT0010,Mbeya,Send,"289,043 ","996,127 ",0 ,Web,4,0,0,1,8,1,100,High Risk,2025-05
TXN2256,2025-05-21,CUST0211,AGT0097,Dodoma,BuyAirtime,"470,533 ","215,813 ",0 ,Feature Phone,19,0,0,1,6,1,80,High Risk,2025-05
TXN2257,2025-03-02,CUST0324,AGT0125,Mbeya,PayBill,"329,598 ","837,721 ",0 ,USSD,19,0,0,1,11,1,130,High Risk,2025-03
TXN2258,2025-09-13,CUST0309,AGT0108,Arusha,Withdraw,"20,124 ","576,101 ",0 ,Web,12,0,0,0,4,1,40,Medium Risk,2025-09
TXN2259,2025-06-06,CUST0362,AGT0040,Dar,BuyAirtime,"242,345 ","952,982 ",0 ,Smartphone,22,1,0,1,7,1,140,High Risk,2025-06
TXN2260,2025-08-12,CUST0427,AGT0108,Dar,PayBill,"305,356 ","569,285 ",0 ,Web,18,0,0,1,5,1,70,High Risk,2025-08
TXN2261,2025-05-22,CUST0004,AGT0073,Dodoma,PayBill,"250,030 ","29,275 ",0 ,Web,17,0,0,1,5,1,70,High Risk,2025-05
TXN2262,2025-06-14,CUST0322,AGT0157,Mbeya,BuyAirtime,"86,548 ","391,257 ",0 ,USSD,1,0,0,0,7,1,70,High Risk,2025-06
TXN2263,2025-09-19,CUST0134,AGT0110,Mwanza,Receive,"162,091 ","988,698 ","300,385 ",Web,6,0,0,0,4,1,40,Medium Risk,2025-09
TXN2264,2025-09-08,CUST0453,AGT0083,Dodoma,BuyAirtime,"50,808 ","387,109 ",0 ,Feature Phone,0,0,0,0,4,1,40,Medium Risk,2025-09
TXN2265,2025-12-22,CUST0194,AGT0032,Mwanza,Send,"486,420 ","50,582 ",0 ,Smartphone,6,0,0,1,1,0,30,Low Risk,2025-12
TXN2266,2025-09-17,CUST0456,AGT0130,Mbeya,Deposit,"9,862 ","926,937 ",0 ,USSD,5,0,0,0,5,1,50,Medium Risk,2025-09
TXN2267,2025-08-27,CUST0318,AGT0125,Dar,PayBill,"489,776 ","197,484 ",0 ,USSD,3,0,0,1,2,0,40,Medium Risk,2025-08
TXN2268,2025-04-22,CUST0286,AGT0070,Dar,BuyAirtime,"483,981 ","57,268 ",0 ,Web,10,0,0,1,9,1,110,High Risk,2025-04
TXN2269,2025-03-08,CUST0172,AGT0020,Dar,Receive,"191,084 ","476,202 ","467,307 ",Web,8,0,0,0,8,1,80,High Risk,2025-03
TXN2270,2025-05-11,CUST0354,AGT0150,Dodoma,BuyAirtime,"396,422 ","766,109 ",0 ,Web,17,0,0,1,3,1,50,Medium Risk,2025-05
TXN2271,2025-06-01,CUST0160,AGT0171,Mbeya,Deposit,"200,035 ","861,622 ",0 ,Feature Phone,10,0,0,1,5,1,70,High Risk,2025-06
TXN2272,2025-03-25,CUST0430,AGT0076,Arusha,PayBill,"289,789 ","350,038 ",0 ,Web,22,0,0,1,9,1,110,High Risk,2025-03
TXN2273,2025-10-23,CUST0100,AGT0033,Mwanza,BuyAirtime,"410,169 ","954,690 ",0 ,USSD,18,0,0,1,2,0,40,Medium Risk,2025-10
TXN2274,2025-03-12,CUST0219,AGT0065,Dodoma,Withdraw,"166,666 ","310,624 ",0 ,USSD,3,0,0,0,10,1,100,High Risk,2025-03
TXN2275,2025-03-06,CUST0139,AGT0026,Arusha,Deposit,"58,793 ","581,128 ",0 ,USSD,8,1,0,0,11,1,160,High Risk,2025-03
TXN2276,2025-06-19,CUST0275,AGT0017,Mbeya,Send,"410,014 ","939,646 ",0 ,Web,1,0,0,1,9,1,110,High Risk,2025-06
TXN2277,2025-11-20,CUST0341,AGT0126,Mbeya,Deposit,"409,744 ","660,998 ",0 ,USSD,11,0,0,1,1,0,30,Low Risk,2025-11
TXN2278,2025-11-04,CUST0323,AGT0005,Mwanza,PayBill,"93,566 ","476,070 ",0 ,Smartphone,11,0,0,0,6,1,60,Medium Risk,2025-11
TXN2279,2025-04-12,CUST0339,AGT0079,Dar,Deposit,"20,045 ","83,582 ",0 ,Smartphone,18,0,0,0,11,1,110,High Risk,2025-04
TXN2280,2025-07-29,CUST0479,AGT0172,Mwanza,Withdraw,"134,626 ","722,143 ",0 ,USSD,5,0,0,0,4,1,40,Medium Risk,2025-07
TXN2281,2025-09-08,CUST0235,AGT0015,Mbeya,Deposit,"377,156 ","474,716 ",0 ,USSD,8,0,0,1,7,1,90,High Risk,2025-09
TXN2282,2025-10-24,CUST0313,AGT0052,Mwanza,BuyAirtime,"23,050 ","782,706 ",0 ,Feature Phone,23,0,0,0,4,1,40,Medium Risk,2025-10
TXN2283,2025-06-03,CUST0483,AGT0158,Dar,PayBill,"190,087 ","391,622 ",0 ,Smartphone,16,0,0,0,8,1,80,High Risk,2025-06
TXN2284,2025-05-31,CUST0356,AGT0048,Mwanza,Withdraw,"118,422 ","919,796 ",0 ,Web,18,0,0,0,5,1,50,Medium Risk,2025-05
TXN2285,2025-09-07,CUST0249,AGT0166,Arusha,Deposit,"238,344 ","71,389 ",0 ,Web,12,0,0,1,4,1,60,Medium Risk,2025-09
TXN2286,2025-03-28,CUST0396,AGT0191,Dar,Receive,"447,204 ","417,603 ","256,784 ",Feature Phone,17,0,0,1,7,1,90,High Risk,2025-03
TXN2287,2025-07-26,CUST0407,AGT0118,Arusha,Withdraw,"407,032 ","234,243 ",0 ,Web,10,0,0,1,10,1,120,High Risk,2025-07
TXN2288,2025-10-21,CUST0098,AGT0129,Dar,PayBill,"117,992 ","809,467 ",0 ,Feature Phone,22,0,0,0,1,0,10,Low Risk,2025-10
TXN2289,2025-12-05,CUST0384,AGT0174,Arusha,BuyAirtime,"188,028 ","285,879 ",0 ,Smartphone,20,0,0,0,1,0,10,Low Risk,2025-12
TXN2290,2025-09-20,CUST0280,AGT0095,Dodoma,Send,"185,129 ","541,504 ",0 ,Feature Phone,9,0,0,0,2,0,20,Low Risk,2025-09
TXN2291,2025-04-26,CUST0471,AGT0040,Arusha,BuyAirtime,"103,300 ","291,061 ",0 ,Feature Phone,20,0,0,0,7,1,70,High Risk,2025-04
TXN2292,2025-09-10,CUST0045,AGT0063,Arusha,Receive,"178,758 ","83,813 ","19,046 ",USSD,8,0,0,0,5,1,50,Medium Risk,2025-09
TXN2293,2025-02-21,CUST0399,AGT0098,Dar,Withdraw,"491,141 ","188,969 ",0 ,Web,0,0,0,1,7,1,90,High Risk,2025-02
TXN2294,2025-04-28,CUST0359,AGT0104,Dar,Withdraw,"430,421 ","641,880 ",0 ,Feature Phone,13,0,0,1,3,1,50,Medium Risk,2025-04
TXN2295,2025-06-23,CUST0095,AGT0151,Mbeya,Withdraw,"425,116 ","410,668 ",0 ,Web,13,0,0,1,10,1,120,High Risk,2025-06
TXN2296,2025-07-25,CUST0484,AGT0098,Arusha,Withdraw,"141,917 ","749,770 ",0 ,Web,8,0,0,0,9,1,90,High Risk,2025-07
TXN2297,2025-09-28,CUST0062,AGT0151,Dodoma,BuyAirtime,"42,641 ","689,424 ",0 ,Smartphone,15,0,0,0,4,1,40,Medium Risk,2025-09
TXN2298,2025-04-07,CUST0090,AGT0175,Dodoma,Receive,"235,661 ","668,137 ","372,369 ",Web,20,0,0,1,12,1,140,High Risk,2025-04
TXN2299,2025-12-25,CUST0323,AGT0031,Dar,Withdraw,"445,346 ","791,741 ",0 ,Smartphone,9,0,0,1,1,0,30,Low Risk,2025-12
TXN2300,2025-11-26,CUST0434,AGT0078,Mbeya,Receive,"322,417 ","540,776 ","245,449 ",Feature Phone,14,0,0,1,2,0,40,Medium Risk,2025-11
TXN2301,2025-03-30,CUST0124,AGT0155,Arusha,BuyAirtime,"32,146 ","428,909 ",0 ,Feature Phone,14,0,0,0,5,1,50,Medium Risk,2025-03
TXN2302,2025-01-04,CUST0484,AGT0018,Dar,Deposit,"342,673 ","296,726 ",0 ,USSD,7,0,0,1,15,1,170,High Risk,2025-01
TXN2303,2025-09-07,CUST0409,AGT0186,Mbeya,PayBill,"458,048 ","636,430 ",0 ,Smartphone,5,0,0,1,3,1,50,Medium Risk,2025-09
TXN2304,2025-01-02,CUST0010,AGT0061,Arusha,Send,"218,542 ","64,991 ",0 ,Feature Phone,15,0,0,1,8,1,100,High Risk,2025-01
TXN2305,2025-10-10,CUST0233,AGT0176,Mbeya,Send,"441,302 ","259,393 ",0 ,Web,23,0,0,1,2,0,40,Medium Risk,2025-10
TXN2306,2025-06-08,CUST0211,AGT0180,Mwanza,Send,"481,790 ","441,698 ",0 ,USSD,6,0,0,1,3,1,50,Medium Risk,2025-06
TXN2307,2025-11-21,CUST0389,AGT0056,Dodoma,Withdraw,"478,668 ","591,187 ",0 ,Web,21,0,0,1,5,1,70,High Risk,2025-11
TXN2308,2025-01-07,CUST0364,AGT0111,Mbeya,Receive,"303,209 ","412,949 ","116,000 ",USSD,8,0,0,1,12,1,140,High Risk,2025-01
TXN2309,2025-05-19,CUST0305,AGT0197,Arusha,PayBill,"448,819 ","479,820 ",0 ,Smartphone,13,0,0,1,10,1,120,High Risk,2025-05
TXN2310,2025-11-27,CUST0133,AGT0076,Arusha,BuyAirtime,"203,665 ","198,934 ",0 ,Feature Phone,2,0,0,1,1,0,30,Low Risk,2025-11
TXN2311,2025-11-12,CUST0264,AGT0144,Mbeya,Deposit,"237,906 ","875,167 ",0 ,Smartphone,14,0,0,1,1,0,30,Low Risk,2025-11
TXN2312,2025-05-05,CUST0096,AGT0149,Mwanza,Withdraw,"374,611 ","371,832 ",0 ,USSD,0,0,0,1,8,1,100,High Risk,2025-05
TXN2313,2025-04-28,CUST0464,AGT0071,Mwanza,Send,"319,771 ","788,607 ",0 ,Feature Phone,8,0,0,1,6,1,80,High Risk,2025-04
TXN2314,2025-04-19,CUST0056,AGT0106,Arusha,Send,"439,895 ","890,100 ",0 ,Feature Phone,4,0,0,1,11,1,130,High Risk,2025-04
TXN2315,2025-08-19,CUST0246,AGT0178,Mbeya,PayBill,"185,385 ","937,519 ",0 ,USSD,12,0,0,0,8,1,80,High Risk,2025-08
TXN2316,2025-10-07,CUST0498,AGT0024,Dodoma,Deposit,"98,263 ","463,653 ",0 ,Web,21,0,0,0,4,1,40,Medium Risk,2025-10
TXN2317,2025-05-25,CUST0407,AGT0102,Arusha,Send,"352,537 ","942,722 ",0 ,Feature Phone,14,0,0,1,14,1,160,High Risk,2025-05
TXN2318,2025-12-20,CUST0173,AGT0063,Mwanza,Deposit,"299,551 ","529,560 ",0 ,Web,22,0,0,1,1,0,30,Low Risk,2025-12
TXN2319,2025-03-06,CUST0211,AGT0057,Dodoma,Receive,"252,549 ","625,032 ","314,401 ",Feature Phone,6,0,0,1,10,1,120,High Risk,2025-03
TXN2320,2025-12-06,CUST0064,AGT0123,Mbeya,PayBill,"480,170 ","406,178 ",0 ,Smartphone,3,0,0,1,1,0,30,Low Risk,2025-12
TXN2321,2025-03-14,CUST0387,AGT0083,Mwanza,PayBill,"498,603 ","506,694 ",0 ,USSD,17,0,0,1,5,1,70,High Risk,2025-03
TXN2322,2025-03-11,CUST0352,AGT0124,Mbeya,BuyAirtime,"36,623 ","150,378 ",0 ,Smartphone,20,0,0,0,10,1,100,High Risk,2025-03
TXN2323,2025-05-19,CUST0328,AGT0102,Mwanza,PayBill,"72,948 ","592,871 ",0 ,Web,18,0,0,0,3,1,30,Low Risk,2025-05
TXN2324,2025-06-17,CUST0028,AGT0056,Dar,Receive,"359,974 ","129,022 ","25,945 ",Smartphone,1,0,0,1,9,1,110,High Risk,2025-06
TXN2325,2025-06-10,CUST0219,AGT0031,Dar,Receive,"435,191 ","34,594 ","488,126 ",Web,8,0,0,1,7,1,90,High Risk,2025-06
TXN2326,2025-11-15,CUST0375,AGT0102,Mbeya,PayBill,"221,525 ","567,658 ",0 ,Smartphone,8,0,0,1,1,0,30,Low Risk,2025-11
TXN2327,2025-04-03,CUST0264,AGT0057,Mwanza,Receive,"454,002 ","766,207 ","202,328 ",USSD,10,0,0,1,9,1,110,High Risk,2025-04
TXN2328,2025-04-13,CUST0273,AGT0066,Dodoma,Deposit,"278,389 ","821,772 ",0 ,Web,5,0,0,1,11,1,130,High Risk,2025-04
TXN2329,2025-03-07,CUST0226,AGT0026,Arusha,Deposit,"491,292 ","171,150 ",0 ,Smartphone,14,0,0,1,14,1,160,High Risk,2025-03
TXN2330,2025-07-20,CUST0345,AGT0171,Mbeya,Withdraw,"274,163 ","984,244 ",0 ,Smartphone,21,0,0,1,4,1,60,Medium Risk,2025-07
TXN2331,2025-02-18,CUST0353,AGT0013,Mbeya,Receive,"428,974 ","949,937 ","124,942 ",USSD,1,0,0,1,7,1,90,High Risk,2025-02
TXN2332,2025-05-05,CUST0073,AGT0139,Dar,Withdraw,"411,643 ","291,844 ",0 ,Smartphone,20,0,0,1,8,1,100,High Risk,2025-05
TXN2333,2025-11-16,CUST0284,AGT0038,Arusha,Receive,"32,085 ","316,316 ","304,567 ",USSD,1,0,0,0,2,0,20,Low Risk,2025-11
TXN2334,2025-11-03,CUST0461,AGT0147,Dodoma,Send,"404,547 ","983,846 ",0 ,Web,22,0,0,1,3,1,50,Medium Risk,2025-11
TXN2335,2025-03-07,CUST0266,AGT0126,Dar,BuyAirtime,"474,528 ","190,058 ",0 ,Smartphone,23,0,0,1,6,1,80,High Risk,2025-03
TXN2336,2025-12-02,CUST0263,AGT0100,Dodoma,BuyAirtime,"259,400 ","821,426 ",0 ,Web,23,0,0,1,1,0,30,Low Risk,2025-12
TXN2337,2025-10-26,CUST0034,AGT0050,Mbeya,PayBill,"345,394 ","378,854 ",0 ,Smartphone,23,0,0,1,2,0,40,Medium Risk,2025-10
TXN2338,2025-02-28,CUST0196,AGT0031,Dar,Send,"361,638 ","569,447 ",0 ,USSD,15,0,0,1,9,1,110,High Risk,2025-02
TXN2339,2025-02-14,CUST0233,AGT0200,Arusha,Deposit,"193,801 ","379,859 ",0 ,Web,22,0,0,0,11,1,110,High Risk,2025-02
TXN2340,2025-10-11,CUST0448,AGT0030,Dodoma,Send,"101,484 ","458,882 ",0 ,Web,14,0,0,0,3,1,30,Low Risk,2025-10
TXN2341,2025-06-13,CUST0466,AGT0168,Arusha,PayBill,"369,097 ","875,898 ",0 ,Web,10,0,0,1,6,1,80,High Risk,2025-06
TXN2342,2025-10-13,CUST0118,AGT0057,Dar,Withdraw,"276,609 ","531,016 ",0 ,Smartphone,4,0,0,1,3,1,50,Medium Risk,2025-10
TXN2343,2025-05-09,CUST0388,AGT0007,Mbeya,BuyAirtime,"22,252 ","589,804 ",0 ,Web,6,0,0,0,7,1,70,High Risk,2025-05
TXN2344,2025-02-17,CUST0500,AGT0089,Dodoma,PayBill,"328,467 ","448,237 ",0 ,Feature Phone,11,0,0,1,8,1,100,High Risk,2025-02
TXN2345,2025-03-12,CUST0133,AGT0179,Dar,Send,"108,337 ","18,470 ",0 ,Smartphone,16,0,0,0,10,1,100,High Risk,2025-03
TXN2346,2025-11-12,CUST0377,AGT0130,Mbeya,PayBill,"147,859 ","736,445 ",0 ,Web,4,0,0,0,3,1,30,Low Risk,2025-11
TXN2347,2025-09-01,CUST0150,AGT0133,Dodoma,Withdraw,"73,832 ","169,139 ",0 ,Feature Phone,7,0,0,0,6,1,60,Medium Risk,2025-09
TXN2348,2025-05-08,CUST0409,AGT0146,Dar,Withdraw,"221,836 ","96,184 ",0 ,Smartphone,22,0,0,1,5,1,70,High Risk,2025-05
TXN2349,2025-09-09,CUST0329,AGT0186,Dodoma,Deposit,"261,811 ","528,375 ",0 ,Web,19,0,0,1,6,1,80,High Risk,2025-09
TXN2350,2025-06-04,CUST0180,AGT0176,Mwanza,Send,"237,689 ","594,765 ",0 ,Smartphone,16,0,0,1,7,1,90,High Risk,2025-06
TXN2351,2025-01-06,CUST0161,AGT0036,Dodoma,Receive,"195,303 ","801,542 ","243,043 ",Feature Phone,21,0,0,0,5,1,50,Medium Risk,2025-01
TXN2352,2025-04-05,CUST0180,AGT0076,Mbeya,Send,"257,608 ","56,070 ",0 ,Smartphone,14,0,0,1,8,1,100,High Risk,2025-04
TXN2353,2025-01-16,CUST0118,AGT0079,Dar,PayBill,"292,313 ","685,542 ",0 ,Smartphone,14,0,0,1,13,1,150,High Risk,2025-01
TXN2354,2025-02-17,CUST0178,AGT0050,Dar,PayBill,"4,248 ","184,916 ",0 ,USSD,5,0,0,0,5,1,50,Medium Risk,2025-02
TXN2355,2025-08-27,CUST0204,AGT0173,Dar,Deposit,"8,914 ","774,400 ",0 ,Feature Phone,15,0,0,0,3,1,30,Low Risk,2025-08
TXN2356,2025-03-20,CUST0140,AGT0048,Dar,BuyAirtime,"135,858 ","650,080 ",0 ,USSD,12,0,0,0,10,1,100,High Risk,2025-03
TXN2357,2025-07-14,CUST0209,AGT0112,Mwanza,Send,"470,570 ","229,216 ",0 ,Smartphone,12,0,0,1,8,1,100,High Risk,2025-07
TXN2358,2025-09-13,CUST0082,AGT0105,Dar,Deposit,"419,854 ","955,486 ",0 ,Smartphone,17,0,0,1,1,0,30,Low Risk,2025-09
TXN2359,2025-11-29,CUST0471,AGT0026,Dodoma,BuyAirtime,"22,248 ","951,025 ",0 ,USSD,2,0,0,0,3,1,30,Low Risk,2025-11
TXN2360,2025-12-22,CUST0460,AGT0192,Mwanza,Withdraw,"174,454 ","437,709 ",0 ,USSD,10,0,0,0,1,0,10,Low Risk,2025-12
TXN2361,2025-08-17,CUST0111,AGT0146,Dar,PayBill,"250,479 ","513,646 ",0 ,Smartphone,13,0,0,1,2,0,40,Medium Risk,2025-08
TXN2362,2025-09-22,CUST0116,AGT0065,Mwanza,PayBill,"377,404 ","536,279 ",0 ,Feature Phone,6,0,0,1,3,1,50,Medium Risk,2025-09
TXN2363,2025-05-23,CUST0388,AGT0029,Dodoma,Deposit,"244,476 ","361,953 ",0 ,Web,5,0,0,1,6,1,80,High Risk,2025-05
TXN2364,2025-12-28,CUST0425,AGT0071,Mbeya,BuyAirtime,"129,310 ","512,187 ",0 ,USSD,2,0,0,0,1,0,10,Low Risk,2025-12
TXN2365,2025-12-19,CUST0475,AGT0135,Mbeya,BuyAirtime,"237,807 ","165,991 ",0 ,Web,10,0,0,1,1,0,30,Low Risk,2025-12
TXN2366,2025-07-17,CUST0169,AGT0070,Dodoma,Receive,"370,762 ","284,727 ","217,383 ",USSD,15,0,0,1,3,1,50,Medium Risk,2025-07
TXN2367,2025-07-03,CUST0366,AGT0098,Arusha,Receive,"327,580 ","856,852 ","124,390 ",Feature Phone,6,0,0,1,5,1,70,High Risk,2025-07
TXN2368,2025-12-17,CUST0407,AGT0136,Dar,Withdraw,"3,887 ","846,477 ",0 ,Feature Phone,4,0,0,0,1,0,10,Low Risk,2025-12
TXN2369,2025-04-21,CUST0383,AGT0074,Mbeya,Withdraw,"427,065 ","231,387 ",0 ,Smartphone,1,0,0,1,5,1,70,High Risk,2025-04
TXN2370,2025-06-26,CUST0094,AGT0098,Mbeya,BuyAirtime,"240,351 ","536,102 ",0 ,USSD,19,0,0,1,3,1,50,Medium Risk,2025-06
TXN2371,2025-09-27,CUST0197,AGT0142,Dodoma,Receive,"250,735 ","980,315 ","305,110 ",Feature Phone,15,0,0,1,4,1,60,Medium Risk,2025-09
TXN2372,2025-08-11,CUST0229,AGT0014,Dar,BuyAirtime,"179,199 ","830,391 ",0 ,USSD,5,0,0,0,6,1,60,Medium Risk,2025-08
TXN2373,2025-08-03,CUST0155,AGT0045,Dar,Receive,"142,509 ","597,451 ","313,751 ",Web,2,0,0,0,3,1,30,Low Risk,2025-08
TXN2374,2025-06-22,CUST0177,AGT0005,Mbeya,Receive,"390,178 ","197,814 ","126,943 ",Web,11,0,0,1,9,1,110,High Risk,2025-06
TXN2375,2025-08-30,CUST0100,AGT0007,Arusha,Receive,"313,997 ","571,257 ","279,425 ",USSD,15,0,0,1,7,1,90,High Risk,2025-08
TXN2376,2025-11-08,CUST0057,AGT0115,Mwanza,Send,"197,473 ","730,585 ",0 ,Smartphone,19,0,0,0,4,1,40,Medium Risk,2025-11
TXN2377,2025-05-26,CUST0134,AGT0032,Dar,Withdraw,"218,600 ","661,727 ",0 ,Web,1,0,0,1,5,1,70,High Risk,2025-05
TXN2378,2025-12-10,CUST0457,AGT0019,Mbeya,Deposit,"136,445 ","958,662 ",0 ,Smartphone,4,1,0,0,1,0,60,Medium Risk,2025-12
TXN2379,2025-01-21,CUST0158,AGT0093,Arusha,Deposit,"297,176 ","477,968 ",0 ,USSD,10,0,0,1,9,1,110,High Risk,2025-01
TXN2380,2025-04-03,CUST0481,AGT0161,Dodoma,PayBill,"461,225 ","687,793 ",0 ,Feature Phone,4,0,0,1,10,1,120,High Risk,2025-04
TXN2381,2025-06-19,CUST0188,AGT0097,Arusha,Withdraw,"63,980 ","936,179 ",0 ,Web,6,0,0,0,5,1,50,Medium Risk,2025-06
TXN2382,2025-07-20,CUST0045,AGT0182,Mbeya,Deposit,"136,640 ","858,412 ",0 ,Feature Phone,8,0,0,0,8,1,80,High Risk,2025-07
TXN2383,2025-04-13,CUST0408,AGT0109,Dodoma,Send,"149,142 ","654,719 ",0 ,Web,22,0,0,0,11,1,110,High Risk,2025-04
TXN2384,2025-02-02,CUST0005,AGT0021,Dar,Send,"123,407 ","815,026 ",0 ,Smartphone,7,0,0,0,13,1,130,High Risk,2025-02
TXN2385,2025-03-14,CUST0401,AGT0128,Dar,PayBill,"149,585 ","914,933 ",0 ,Web,17,0,0,0,11,1,110,High Risk,2025-03
TXN2386,2025-02-27,CUST0255,AGT0001,Arusha,Receive,"448,185 ","202,544 ","167,649 ",Feature Phone,23,0,0,1,4,1,60,Medium Risk,2025-02
TXN2387,2025-02-12,CUST0035,AGT0179,Dar,Receive,"34,059 ","461,534 ","418,428 ",Feature Phone,8,0,0,0,11,1,110,High Risk,2025-02
TXN2388,2025-05-20,CUST0272,AGT0051,Arusha,Deposit,"366,450 ","852,158 ",0 ,Web,13,0,0,1,5,1,70,High Risk,2025-05
TXN2389,2025-12-09,CUST0482,AGT0071,Mwanza,Receive,"313,245 ","716,297 ","341,857 ",USSD,12,0,0,1,2,0,40,Medium Risk,2025-12
TXN2390,2025-08-02,CUST0456,AGT0001,Mwanza,PayBill,"198,201 ","733,723 ",0 ,USSD,17,0,0,0,7,1,70,High Risk,2025-08
TXN2391,2025-11-19,CUST0448,AGT0132,Dodoma,BuyAirtime,"47,978 ","403,110 ",0 ,Smartphone,1,0,0,0,2,0,20,Low Risk,2025-11
TXN2392,2025-01-15,CUST0408,AGT0188,Arusha,Deposit,"141,705 ","622,513 ",0 ,Feature Phone,4,0,0,0,16,1,160,High Risk,2025-01
TXN2393,2025-08-15,CUST0433,AGT0025,Dodoma,BuyAirtime,"359,482 ","316,160 ",0 ,USSD,17,0,0,1,6,1,80,High Risk,2025-08
TXN2394,2025-09-04,CUST0387,AGT0144,Mwanza,Deposit,"149,756 ","407,529 ",0 ,Feature Phone,22,0,0,0,2,0,20,Low Risk,2025-09
TXN2395,2025-03-23,CUST0167,AGT0180,Mbeya,PayBill,"492,933 ","12,526 ",0 ,Smartphone,7,0,0,1,9,1,110,High Risk,2025-03
TXN2396,2025-07-17,CUST0381,AGT0132,Dodoma,BuyAirtime,"293,909 ","641,791 ",0 ,USSD,21,0,0,1,7,1,90,High Risk,2025-07
TXN2397,2025-03-26,CUST0282,AGT0081,Mwanza,Withdraw,"418,083 ","933,550 ",0 ,Feature Phone,9,0,0,1,11,1,130,High Risk,2025-03
TXN2398,2025-08-01,CUST0092,AGT0043,Arusha,BuyAirtime,"127,809 ","500,175 ",0 ,Smartphone,12,0,0,0,5,1,50,Medium Risk,2025-08
TXN2399,2025-03-04,CUST0220,AGT0031,Mwanza,Receive,"419,275 ","470,657 ","252,879 ",USSD,17,0,0,1,4,1,60,Medium Risk,2025-03
TXN2400,2025-05-13,CUST0281,AGT0013,Dodoma,Send,"25,168 ","407,215 ",0 ,USSD,2,0,0,0,10,1,100,High Risk,2025-05
TXN2401,2025-05-15,CUST0410,AGT0157,Mbeya,Receive,"77,715 ","959,096 ","83,675 ",Web,19,0,0,0,7,1,70,High Risk,2025-05
TXN2402,2025-06-12,CUST0150,AGT0107,Dodoma,Receive,"305,695 ","268,699 ","454,723 ",Web,15,0,0,1,9,1,110,High Risk,2025-06
TXN2403,2025-12-23,CUST0074,AGT0125,Mwanza,Send,"2,420 ","438,397 ",0 ,USSD,19,0,0,0,2,0,20,Low Risk,2025-12
TXN2404,2025-12-13,CUST0195,AGT0031,Arusha,Withdraw,"364,449 ","794,165 ",0 ,Feature Phone,7,1,0,1,1,0,80,High Risk,2025-12
TXN2405,2025-03-12,CUST0330,AGT0094,Mwanza,Receive,"253,980 ","134,076 ","276,761 ",Web,0,0,0,1,12,1,140,High Risk,2025-03
TXN2406,2025-06-12,CUST0029,AGT0120,Mwanza,BuyAirtime,"485,671 ","901,050 ",0 ,USSD,21,0,0,1,3,1,50,Medium Risk,2025-06
TXN2407,2025-05-01,CUST0411,AGT0013,Arusha,Send,"185,584 ","13,672 ",0 ,Smartphone,13,0,0,0,10,1,100,High Risk,2025-05
TXN2408,2025-11-06,CUST0062,AGT0161,Arusha,Receive,"443,374 ","814,015 ","386,475 ",Smartphone,20,0,0,1,2,0,40,Medium Risk,2025-11
TXN2409,2025-11-26,CUST0218,AGT0055,Mbeya,Deposit,"348,783 ","286,238 ",0 ,Feature Phone,16,0,0,1,2,0,40,Medium Risk,2025-11
TXN2410,2025-05-03,CUST0481,AGT0170,Mbeya,Receive,"160,337 ","879,330 ","120,943 ",Feature Phone,17,0,0,0,7,1,70,High Risk,2025-05
TXN2411,2025-09-05,CUST0420,AGT0195,Dar,BuyAirtime,"237,056 ","733,722 ",0 ,Feature Phone,21,0,0,1,3,1,50,Medium Risk,2025-09
TXN2412,2025-02-25,CUST0406,AGT0040,Dodoma,BuyAirtime,"229,768 ","999,072 ",0 ,USSD,20,0,0,1,10,1,120,High Risk,2025-02
TXN2413,2025-06-06,CUST0147,AGT0107,Mwanza,Send,"416,866 ","442,590 ",0 ,Feature Phone,14,0,0,1,4,1,60,Medium Risk,2025-06
TXN2414,2025-07-08,CUST0127,AGT0172,Mwanza,Withdraw,"328,869 ","687,000 ",0 ,Web,20,0,0,1,4,1,60,Medium Risk,2025-07
TXN2415,2025-07-02,CUST0320,AGT0193,Mbeya,Receive,"228,908 ","207,824 ","33,907 ",Smartphone,8,0,0,1,8,1,100,High Risk,2025-07
TXN2416,2025-03-27,CUST0064,AGT0031,Mbeya,PayBill,"92,197 ","179,798 ",0 ,USSD,17,1,0,0,9,1,140,High Risk,2025-03
TXN2417,2025-04-28,CUST0298,AGT0168,Dar,BuyAirtime,"139,515 ","117,171 ",0 ,USSD,5,0,0,0,8,1,80,High Risk,2025-04
TXN2418,2025-09-16,CUST0172,AGT0021,Dodoma,BuyAirtime,"254,747 ","943,295 ",0 ,Smartphone,19,0,0,1,2,0,40,Medium Risk,2025-09
TXN2419,2025-08-13,CUST0280,AGT0063,Dar,Receive,"209,751 ","927,984 ","149,966 ",Web,6,0,0,1,3,1,50,Medium Risk,2025-08
TXN2420,2025-10-08,CUST0218,AGT0041,Arusha,PayBill,"475,096 ","149,671 ",0 ,USSD,8,0,0,1,3,1,50,Medium Risk,2025-10
TXN2421,2025-10-12,CUST0500,AGT0164,Mwanza,PayBill,"370,443 ","453,974 ",0 ,Smartphone,17,0,0,1,3,1,50,Medium Risk,2025-10
TXN2422,2025-10-08,CUST0222,AGT0194,Dar,PayBill,"164,954 ","225,797 ",0 ,Smartphone,6,0,0,0,5,1,50,Medium Risk,2025-10
TXN2423,2025-07-21,CUST0393,AGT0060,Mbeya,Withdraw,"152,003 ","620,551 ",0 ,USSD,5,0,0,0,4,1,40,Medium Risk,2025-07
TXN2424,2025-07-01,CUST0105,AGT0042,Dar,Send,"178,769 ","824,327 ",0 ,Smartphone,4,0,0,0,4,1,40,Medium Risk,2025-07
TXN2425,2025-10-25,CUST0445,AGT0010,Dodoma,Receive,"271,009 ","315,620 ","424,848 ",Web,2,0,0,1,3,1,50,Medium Risk,2025-10
TXN2426,2025-10-10,CUST0084,AGT0179,Arusha,Deposit,"303,765 ","205,912 ",0 ,USSD,10,0,0,1,2,0,40,Medium Risk,2025-10
TXN2427,2025-07-05,CUST0305,AGT0084,Mbeya,Receive,"310,736 ","753,162 ","182,282 ",Web,6,0,0,1,7,1,90,High Risk,2025-07
TXN2428,2025-04-10,CUST0409,AGT0142,Dodoma,Receive,"183,737 ","9,465 ","113,101 ",Web,12,0,0,0,7,1,70,High Risk,2025-04
TXN2429,2025-11-22,CUST0352,AGT0077,Mbeya,PayBill,"230,208 ","276,779 ",0 ,Web,22,0,0,1,2,0,40,Medium Risk,2025-11
TXN2430,2025-04-29,CUST0204,AGT0161,Mbeya,Receive,"125,831 ","730,184 ","353,738 ",USSD,11,0,0,0,8,1,80,High Risk,2025-04
TXN2431,2025-08-06,CUST0456,AGT0070,Dodoma,Send,"233,100 ","465,302 ",0 ,Feature Phone,12,0,0,1,6,1,80,High Risk,2025-08
TXN2432,2025-02-23,CUST0063,AGT0103,Mwanza,Send,"80,528 ","31,152 ",0 ,Smartphone,20,0,0,0,14,1,140,High Risk,2025-02
TXN2433,2025-03-22,CUST0290,AGT0022,Mwanza,Send,"336,224 ","883,627 ",0 ,USSD,20,0,0,1,9,1,110,High Risk,2025-03
TXN2434,2025-04-20,CUST0440,AGT0155,Dar,Send,"172,439 ","531,198 ",0 ,Smartphone,1,0,0,0,16,1,160,High Risk,2025-04
TXN2435,2025-01-15,CUST0347,AGT0108,Dar,Send,"449,401 ","972,384 ",0 ,USSD,6,0,0,1,7,1,90,High Risk,2025-01
TXN2436,2025-09-25,CUST0002,AGT0194,Dodoma,Deposit,"204,986 ","458,313 ",0 ,Web,23,0,0,1,4,1,60,Medium Risk,2025-09
TXN2437,2025-12-29,CUST0484,AGT0068,Mbeya,PayBill,"172,292 ","120,061 ",0 ,Feature Phone,1,0,0,0,1,0,10,Low Risk,2025-12
TXN2438,2025-02-06,CUST0037,AGT0184,Mbeya,Withdraw,"263,539 ","794,149 ",0 ,USSD,18,0,0,1,9,1,110,High Risk,2025-02
TXN2439,2025-11-24,CUST0057,AGT0199,Mwanza,BuyAirtime,"387,464 ","972,535 ",0 ,Feature Phone,0,0,0,1,3,1,50,Medium Risk,2025-11
TXN2440,2025-02-23,CUST0300,AGT0147,Mwanza,Deposit,"452,223 ","319,332 ",0 ,Web,20,0,0,1,8,1,100,High Risk,2025-02
TXN2441,2025-10-29,CUST0189,AGT0194,Dodoma,Receive,"364,205 ","517,035 ","355,682 ",Web,10,0,0,1,5,1,70,High Risk,2025-10
TXN2442,2025-09-04,CUST0034,AGT0085,Arusha,Deposit,"430,872 ","860,265 ",0 ,USSD,14,0,0,1,3,1,50,Medium Risk,2025-09
TXN2443,2025-02-28,CUST0449,AGT0117,Mbeya,Withdraw,"53,700 ","256,982 ",0 ,USSD,22,0,0,0,8,1,80,High Risk,2025-02
TXN2444,2025-06-23,CUST0248,AGT0041,Dodoma,Withdraw,"436,328 ","368,416 ",0 ,Web,13,0,0,1,5,1,70,High Risk,2025-06
TXN2445,2025-10-02,CUST0003,AGT0056,Dodoma,PayBill,"280,251 ","314,490 ",0 ,Web,16,0,0,1,2,0,40,Medium Risk,2025-10
TXN2446,2025-03-01,CUST0339,AGT0156,Dodoma,Send,"209,527 ","252,298 ",0 ,Feature Phone,21,0,0,1,12,1,140,High Risk,2025-03
TXN2447,2025-12-18,CUST0389,AGT0103,Dodoma,Deposit,"74,103 ","443,433 ",0 ,Web,9,0,0,0,1,0,10,Low Risk,2025-12
TXN2448,2025-05-29,CUST0169,AGT0032,Dar,Receive,"191,692 ","266,501 ","416,252 ",Smartphone,15,1,0,0,6,1,110,High Risk,2025-05
TXN2449,2025-11-01,CUST0308,AGT0091,Dar,Deposit,"416,131 ","619,675 ",0 ,USSD,21,0,0,1,3,1,50,Medium Risk,2025-11
TXN2450,2025-10-11,CUST0235,AGT0111,Dodoma,Send,"225,283 ","639,502 ",0 ,Feature Phone,0,0,0,1,5,1,70,High Risk,2025-10
TXN2451,2025-05-03,CUST0058,AGT0101,Mbeya,Withdraw,"491,141 ","248,592 ",0 ,Feature Phone,11,0,0,1,4,1,60,Medium Risk,2025-05
TXN2452,2025-05-31,CUST0275,AGT0084,Dar,Send,"14,013 ","498,878 ",0 ,USSD,6,0,0,0,10,1,100,High Risk,2025-05
TXN2453,2025-01-01,CUST0036,AGT0062,Mwanza,Withdraw,"70,573 ","236,870 ",0 ,Smartphone,15,0,0,0,18,1,180,High Risk,2025-01
TXN2454,2025-06-10,CUST0347,AGT0150,Dar,PayBill,"155,782 ","503,068 ",0 ,Feature Phone,23,0,0,0,4,1,40,Medium Risk,2025-06
TXN2455,2025-07-19,CUST0446,AGT0033,Mbeya,Receive,"65,536 ","121,255 ","116,795 ",Feature Phone,17,0,0,0,8,1,80,High Risk,2025-07
TXN2456,2025-06-15,CUST0173,AGT0087,Dar,Withdraw,"219,333 ","217,039 ",0 ,USSD,17,0,0,1,4,1,60,Medium Risk,2025-06
TXN2457,2025-06-16,CUST0392,AGT0100,Dar,Deposit,"460,935 ","293,071 ",0 ,Web,7,0,0,1,7,1,90,High Risk,2025-06
TXN2458,2025-10-23,CUST0016,AGT0018,Dodoma,Send,"485,337 ","374,484 ",0 ,Feature Phone,16,0,0,1,2,0,40,Medium Risk,2025-10
TXN2459,2025-03-25,CUST0453,AGT0164,Dar,Deposit,"27,080 ","835,773 ",0 ,Smartphone,16,0,0,0,9,1,90,High Risk,2025-03
TXN2460,2025-06-21,CUST0209,AGT0150,Dodoma,PayBill,"37,211 ","821,700 ",0 ,Smartphone,7,0,0,0,9,1,90,High Risk,2025-06
TXN2461,2025-12-05,CUST0132,AGT0164,Arusha,PayBill,"330,881 ","561,614 ",0 ,Feature Phone,16,0,0,1,1,0,30,Low Risk,2025-12
TXN2462,2025-11-17,CUST0116,AGT0121,Dar,Receive,"340,475 ","711,991 ","299,743 ",Smartphone,6,0,0,1,1,0,30,Low Risk,2025-11
TXN2463,2025-02-25,CUST0279,AGT0193,Mbeya,Send,"343,586 ","142,467 ",0 ,Feature Phone,14,0,0,1,9,1,110,High Risk,2025-02
TXN2464,2025-04-26,CUST0088,AGT0078,Mbeya,Send,"442,937 ","501,544 ",0 ,USSD,22,0,0,1,7,1,90,High Risk,2025-04
TXN2465,2025-07-11,CUST0432,AGT0097,Mwanza,Send,"347,654 ","935,188 ",0 ,Web,15,0,0,1,9,1,110,High Risk,2025-07
TXN2466,2025-05-09,CUST0195,AGT0089,Mwanza,BuyAirtime,"40,010 ","989,676 ",0 ,Web,14,0,0,0,10,1,100,High Risk,2025-05
TXN2467,2025-06-19,CUST0301,AGT0080,Mbeya,Send,"492,250 ","16,452 ",0 ,Feature Phone,4,0,0,1,5,1,70,High Risk,2025-06
TXN2468,2025-07-08,CUST0301,AGT0059,Dodoma,Receive,"64,457 ","878,146 ","499,166 ",Smartphone,20,0,0,0,4,1,40,Medium Risk,2025-07
TXN2469,2025-09-24,CUST0283,AGT0022,Dar,Send,"242,538 ","604,057 ",0 ,Feature Phone,2,0,0,1,3,1,50,Medium Risk,2025-09
TXN2470,2025-11-25,CUST0155,AGT0155,Arusha,BuyAirtime,"74,400 ","638,904 ",0 ,Web,23,0,0,0,1,0,10,Low Risk,2025-11
TXN2471,2025-01-27,CUST0439,AGT0139,Arusha,Receive,"222,037 ","805,589 ","456,119 ",Smartphone,13,0,0,1,15,1,170,High Risk,2025-01
TXN2472,2025-05-15,CUST0368,AGT0051,Dodoma,BuyAirtime,"276,075 ","822,392 ",0 ,USSD,10,0,0,1,6,1,80,High Risk,2025-05
TXN2473,2025-06-26,CUST0112,AGT0156,Arusha,PayBill,"323,024 ","308,309 ",0 ,Feature Phone,16,0,0,1,5,1,70,High Risk,2025-06
TXN2474,2025-07-02,CUST0365,AGT0134,Arusha,Withdraw,"409,948 ","743,320 ",0 ,Smartphone,14,0,0,1,6,1,80,High Risk,2025-07
TXN2475,2025-09-01,CUST0434,AGT0024,Arusha,Receive,"345,840 ","9,308 ","214,017 ",Smartphone,14,0,0,1,6,1,80,High Risk,2025-09
TXN2476,2025-08-27,CUST0056,AGT0070,Arusha,Receive,"478,350 ","476,690 ","430,519 ",Feature Phone,9,0,0,1,5,1,70,High Risk,2025-08
TXN2477,2025-10-28,CUST0048,AGT0028,Dar,BuyAirtime,"141,018 ","352,085 ",0 ,Web,22,0,0,0,4,1,40,Medium Risk,2025-10
TXN2478,2025-01-03,CUST0407,AGT0136,Dodoma,BuyAirtime,"173,771 ","367,272 ",0 ,Smartphone,16,0,0,0,20,1,200,High Risk,2025-01
TXN2479,2025-04-06,CUST0286,AGT0104,Arusha,BuyAirtime,"439,309 ","102,493 ",0 ,Web,16,0,0,1,10,1,120,High Risk,2025-04
TXN2480,2025-10-07,CUST0164,AGT0118,Mwanza,Withdraw,"90,505 ","847,604 ",0 ,Smartphone,0,0,0,0,3,1,30,Low Risk,2025-10
TXN2481,2025-09-24,CUST0394,AGT0102,Dodoma,PayBill,"39,267 ","597,244 ",0 ,Feature Phone,0,0,0,0,3,1,30,Low Risk,2025-09
TXN2482,2025-10-17,CUST0468,AGT0192,Mwanza,Receive,"450,083 ","181,788 ","271,452 ",Web,2,0,0,1,2,0,40,Medium Risk,2025-10
TXN2483,2025-02-18,CUST0280,AGT0140,Mbeya,Send,"210,139 ","724,139 ",0 ,USSD,18,0,0,1,8,1,100,High Risk,2025-02
TXN2484,2025-10-15,CUST0028,AGT0119,Dodoma,Deposit,"52,509 ","359,888 ",0 ,Smartphone,5,0,0,0,4,1,40,Medium Risk,2025-10
TXN2485,2025-10-21,CUST0433,AGT0075,Mwanza,BuyAirtime,"403,578 ","243,048 ",0 ,Web,21,0,0,1,2,0,40,Medium Risk,2025-10
TXN2486,2025-03-12,CUST0315,AGT0168,Mwanza,Withdraw,"132,456 ","810,172 ",0 ,USSD,13,0,0,0,8,1,80,High Risk,2025-03
TXN2487,2025-03-14,CUST0204,AGT0056,Mbeya,Deposit,"336,393 ","764,076 ",0 ,Smartphone,11,0,0,1,11,1,130,High Risk,2025-03
TXN2488,2025-11-25,CUST0216,AGT0079,Dodoma,Deposit,"461,448 ","690,234 ",0 ,USSD,7,1,0,1,3,1,100,High Risk,2025-11
TXN2489,2025-10-05,CUST0231,AGT0039,Mwanza,PayBill,"424,448 ","734,404 ",0 ,Smartphone,5,0,0,1,3,1,50,Medium Risk,2025-10
TXN2490,2025-11-10,CUST0236,AGT0100,Dar,PayBill,"109,868 ","311,751 ",0 ,Web,1,0,0,0,3,1,30,Low Risk,2025-11
TXN2491,2025-12-08,CUST0207,AGT0040,Mwanza,Receive,"488,929 ","339,488 ","169,893 ",Web,3,0,0,1,3,1,50,Medium Risk,2025-12
TXN2492,2025-06-12,CUST0247,AGT0119,Dar,PayBill,"222,613 ","304,309 ",0 ,Web,18,0,0,1,10,1,120,High Risk,2025-06
TXN2493,2025-09-26,CUST0244,AGT0096,Mwanza,Withdraw,"77,445 ","583,654 ",0 ,Web,13,0,0,0,3,1,30,Low Risk,2025-09
TXN2494,2025-04-19,CUST0227,AGT0195,Dodoma,BuyAirtime,"215,823 ","170,158 ",0 ,Smartphone,22,0,0,1,5,1,70,High Risk,2025-04
TXN2495,2025-07-20,CUST0462,AGT0145,Mwanza,Send,"172,936 ","988,040 ",0 ,Feature Phone,19,1,0,0,6,1,110,High Risk,2025-07
TXN2496,2025-12-25,CUST0408,AGT0179,Dar,PayBill,"297,764 ","27,591 ",0 ,Smartphone,12,0,0,1,1,0,30,Low Risk,2025-12
TXN2497,2025-11-14,CUST0086,AGT0048,Dodoma,Send,"116,279 ","465,747 ",0 ,Web,17,0,0,0,3,1,30,Low Risk,2025-11
TXN2498,2025-03-06,CUST0184,AGT0132,Dar,PayBill,"200,578 ","652,945 ",0 ,Feature Phone,18,0,0,1,9,1,110,High Risk,2025-03
TXN2499,2025-02-11,CUST0389,AGT0007,Dar,BuyAirtime,"108,096 ","184,184 ",0 ,Smartphone,7,0,0,0,18,1,180,High Risk,2025-02
TXN2500,2025-02-06,CUST0036,AGT0013,Dar,Send,"19,115 ","491,750 ",0 ,Web,1,0,0,0,14,1,140,High Risk,2025-02
TXN2501,2025-08-20,CUST0422,AGT0038,Mwanza,Send,"34,223 ","96,119 ",0 ,Smartphone,1,1,0,0,4,1,90,High Risk,2025-08
TXN2502,2025-03-12,CUST0033,AGT0179,Dar,Withdraw,"324,763 ","809,200 ",0 ,Feature Phone,18,0,0,1,12,1,140,High Risk,2025-03
TXN2503,2025-02-11,CUST0160,AGT0088,Arusha,BuyAirtime,"164,389 ","204,180 ",0 ,Smartphone,2,0,0,0,8,1,80,High Risk,2025-02
TXN2504,2025-04-25,CUST0477,AGT0076,Arusha,BuyAirtime,"243,841 ","214,202 ",0 ,Feature Phone,15,0,0,1,7,1,90,High Risk,2025-04
TXN2505,2025-12-08,CUST0273,AGT0034,Dodoma,Receive,"118,202 ","511,088 ","485,699 ",Smartphone,18,0,0,0,2,0,20,Low Risk,2025-12
TXN2506,2025-03-20,CUST0294,AGT0130,Mbeya,Deposit,"63,315 ","207,809 ",0 ,Feature Phone,5,1,0,0,5,1,100,High Risk,2025-03
TXN2507,2025-05-19,CUST0037,AGT0114,Mbeya,BuyAirtime,"142,108 ","467,370 ",0 ,Feature Phone,2,0,0,0,7,1,70,High Risk,2025-05
TXN2508,2025-05-18,CUST0415,AGT0127,Arusha,Send,"170,101 ","579,971 ",0 ,Feature Phone,5,0,0,0,6,1,60,Medium Risk,2025-05
TXN2509,2025-08-16,CUST0473,AGT0092,Mbeya,PayBill,"138,474 ","563,269 ",0 ,Feature Phone,20,0,0,0,7,1,70,High Risk,2025-08
TXN2510,2025-04-05,CUST0018,AGT0072,Mbeya,Withdraw,"74,684 ","261,207 ",0 ,Feature Phone,9,0,0,0,10,1,100,High Risk,2025-04
TXN2511,2025-12-23,CUST0143,AGT0183,Arusha,Withdraw,"426,656 ","762,559 ",0 ,Feature Phone,7,0,0,1,1,0,30,Low Risk,2025-12
TXN2512,2025-10-25,CUST0286,AGT0031,Mwanza,Deposit,"280,630 ","417,543 ",0 ,Smartphone,22,0,0,1,3,1,50,Medium Risk,2025-10
TXN2513,2025-01-31,CUST0444,AGT0142,Mwanza,Send,"64,470 ","759,423 ",0 ,USSD,13,0,0,0,6,1,60,Medium Risk,2025-01
TXN2514,2025-03-24,CUST0260,AGT0001,Dodoma,Send,"152,308 ","510,616 ",0 ,USSD,4,0,0,0,9,1,90,High Risk,2025-03
TXN2515,2025-07-10,CUST0240,AGT0045,Mbeya,BuyAirtime,"469,266 ","84,912 ",0 ,USSD,20,0,0,1,6,1,80,High Risk,2025-07
TXN2516,2025-07-11,CUST0457,AGT0131,Mwanza,Withdraw,"385,880 ","802,747 ",0 ,Smartphone,12,0,0,1,6,1,80,High Risk,2025-07
TXN2517,2025-10-17,CUST0273,AGT0053,Mbeya,Deposit,"169,684 ","377,214 ",0 ,Smartphone,22,0,0,0,5,1,50,Medium Risk,2025-10
TXN2518,2025-02-07,CUST0353,AGT0061,Arusha,BuyAirtime,"39,981 ","886,036 ",0 ,Smartphone,21,0,0,0,8,1,80,High Risk,2025-02
TXN2519,2025-03-23,CUST0425,AGT0165,Mwanza,Deposit,"70,710 ","123,409 ",0 ,Feature Phone,4,0,0,0,13,1,130,High Risk,2025-03
TXN2520,2025-11-08,CUST0322,AGT0176,Dodoma,Send,"491,019 ","408,605 ",0 ,Web,9,0,0,1,1,0,30,Low Risk,2025-11
TXN2521,2025-08-15,CUST0426,AGT0068,Arusha,PayBill,"475,062 ","126,366 ",0 ,USSD,13,0,0,1,1,0,30,Low Risk,2025-08
TXN2522,2025-07-29,CUST0209,AGT0034,Dodoma,Deposit,"477,875 ","403,676 ",0 ,Smartphone,6,0,0,1,7,1,90,High Risk,2025-07
TXN2523,2025-06-19,CUST0206,AGT0195,Arusha,BuyAirtime,"287,893 ","842,997 ",0 ,Feature Phone,4,0,0,1,7,1,90,High Risk,2025-06
TXN2524,2025-10-08,CUST0071,AGT0025,Dar,Withdraw,"48,213 ","796,852 ",0 ,Smartphone,3,0,0,0,4,1,40,Medium Risk,2025-10
TXN2525,2025-12-02,CUST0283,AGT0195,Arusha,Deposit,"160,450 ","468,765 ",0 ,Web,12,0,0,0,1,0,10,Low Risk,2025-12
TXN2526,2025-02-28,CUST0324,AGT0114,Dodoma,PayBill,"70,528 ","882,595 ",0 ,Smartphone,18,0,0,0,12,1,120,High Risk,2025-02
TXN2527,2025-04-07,CUST0406,AGT0128,Dodoma,BuyAirtime,"17,072 ","377,327 ",0 ,USSD,15,0,0,0,7,1,70,High Risk,2025-04
TXN2528,2025-01-13,CUST0364,AGT0141,Arusha,Withdraw,"483,305 ","236,092 ",0 ,Smartphone,0,0,0,1,11,1,130,High Risk,2025-01
TXN2529,2025-06-15,CUST0442,AGT0079,Arusha,PayBill,"179,990 ","37,439 ",0 ,Feature Phone,2,0,0,0,5,1,50,Medium Risk,2025-06
TXN2530,2025-05-20,CUST0329,AGT0018,Arusha,Receive,"262,567 ","194,913 ","351,423 ",Web,13,0,0,1,8,1,100,High Risk,2025-05
TXN2531,2025-07-18,CUST0020,AGT0035,Dodoma,Deposit,"274,444 ","804,033 ",0 ,Web,2,0,0,1,6,1,80,High Risk,2025-07
TXN2532,2025-06-29,CUST0009,AGT0013,Arusha,Send,"485,295 ","274,474 ",0 ,Smartphone,12,0,0,1,6,1,80,High Risk,2025-06
TXN2533,2025-06-17,CUST0348,AGT0197,Arusha,Withdraw,"340,864 ","46,888 ",0 ,Feature Phone,7,0,0,1,5,1,70,High Risk,2025-06
TXN2534,2025-06-11,CUST0207,AGT0031,Mwanza,Deposit,"385,183 ","969,205 ",0 ,USSD,4,0,0,1,10,1,120,High Risk,2025-06
TXN2535,2025-10-08,CUST0063,AGT0083,Dar,PayBill,"484,928 ","207,216 ",0 ,Web,23,0,0,1,3,1,50,Medium Risk,2025-10
TXN2536,2025-06-17,CUST0481,AGT0094,Arusha,Send,"397,056 ","799,320 ",0 ,Web,4,0,0,1,6,1,80,High Risk,2025-06
TXN2537,2025-09-06,CUST0017,AGT0087,Mwanza,Withdraw,"456,397 ","117,199 ",0 ,Web,3,0,0,1,3,1,50,Medium Risk,2025-09
TXN2538,2025-07-20,CUST0167,AGT0184,Mbeya,Withdraw,"277,512 ","449,579 ",0 ,USSD,4,0,0,1,4,1,60,Medium Risk,2025-07
TXN2539,2025-10-09,CUST0157,AGT0009,Dar,BuyAirtime,"191,163 ","914,060 ",0 ,Web,23,0,0,0,4,1,40,Medium Risk,2025-10
TXN2540,2025-02-24,CUST0352,AGT0077,Mbeya,Withdraw,"247,644 ","469,227 ",0 ,Feature Phone,19,0,0,1,11,1,130,High Risk,2025-02
TXN2541,2025-01-16,CUST0420,AGT0171,Arusha,PayBill,"256,818 ","221,918 ",0 ,USSD,4,0,0,1,12,1,140,High Risk,2025-01
TXN2542,2025-08-28,CUST0303,AGT0141,Dodoma,Receive,"195,637 ","259,221 ","261,543 ",Smartphone,21,0,0,0,4,1,40,Medium Risk,2025-08
TXN2543,2025-02-22,CUST0457,AGT0101,Mwanza,PayBill,"317,662 ","419,653 ",0 ,Smartphone,0,0,0,1,9,1,110,High Risk,2025-02
TXN2544,2025-06-30,CUST0412,AGT0079,Dodoma,PayBill,"94,157 ","372,005 ",0 ,Feature Phone,20,0,0,0,4,1,40,Medium Risk,2025-06
TXN2545,2025-04-30,CUST0365,AGT0076,Dar,BuyAirtime,"413,420 ","223,664 ",0 ,Web,19,0,0,1,9,1,110,High Risk,2025-04
TXN2546,2025-11-24,CUST0359,AGT0109,Mwanza,Receive,"360,758 ","319,062 ","419,318 ",Web,4,0,0,1,1,0,30,Low Risk,2025-11
TXN2547,2025-09-06,CUST0042,AGT0012,Arusha,PayBill,"291,127 ","13,034 ",0 ,Web,0,0,0,1,4,1,60,Medium Risk,2025-09
TXN2548,2025-09-07,CUST0136,AGT0045,Dar,Receive,"351,271 ","447,472 ","108,390 ",Smartphone,17,0,0,1,5,1,70,High Risk,2025-09
TXN2549,2025-02-03,CUST0366,AGT0176,Mwanza,Withdraw,"453,778 ","885,930 ",0 ,USSD,19,0,0,1,10,1,120,High Risk,2025-02
TXN2550,2025-12-10,CUST0275,AGT0167,Dodoma,BuyAirtime,"284,376 ","882,083 ",0 ,USSD,3,0,0,1,1,0,30,Low Risk,2025-12
TXN2551,2025-03-17,CUST0060,AGT0190,Dodoma,Receive,"243,866 ","33,518 ","329,974 ",Feature Phone,4,0,0,1,7,1,90,High Risk,2025-03
TXN2552,2025-01-20,CUST0022,AGT0193,Mbeya,Send,"128,031 ","885,143 ",0 ,Feature Phone,11,0,0,0,12,1,120,High Risk,2025-01
TXN2553,2025-02-24,CUST0282,AGT0125,Mbeya,Deposit,"119,735 ","530,362 ",0 ,Smartphone,18,0,0,0,13,1,130,High Risk,2025-02
TXN2554,2025-12-02,CUST0131,AGT0034,Arusha,BuyAirtime,"285,581 ","676,872 ",0 ,Smartphone,10,0,0,1,1,0,30,Low Risk,2025-12
TXN2555,2025-12-03,CUST0229,AGT0089,Dar,Withdraw,"11,849 ","145,219 ",0 ,Web,7,0,0,0,3,1,30,Low Risk,2025-12
TXN2556,2025-08-17,CUST0117,AGT0023,Dar,PayBill,"219,526 ","556,657 ",0 ,Web,10,0,0,1,3,1,50,Medium Risk,2025-08
TXN2557,2025-05-30,CUST0307,AGT0200,Dar,Withdraw,"67,106 ","765,531 ",0 ,Smartphone,1,0,0,0,6,1,60,Medium Risk,2025-05
TXN2558,2025-01-14,CUST0015,AGT0171,Dodoma,BuyAirtime,"115,777 ","303,959 ",0 ,USSD,23,0,0,0,13,1,130,High Risk,2025-01
TXN2559,2025-07-09,CUST0348,AGT0105,Mwanza,Send,"328,385 ","339,960 ",0 ,Web,13,0,0,1,4,1,60,Medium Risk,2025-07
TXN2560,2025-05-14,CUST0347,AGT0133,Dodoma,BuyAirtime,"7,895 ","845,269 ",0 ,Feature Phone,10,0,0,0,6,1,60,Medium Risk,2025-05
TXN2561,2025-11-19,CUST0270,AGT0154,Dar,Send,"242,824 ","673,722 ",0 ,Feature Phone,2,0,0,1,2,0,40,Medium Risk,2025-11
TXN2562,2025-11-27,CUST0392,AGT0051,Mwanza,Deposit,"226,832 ","681,638 ",0 ,Smartphone,6,0,0,1,1,0,30,Low Risk,2025-11
TXN2563,2025-04-07,CUST0068,AGT0035,Mwanza,Withdraw,"419,915 ","298,737 ",0 ,Feature Phone,21,0,0,1,9,1,110,High Risk,2025-04
TXN2564,2025-10-20,CUST0419,AGT0179,Dar,PayBill,"353,727 ","486,390 ",0 ,Web,12,0,0,1,3,1,50,Medium Risk,2025-10
TXN2565,2025-07-03,CUST0121,AGT0168,Dodoma,Withdraw,"472,795 ","542,948 ",0 ,Smartphone,4,0,0,1,5,1,70,High Risk,2025-07
TXN2566,2025-04-07,CUST0190,AGT0096,Dodoma,Send,"214,104 ","405,986 ",0 ,USSD,5,0,0,1,7,1,90,High Risk,2025-04
TXN2567,2025-02-12,CUST0052,AGT0119,Arusha,Withdraw,"472,290 ","644,915 ",0 ,USSD,1,0,0,1,10,1,120,High Risk,2025-02
TXN2568,2025-08-14,CUST0437,AGT0118,Dar,Deposit,"242,328 ","888,734 ",0 ,USSD,19,0,0,1,5,1,70,High Risk,2025-08
TXN2569,2025-09-17,CUST0189,AGT0199,Mbeya,Deposit,"31,471 ","572,720 ",0 ,Smartphone,23,0,0,0,6,1,60,Medium Risk,2025-09
TXN2570,2025-10-30,CUST0272,AGT0079,Dar,Withdraw,"264,672 ","693,111 ",0 ,Feature Phone,2,0,0,1,2,0,40,Medium Risk,2025-10
TXN2571,2025-03-07,CUST0321,AGT0052,Mbeya,BuyAirtime,"212,776 ","342,078 ",0 ,Feature Phone,9,0,0,1,13,1,150,High Risk,2025-03
TXN2572,2025-08-12,CUST0153,AGT0173,Dar,PayBill,"397,459 ","710,783 ",0 ,USSD,2,0,0,1,3,1,50,Medium Risk,2025-08
TXN2573,2025-01-03,CUST0091,AGT0026,Dar,Send,"423,246 ","194,660 ",0 ,Web,2,0,0,1,15,1,170,High Risk,2025-01
TXN2574,2025-04-30,CUST0251,AGT0144,Arusha,BuyAirtime,"353,601 ","942,258 ",0 ,USSD,6,0,0,1,4,1,60,Medium Risk,2025-04
TXN2575,2025-01-29,CUST0019,AGT0075,Dodoma,Deposit,"254,497 ","560,695 ",0 ,Smartphone,23,0,0,1,7,1,90,High Risk,2025-01
TXN2576,2025-05-19,CUST0475,AGT0022,Dar,Deposit,"338,004 ","602,218 ",0 ,Smartphone,1,0,0,1,6,1,80,High Risk,2025-05
TXN2577,2025-04-06,CUST0151,AGT0072,Mwanza,Receive,"251,387 ","434,784 ","222,164 ",Smartphone,23,1,0,1,4,1,110,High Risk,2025-04
TXN2578,2025-02-02,CUST0398,AGT0144,Arusha,BuyAirtime,"200,163 ","562,196 ",0 ,Web,7,0,0,1,10,1,120,High Risk,2025-02
TXN2579,2025-11-15,CUST0377,AGT0125,Mbeya,Withdraw,"252,980 ","770,278 ",0 ,USSD,11,0,0,1,2,0,40,Medium Risk,2025-11
TXN2580,2025-11-08,CUST0176,AGT0061,Arusha,Deposit,"28,749 ","661,539 ",0 ,USSD,14,0,0,0,4,1,40,Medium Risk,2025-11
TXN2581,2025-03-28,CUST0036,AGT0200,Dar,Deposit,"364,124 ","834,869 ",0 ,Web,14,0,0,1,10,1,120,High Risk,2025-03
TXN2582,2025-07-20,CUST0212,AGT0136,Mwanza,Receive,"499,587 ","779,491 ","19,472 ",USSD,11,0,0,1,5,1,70,High Risk,2025-07
TXN2583,2025-04-30,CUST0158,AGT0107,Dodoma,Withdraw,"425,532 ","747,723 ",0 ,Feature Phone,8,0,0,1,8,1,100,High Risk,2025-04
TXN2584,2025-03-03,CUST0282,AGT0199,Arusha,Deposit,"2,432 ","507,191 ",0 ,Feature Phone,14,0,0,0,12,1,120,High Risk,2025-03
TXN2585,2025-10-14,CUST0246,AGT0005,Mbeya,Send,"328,006 ","887,600 ",0 ,Feature Phone,12,0,0,1,4,1,60,Medium Risk,2025-10
TXN2586,2025-03-20,CUST0116,AGT0082,Arusha,PayBill,"351,204 ","169,905 ",0 ,Smartphone,20,0,0,1,9,1,110,High Risk,2025-03
TXN2587,2025-07-11,CUST0465,AGT0053,Dar,PayBill,"436,477 ","949,486 ",0 ,Smartphone,22,0,0,1,5,1,70,High Risk,2025-07
TXN2588,2025-07-08,CUST0488,AGT0116,Mbeya,Send,"116,216 ","561,714 ",0 ,Feature Phone,19,0,0,0,11,1,110,High Risk,2025-07
TXN2589,2025-02-09,CUST0130,AGT0086,Dar,Withdraw,"291,667 ","981,524 ",0 ,Feature Phone,16,0,0,1,13,1,150,High Risk,2025-02
TXN2590,2025-08-01,CUST0228,AGT0195,Dar,Withdraw,"290,826 ","806,803 ",0 ,Feature Phone,17,0,0,1,6,1,80,High Risk,2025-08
TXN2591,2025-10-19,CUST0320,AGT0101,Dar,PayBill,"250,210 ","243,333 ",0 ,Web,13,0,0,1,5,1,70,High Risk,2025-10
TXN2592,2025-09-06,CUST0080,AGT0089,Dar,PayBill,"479,899 ","21,061 ",0 ,Web,4,0,0,1,4,1,60,Medium Risk,2025-09
TXN2593,2025-02-14,CUST0344,AGT0091,Mbeya,Send,"101,742 ","410,375 ",0 ,USSD,15,0,0,0,7,1,70,High Risk,2025-02
TXN2594,2025-08-22,CUST0213,AGT0131,Dodoma,Withdraw,"152,713 ","765,070 ",0 ,Web,3,0,0,0,3,1,30,Low Risk,2025-08
TXN2595,2025-06-25,CUST0103,AGT0192,Mwanza,Send,"335,543 ","31,058 ",0 ,Smartphone,21,0,0,1,4,1,60,Medium Risk,2025-06
TXN2596,2025-09-10,CUST0142,AGT0040,Mbeya,PayBill,"160,814 ","394,324 ",0 ,USSD,10,0,0,0,2,0,20,Low Risk,2025-09
TXN2597,2025-12-10,CUST0353,AGT0082,Dar,PayBill,"199,204 ","6,808 ",0 ,Web,9,0,0,0,1,0,10,Low Risk,2025-12
TXN2598,2025-06-24,CUST0227,AGT0157,Dar,Send,"29,592 ","106,396 ",0 ,Feature Phone,22,0,0,0,4,1,40,Medium Risk,2025-06
TXN2599,2025-01-26,CUST0017,AGT0130,Dar,PayBill,"40,410 ","468,014 ",0 ,Smartphone,7,0,0,0,8,1,80,High Risk,2025-01
TXN2600,2025-09-17,CUST0021,AGT0177,Arusha,Withdraw,"179,440 ","943,264 ",0 ,Feature Phone,13,0,0,0,5,1,50,Medium Risk,2025-09
TXN2601,2025-11-26,CUST0152,AGT0076,Mbeya,BuyAirtime,"107,865 ","350,066 ",0 ,USSD,14,0,0,0,1,0,10,Low Risk,2025-11
TXN2602,2025-02-21,CUST0096,AGT0085,Mbeya,Withdraw,"349,366 ","792,873 ",0 ,USSD,7,0,0,1,11,1,130,High Risk,2025-02
TXN2603,2025-04-13,CUST0166,AGT0171,Mwanza,Send,"298,051 ","636,625 ",0 ,Web,4,0,0,1,12,1,140,High Risk,2025-04
TXN2604,2025-03-19,CUST0068,AGT0148,Mwanza,BuyAirtime,"88,747 ","733,815 ",0 ,Feature Phone,23,0,0,0,10,1,100,High Risk,2025-03
TXN2605,2025-01-27,CUST0440,AGT0040,Arusha,PayBill,"220,837 ","369,532 ",0 ,Smartphone,7,0,0,1,17,1,190,High Risk,2025-01
TXN2606,2025-03-25,CUST0328,AGT0008,Dodoma,Deposit,"1,268 ","511,268 ",0 ,Web,16,0,0,0,5,1,50,Medium Risk,2025-03
TXN2607,2025-11-11,CUST0095,AGT0100,Dodoma,Receive,"118,859 ","631,928 ","458,991 ",USSD,6,0,0,0,1,0,10,Low Risk,2025-11
TXN2608,2025-12-21,CUST0383,AGT0145,Mbeya,Deposit,"258,826 ","677,269 ",0 ,USSD,14,0,0,1,1,0,30,Low Risk,2025-12
TXN2609,2025-10-10,CUST0095,AGT0110,Dodoma,Deposit,"95,530 ","933,758 ",0 ,Feature Phone,22,0,0,0,5,1,50,Medium Risk,2025-10
TXN2610,2025-10-15,CUST0114,AGT0094,Arusha,Deposit,"372,705 ","102,858 ",0 ,USSD,9,0,0,1,3,1,50,Medium Risk,2025-10
TXN2611,2025-05-28,CUST0123,AGT0181,Arusha,Deposit,"468,972 ","258,313 ",0 ,Web,11,0,0,1,8,1,100,High Risk,2025-05
TXN2612,2025-12-13,CUST0394,AGT0162,Dodoma,Withdraw,"430,641 ","548,840 ",0 ,Feature Phone,16,0,0,1,2,0,40,Medium Risk,2025-12
TXN2613,2025-11-07,CUST0147,AGT0054,Mwanza,BuyAirtime,"18,025 ","676,117 ",0 ,USSD,13,0,0,0,2,0,20,Low Risk,2025-11
TXN2614,2025-10-14,CUST0138,AGT0084,Arusha,BuyAirtime,"50,188 ","912,799 ",0 ,Smartphone,15,0,0,0,5,1,50,Medium Risk,2025-10
TXN2615,2025-03-29,CUST0062,AGT0095,Arusha,Deposit,"114,102 ","248,256 ",0 ,Feature Phone,7,0,0,0,7,1,70,High Risk,2025-03
TXN2616,2025-03-03,CUST0391,AGT0176,Mbeya,Withdraw,"353,679 ","558,042 ",0 ,USSD,17,0,0,1,6,1,80,High Risk,2025-03
TXN2617,2025-08-08,CUST0405,AGT0097,Dodoma,Send,"352,781 ","40,623 ",0 ,USSD,13,0,0,1,4,1,60,Medium Risk,2025-08
TXN2618,2025-02-27,CUST0257,AGT0178,Mbeya,Deposit,"171,698 ","11,791 ",0 ,Smartphone,21,0,0,0,12,1,120,High Risk,2025-02
TXN2619,2025-06-12,CUST0018,AGT0011,Arusha,PayBill,"386,405 ","590,786 ",0 ,USSD,21,0,0,1,9,1,110,High Risk,2025-06
TXN2620,2025-08-29,CUST0372,AGT0136,Arusha,Send,"183,207 ","884,154 ",0 ,USSD,1,0,0,0,3,1,30,Low Risk,2025-08
TXN2621,2025-04-27,CUST0072,AGT0057,Dar,Withdraw,"386,343 ","198,736 ",0 ,Feature Phone,17,0,0,1,6,1,80,High Risk,2025-04
TXN2622,2025-12-02,CUST0221,AGT0111,Arusha,BuyAirtime,"111,392 ","843,670 ",0 ,Feature Phone,12,0,0,0,2,0,20,Low Risk,2025-12
TXN2623,2025-11-25,CUST0070,AGT0192,Mbeya,Withdraw,"312,492 ","871,923 ",0 ,Web,6,0,0,1,4,1,60,Medium Risk,2025-11
TXN2624,2025-12-05,CUST0046,AGT0115,Arusha,Withdraw,"86,760 ","542,675 ",0 ,Smartphone,3,0,0,0,1,0,10,Low Risk,2025-12
TXN2625,2025-12-09,CUST0450,AGT0073,Mbeya,BuyAirtime,"423,585 ","306,116 ",0 ,Smartphone,16,0,0,1,3,1,50,Medium Risk,2025-12
TXN2626,2025-05-01,CUST0196,AGT0001,Mbeya,PayBill,"477,471 ","615,858 ",0 ,Feature Phone,17,0,0,1,8,1,100,High Risk,2025-05
TXN2627,2025-03-04,CUST0493,AGT0034,Dar,Deposit,"24,729 ","231,007 ",0 ,USSD,6,0,0,0,7,1,70,High Risk,2025-03
TXN2628,2025-04-28,CUST0266,AGT0064,Mwanza,BuyAirtime,"178,367 ","188,638 ",0 ,Web,19,0,0,0,4,1,40,Medium Risk,2025-04
TXN2629,2025-12-07,CUST0185,AGT0173,Arusha,Send,"151,868 ","61,095 ",0 ,USSD,3,0,0,0,2,0,20,Low Risk,2025-12
TXN2630,2025-09-14,CUST0462,AGT0072,Mwanza,Send,"84,798 ","357,115 ",0 ,Web,2,0,0,0,5,1,50,Medium Risk,2025-09
TXN2631,2025-05-26,CUST0073,AGT0188,Dar,PayBill,"29,401 ","121,137 ",0 ,Smartphone,3,0,0,0,4,1,40,Medium Risk,2025-05
TXN2632,2025-10-17,CUST0406,AGT0012,Arusha,Receive,"218,567 ","444,416 ","141,737 ",Web,5,0,0,1,2,0,40,Medium Risk,2025-10
TXN2633,2025-07-17,CUST0100,AGT0189,Dodoma,PayBill,"13,571 ","107,002 ",0 ,USSD,17,0,0,0,9,1,90,High Risk,2025-07
TXN2634,2025-12-15,CUST0300,AGT0089,Mwanza,PayBill,"335,792 ","275,116 ",0 ,Web,18,0,0,1,1,0,30,Low Risk,2025-12
TXN2635,2025-08-12,CUST0013,AGT0036,Mbeya,BuyAirtime,"168,751 ","80,883 ",0 ,USSD,13,0,0,0,3,1,30,Low Risk,2025-08
TXN2636,2025-08-01,CUST0088,AGT0013,Mwanza,Send,"326,217 ","801,800 ",0 ,Smartphone,1,0,0,1,5,1,70,High Risk,2025-08
TXN2637,2025-06-22,CUST0411,AGT0196,Dar,PayBill,"46,799 ","39,208 ",0 ,Feature Phone,11,0,0,0,8,1,80,High Risk,2025-06
TXN2638,2025-09-16,CUST0339,AGT0198,Mwanza,Receive,"169,685 ","700,178 ","293,104 ",Web,1,0,0,0,2,0,20,Low Risk,2025-09
TXN2639,2025-11-08,CUST0011,AGT0070,Arusha,BuyAirtime,"286,714 ","861,462 ",0 ,Smartphone,23,0,0,1,3,1,50,Medium Risk,2025-11
TXN2640,2025-09-27,CUST0327,AGT0062,Dar,PayBill,"464,702 ","585,384 ",0 ,Smartphone,21,0,0,1,6,1,80,High Risk,2025-09
TXN2641,2025-08-30,CUST0307,AGT0096,Dodoma,Send,"339,779 ","249,974 ",0 ,Smartphone,18,0,0,1,1,0,30,Low Risk,2025-08
TXN2642,2025-05-07,CUST0406,AGT0051,Mbeya,Withdraw,"72,775 ","453,659 ",0 ,Feature Phone,13,0,0,0,6,1,60,Medium Risk,2025-05
TXN2643,2025-08-13,CUST0416,AGT0188,Dodoma,BuyAirtime,"352,691 ","522,082 ",0 ,Web,23,0,0,1,4,1,60,Medium Risk,2025-08
TXN2644,2025-11-19,CUST0226,AGT0102,Mwanza,Withdraw,"368,944 ","276,309 ",0 ,Web,10,0,0,1,4,1,60,Medium Risk,2025-11
TXN2645,2025-02-08,CUST0349,AGT0071,Arusha,Withdraw,"158,389 ","707,888 ",0 ,Feature Phone,12,0,0,0,12,1,120,High Risk,2025-02
TXN2646,2025-07-29,CUST0079,AGT0006,Dar,PayBill,"350,658 ","964,075 ",0 ,Web,9,0,0,1,11,1,130,High Risk,2025-07
TXN2647,2025-07-29,CUST0284,AGT0029,Mbeya,Send,"205,348 ","705,093 ",0 ,USSD,6,0,0,1,3,1,50,Medium Risk,2025-07
TXN2648,2025-02-16,CUST0094,AGT0068,Mwanza,Receive,"456,720 ","223,120 ","92,516 ",USSD,12,0,0,1,7,1,90,High Risk,2025-02
TXN2649,2025-10-28,CUST0333,AGT0182,Dodoma,PayBill,"51,973 ","275,018 ",0 ,USSD,8,0,0,0,5,1,50,Medium Risk,2025-10
TXN2650,2025-02-04,CUST0103,AGT0191,Dar,Deposit,"332,981 ","904,539 ",0 ,USSD,15,0,0,1,8,1,100,High Risk,2025-02
TXN2651,2025-12-27,CUST0099,AGT0130,Mwanza,PayBill,"205,964 ","31,945 ",0 ,USSD,4,0,0,1,1,0,30,Low Risk,2025-12
TXN2652,2025-12-15,CUST0024,AGT0042,Mwanza,PayBill,"115,574 ","625,235 ",0 ,USSD,0,0,0,0,1,0,10,Low Risk,2025-12
TXN2653,2025-09-26,CUST0473,AGT0158,Mbeya,Receive,"239,659 ","148,299 ","448,363 ",Web,1,0,0,1,4,1,60,Medium Risk,2025-09
TXN2654,2025-01-06,CUST0032,AGT0021,Dodoma,Receive,"396,587 ","954,026 ","493,867 ",Feature Phone,6,0,0,1,13,1,150,High Risk,2025-01
TXN2655,2025-05-04,CUST0448,AGT0078,Dar,Receive,"322,767 ","856,102 ","248,317 ",Web,8,0,0,1,7,1,90,High Risk,2025-05
TXN2656,2025-03-07,CUST0030,AGT0095,Arusha,PayBill,"38,361 ","125,530 ",0 ,Feature Phone,11,0,0,0,8,1,80,High Risk,2025-03
TXN2657,2025-06-25,CUST0114,AGT0163,Dodoma,Deposit,"389,865 ","984,075 ",0 ,Web,17,0,0,1,8,1,100,High Risk,2025-06
TXN2658,2025-02-01,CUST0209,AGT0198,Mbeya,BuyAirtime,"314,273 ","557,029 ",0 ,Smartphone,22,0,0,1,13,1,150,High Risk,2025-02
TXN2659,2025-06-27,CUST0253,AGT0037,Dar,Deposit,"389,566 ","76,221 ",0 ,Web,16,0,0,1,5,1,70,High Risk,2025-06
TXN2660,2025-10-27,CUST0248,AGT0167,Mbeya,PayBill,"164,323 ","535,104 ",0 ,Feature Phone,16,0,0,0,2,0,20,Low Risk,2025-10
TXN2661,2025-12-02,CUST0335,AGT0189,Mwanza,Withdraw,"187,231 ","23,780 ",0 ,Smartphone,13,0,0,0,3,1,30,Low Risk,2025-12
TXN2662,2025-02-28,CUST0010,AGT0056,Arusha,BuyAirtime,"214,446 ","515,137 ",0 ,Web,4,0,0,1,6,1,80,High Risk,2025-02
TXN2663,2025-05-28,CUST0478,AGT0039,Dar,Withdraw,"207,551 ","877,771 ",0 ,Feature Phone,21,0,0,1,7,1,90,High Risk,2025-05
TXN2664,2025-02-10,CUST0272,AGT0015,Mbeya,Receive,"173,978 ","296,623 ","359,164 ",Feature Phone,5,0,0,0,9,1,90,High Risk,2025-02
TXN2665,2025-10-18,CUST0463,AGT0147,Dar,Withdraw,"415,106 ","126,468 ",0 ,Smartphone,7,0,0,1,3,1,50,Medium Risk,2025-10
TXN2666,2025-11-23,CUST0083,AGT0081,Arusha,Send,"190,553 ","988,379 ",0 ,Smartphone,17,0,0,0,1,0,10,Low Risk,2025-11
TXN2667,2025-07-10,CUST0466,AGT0030,Dar,Receive,"428,979 ","585,558 ","152,804 ",Smartphone,14,0,0,1,5,1,70,High Risk,2025-07
TXN2668,2025-03-25,CUST0257,AGT0150,Mbeya,Send,"92,490 ","819,277 ",0 ,Smartphone,18,0,0,0,9,1,90,High Risk,2025-03
TXN2669,2025-08-28,CUST0405,AGT0172,Dodoma,Deposit,"249,183 ","459,912 ",0 ,USSD,20,0,0,1,3,1,50,Medium Risk,2025-08
TXN2670,2025-08-20,CUST0416,AGT0117,Dar,Send,"277,915 ","495,035 ",0 ,Smartphone,6,0,0,1,3,1,50,Medium Risk,2025-08
TXN2671,2025-08-03,CUST0432,AGT0015,Mwanza,Withdraw,"467,473 ","479,002 ",0 ,Feature Phone,7,0,0,1,7,1,90,High Risk,2025-08
TXN2672,2025-07-19,CUST0408,AGT0064,Arusha,BuyAirtime,"144,639 ","886,333 ",0 ,Smartphone,23,0,0,0,8,1,80,High Risk,2025-07
TXN2673,2025-12-06,CUST0456,AGT0126,Mwanza,Withdraw,"260,475 ","194,417 ",0 ,Smartphone,19,0,0,1,1,0,30,Low Risk,2025-12
TXN2674,2025-04-04,CUST0083,AGT0127,Arusha,BuyAirtime,"171,831 ","597,058 ",0 ,Web,6,0,0,0,6,1,60,Medium Risk,2025-04
TXN2675,2025-09-04,CUST0292,AGT0016,Dodoma,BuyAirtime,"433,615 ","207,775 ",0 ,Web,18,1,0,1,2,0,90,High Risk,2025-09
TXN2676,2025-03-07,CUST0251,AGT0194,Dodoma,Send,"337,942 ","605,233 ",0 ,Feature Phone,11,0,0,1,6,1,80,High Risk,2025-03
TXN2677,2025-01-13,CUST0387,AGT0110,Dar,BuyAirtime,"450,190 ","84,026 ",0 ,Web,11,0,0,1,7,1,90,High Risk,2025-01
TXN2678,2025-06-05,CUST0207,AGT0159,Dar,Receive,"76,974 ","787,865 ","58,311 ",USSD,17,0,0,0,11,1,110,High Risk,2025-06
TXN2679,2025-10-26,CUST0259,AGT0175,Arusha,Receive,"307,697 ","450,271 ","446,894 ",Web,7,0,0,1,5,1,70,High Risk,2025-10
TXN2680,2025-06-10,CUST0050,AGT0191,Dodoma,BuyAirtime,"325,656 ","719,566 ",0 ,Smartphone,0,0,0,1,6,1,80,High Risk,2025-06
TXN2681,2025-07-02,CUST0096,AGT0035,Dodoma,BuyAirtime,"84,478 ","698,579 ",0 ,Web,23,0,0,0,6,1,60,Medium Risk,2025-07
TXN2682,2025-10-12,CUST0162,AGT0045,Mbeya,PayBill,"78,794 ","798,429 ",0 ,Feature Phone,13,0,0,0,2,0,20,Low Risk,2025-10
TXN2683,2025-06-26,CUST0477,AGT0088,Dar,Deposit,"276,104 ","287,416 ",0 ,Feature Phone,5,0,0,1,5,1,70,High Risk,2025-06
TXN2684,2025-08-23,CUST0128,AGT0002,Dar,Receive,"65,243 ","936,063 ","465,118 ",USSD,11,0,0,0,7,1,70,High Risk,2025-08
TXN2685,2025-03-02,CUST0471,AGT0051,Mwanza,Send,"413,696 ","646,100 ",0 ,Web,3,0,0,1,11,1,130,High Risk,2025-03
TXN2686,2025-01-19,CUST0474,AGT0099,Dar,Receive,"15,125 ","317,528 ","357,992 ",Web,19,0,0,0,12,1,120,High Risk,2025-01
TXN2687,2025-09-09,CUST0449,AGT0032,Mwanza,PayBill,"329,819 ","189,893 ",0 ,Smartphone,0,0,0,1,2,0,40,Medium Risk,2025-09
TXN2688,2025-07-28,CUST0137,AGT0091,Mwanza,Receive,"210,383 ","668,295 ","207,390 ",Smartphone,2,0,0,1,7,1,90,High Risk,2025-07
TXN2689,2025-05-17,CUST0418,AGT0154,Mwanza,Withdraw,"329,783 ","980,559 ",0 ,Feature Phone,16,0,0,1,7,1,90,High Risk,2025-05
TXN2690,2025-03-10,CUST0186,AGT0008,Dar,BuyAirtime,"359,535 ","143,941 ",0 ,Smartphone,22,0,0,1,3,1,50,Medium Risk,2025-03
TXN2691,2025-08-16,CUST0189,AGT0025,Mwanza,Withdraw,"414,428 ","1,318 ",0 ,Web,4,0,0,1,7,1,90,High Risk,2025-08
TXN2692,2025-06-06,CUST0431,AGT0044,Mwanza,Receive,"366,342 ","177,925 ","134,809 ",Web,19,0,0,1,5,1,70,High Risk,2025-06
TXN2693,2025-09-29,CUST0237,AGT0006,Dodoma,BuyAirtime,"428,003 ","182,555 ",0 ,Web,21,0,0,1,2,0,40,Medium Risk,2025-09
TXN2694,2025-05-06,CUST0067,AGT0044,Mbeya,Withdraw,"61,081 ","833,240 ",0 ,Web,6,0,0,0,8,1,80,High Risk,2025-05
TXN2695,2025-07-23,CUST0056,AGT0139,Mwanza,Send,"441,481 ","532,588 ",0 ,Web,3,0,0,1,9,1,110,High Risk,2025-07
TXN2696,2025-04-25,CUST0072,AGT0120,Arusha,Receive,"78,250 ","648,357 ","318,380 ",Feature Phone,20,0,0,0,7,1,70,High Risk,2025-04
TXN2697,2025-03-07,CUST0055,AGT0121,Dar,BuyAirtime,"39,075 ","119,099 ",0 ,USSD,1,0,0,0,10,1,100,High Risk,2025-03
TXN2698,2025-10-17,CUST0320,AGT0160,Dodoma,Withdraw,"256,862 ","826,747 ",0 ,Smartphone,3,0,0,1,6,1,80,High Risk,2025-10
TXN2699,2025-03-27,CUST0292,AGT0020,Dar,Deposit,"221,266 ","506,361 ",0 ,Feature Phone,23,0,0,1,8,1,100,High Risk,2025-03
TXN2700,2025-02-20,CUST0223,AGT0032,Mbeya,Deposit,"50,226 ","264,375 ",0 ,Feature Phone,6,0,0,0,7,1,70,High Risk,2025-02
TXN2701,2025-02-08,CUST0223,AGT0157,Arusha,Receive,"292,904 ","394,906 ","59,214 ",Feature Phone,5,0,0,1,8,1,100,High Risk,2025-02
TXN2702,2025-06-29,CUST0410,AGT0053,Arusha,PayBill,"480,995 ","110,279 ",0 ,Smartphone,7,0,0,1,3,1,50,Medium Risk,2025-06
TXN2703,2025-08-07,CUST0450,AGT0126,Dar,PayBill,"418,005 ","334,686 ",0 ,Feature Phone,5,0,0,1,5,1,70,High Risk,2025-08
TXN2704,2025-05-13,CUST0422,AGT0151,Dar,Withdraw,"144,183 ","267,330 ",0 ,Web,7,0,0,0,7,1,70,High Risk,2025-05
TXN2705,2025-12-04,CUST0300,AGT0099,Arusha,Receive,"129,655 ","830,233 ","432,758 ",Web,11,0,0,0,2,0,20,Low Risk,2025-12
TXN2706,2025-08-06,CUST0043,AGT0155,Mwanza,Deposit,"496,007 ","869,777 ",0 ,Feature Phone,18,0,0,1,3,1,50,Medium Risk,2025-08
TXN2707,2025-11-16,CUST0047,AGT0035,Mbeya,Receive,"292,183 ","76,754 ","346,204 ",Web,16,0,0,1,3,1,50,Medium Risk,2025-11
TXN2708,2025-08-11,CUST0245,AGT0010,Mbeya,PayBill,"9,308 ","730,080 ",0 ,Web,22,0,0,0,4,1,40,Medium Risk,2025-08
TXN2709,2025-11-12,CUST0494,AGT0195,Mwanza,Withdraw,"365,658 ","653,017 ",0 ,Web,9,0,0,1,5,1,70,High Risk,2025-11
TXN2710,2025-09-27,CUST0407,AGT0078,Mbeya,BuyAirtime,"449,787 ","292,926 ",0 ,Smartphone,4,0,0,1,4,1,60,Medium Risk,2025-09
TXN2711,2025-03-17,CUST0277,AGT0167,Mbeya,Receive,"444,701 ","73,095 ","126,594 ",Web,17,0,0,1,13,1,150,High Risk,2025-03
TXN2712,2025-10-17,CUST0434,AGT0044,Dodoma,PayBill,"262,612 ","664,448 ",0 ,Smartphone,21,0,0,1,3,1,50,Medium Risk,2025-10
TXN2713,2025-03-14,CUST0217,AGT0126,Mbeya,Send,"378,073 ","648,025 ",0 ,Feature Phone,7,0,0,1,11,1,130,High Risk,2025-03
TXN2714,2025-05-01,CUST0479,AGT0176,Dodoma,Withdraw,"237,470 ","618,082 ",0 ,USSD,0,0,0,1,8,1,100,High Risk,2025-05
TXN2715,2025-07-14,CUST0494,AGT0143,Mwanza,Send,"135,687 ","748,686 ",0 ,Web,11,0,0,0,9,1,90,High Risk,2025-07
TXN2716,2025-12-08,CUST0227,AGT0089,Dar,BuyAirtime,"437,095 ","125,685 ",0 ,Web,14,0,0,1,1,0,30,Low Risk,2025-12
TXN2717,2025-02-11,CUST0317,AGT0030,Mbeya,Receive,"448,271 ","445,876 ","29,374 ",Smartphone,3,0,0,1,15,1,170,High Risk,2025-02
TXN2718,2025-06-29,CUST0255,AGT0186,Dodoma,BuyAirtime,"361,119 ","780,267 ",0 ,Feature Phone,20,0,0,1,3,1,50,Medium Risk,2025-06
TXN2719,2025-08-30,CUST0338,AGT0189,Dar,PayBill,"26,355 ","561,538 ",0 ,Smartphone,4,0,0,0,4,1,40,Medium Risk,2025-08
TXN2720,2025-02-16,CUST0335,AGT0128,Dodoma,BuyAirtime,"162,258 ","319,048 ",0 ,Web,16,0,0,0,16,1,160,High Risk,2025-02
TXN2721,2025-11-04,CUST0247,AGT0065,Dodoma,Send,"69,099 ","923,003 ",0 ,Smartphone,17,1,0,0,5,1,100,High Risk,2025-11
TXN2722,2025-09-27,CUST0471,AGT0053,Arusha,PayBill,"495,243 ","172,542 ",0 ,Web,13,0,0,1,4,1,60,Medium Risk,2025-09
TXN2723,2025-12-11,CUST0347,AGT0122,Dar,PayBill,"253,115 ","787,176 ",0 ,Web,3,0,0,1,1,0,30,Low Risk,2025-12
TXN2724,2025-05-01,CUST0394,AGT0095,Dodoma,BuyAirtime,"419,189 ","257,877 ",0 ,Feature Phone,3,0,0,1,5,1,70,High Risk,2025-05
TXN2725,2025-11-02,CUST0480,AGT0167,Mwanza,Withdraw,"101,446 ","495,966 ",0 ,USSD,7,0,0,0,3,1,30,Low Risk,2025-11
TXN2726,2025-02-11,CUST0383,AGT0011,Arusha,Deposit,"102,579 ","805,782 ",0 ,USSD,21,0,0,0,7,1,70,High Risk,2025-02
TXN2727,2025-02-07,CUST0019,AGT0112,Mbeya,Deposit,"308,062 ","309,727 ",0 ,Feature Phone,23,0,0,1,6,1,80,High Risk,2025-02
TXN2728,2025-12-08,CUST0011,AGT0088,Arusha,BuyAirtime,"359,820 ","418,309 ",0 ,Web,12,0,0,1,1,0,30,Low Risk,2025-12
TXN2729,2025-04-24,CUST0329,AGT0143,Dodoma,Deposit,"226,391 ","516,044 ",0 ,USSD,5,0,0,1,10,1,120,High Risk,2025-04
TXN2730,2025-03-20,CUST0198,AGT0060,Dodoma,Send,"384,111 ","861,603 ",0 ,Web,9,0,0,1,5,1,70,High Risk,2025-03
TXN2731,2025-10-24,CUST0365,AGT0170,Dodoma,Withdraw,"390,045 ","67,016 ",0 ,Feature Phone,22,0,0,1,4,1,60,Medium Risk,2025-10
TXN2732,2025-05-13,CUST0439,AGT0134,Mwanza,Send,"457,054 ","316,660 ",0 ,Web,7,0,0,1,9,1,110,High Risk,2025-05
TXN2733,2025-02-17,CUST0167,AGT0111,Mbeya,PayBill,"89,105 ","377,600 ",0 ,Smartphone,9,0,0,0,12,1,120,High Risk,2025-02
TXN2734,2025-08-17,CUST0381,AGT0106,Mbeya,PayBill,"267,380 ","259,825 ",0 ,Feature Phone,3,0,0,1,6,1,80,High Risk,2025-08
TXN2735,2025-05-18,CUST0176,AGT0144,Mbeya,Withdraw,"304,264 ","713,649 ",0 ,Smartphone,14,0,0,1,7,1,90,High Risk,2025-05
TXN2736,2025-11-15,CUST0430,AGT0043,Arusha,Send,"164,400 ","957,968 ",0 ,USSD,16,0,0,0,1,0,10,Low Risk,2025-11
TXN2737,2025-03-31,CUST0372,AGT0049,Dodoma,Send,"212,217 ","898,370 ",0 ,Feature Phone,21,0,0,1,10,1,120,High Risk,2025-03
TXN2738,2025-07-21,CUST0285,AGT0005,Arusha,PayBill,"308,149 ","188,380 ",0 ,Feature Phone,21,0,0,1,5,1,70,High Risk,2025-07
TXN2739,2025-03-13,CUST0498,AGT0176,Dodoma,Deposit,"227,012 ","799,181 ",0 ,Feature Phone,6,0,0,1,14,1,160,High Risk,2025-03
TXN2740,2025-07-13,CUST0043,AGT0109,Mbeya,PayBill,"448,887 ","428,816 ",0 ,Feature Phone,0,0,0,1,5,1,70,High Risk,2025-07
TXN2741,2025-10-18,CUST0499,AGT0110,Mbeya,PayBill,"119,362 ","373,238 ",0 ,Feature Phone,5,0,0,0,4,1,40,Medium Risk,2025-10
TXN2742,2025-10-24,CUST0122,AGT0064,Mwanza,Deposit,"319,697 ","954,369 ",0 ,USSD,6,0,0,1,3,1,50,Medium Risk,2025-10
TXN2743,2025-08-12,CUST0426,AGT0023,Arusha,Withdraw,"122,833 ","16,229 ",0 ,USSD,3,0,0,0,2,0,20,Low Risk,2025-08
TXN2744,2025-08-07,CUST0364,AGT0175,Dar,Send,"212,668 ","307,107 ",0 ,Smartphone,15,0,0,1,4,1,60,Medium Risk,2025-08
TXN2745,2025-06-24,CUST0424,AGT0119,Dodoma,BuyAirtime,"376,534 ","759,386 ",0 ,Smartphone,12,0,0,1,7,1,90,High Risk,2025-06
TXN2746,2025-11-08,CUST0291,AGT0067,Arusha,Send,"125,637 ","640,083 ",0 ,Web,0,0,0,0,1,0,10,Low Risk,2025-11
TXN2747,2025-06-10,CUST0228,AGT0015,Mbeya,Receive,"427,290 ","751,195 ","205,638 ",Smartphone,10,0,0,1,9,1,110,High Risk,2025-06
TXN2748,2025-05-16,CUST0372,AGT0101,Mbeya,Send,"233,221 ","497,518 ",0 ,USSD,15,0,0,1,8,1,100,High Risk,2025-05
TXN2749,2025-11-10,CUST0021,AGT0167,Dodoma,PayBill,"22,474 ","663,795 ",0 ,Web,6,0,0,0,2,0,20,Low Risk,2025-11
TXN2750,2025-10-01,CUST0357,AGT0150,Dar,Receive,"280,894 ","811,173 ","437,121 ",Feature Phone,14,0,0,1,6,1,80,High Risk,2025-10
TXN2751,2025-03-14,CUST0475,AGT0186,Arusha,Send,"234,533 ","613,157 ",0 ,Smartphone,6,0,0,1,8,1,100,High Risk,2025-03
TXN2752,2025-11-25,CUST0163,AGT0095,Mwanza,BuyAirtime,"477,258 ","118,179 ",0 ,Smartphone,11,0,0,1,4,1,60,Medium Risk,2025-11
TXN2753,2025-12-18,CUST0153,AGT0172,Dar,BuyAirtime,"73,478 ","783,704 ",0 ,USSD,3,0,0,0,1,0,10,Low Risk,2025-12
TXN2754,2025-09-12,CUST0467,AGT0151,Mbeya,PayBill,"388,457 ","426,657 ",0 ,Web,10,0,0,1,9,1,110,High Risk,2025-09
TXN2755,2025-01-28,CUST0263,AGT0097,Dar,Receive,"317,802 ","644,838 ","211,324 ",Feature Phone,16,0,0,1,14,1,160,High Risk,2025-01
TXN2756,2025-09-29,CUST0132,AGT0031,Mwanza,Withdraw,"264,611 ","766,227 ",0 ,Feature Phone,6,0,0,1,5,1,70,High Risk,2025-09
TXN2757,2025-06-22,CUST0065,AGT0051,Dar,Send,"284,376 ","134,770 ",0 ,Web,6,0,0,1,11,1,130,High Risk,2025-06
TXN2758,2025-11-05,CUST0107,AGT0164,Dodoma,Send,"259,452 ","153,757 ",0 ,USSD,3,0,0,1,2,0,40,Medium Risk,2025-11
TXN2759,2025-07-06,CUST0129,AGT0102,Dar,Withdraw,"337,635 ","698,120 ",0 ,Feature Phone,0,0,0,1,8,1,100,High Risk,2025-07
TXN2760,2025-04-01,CUST0163,AGT0066,Dar,Deposit,"282,477 ","885,480 ",0 ,USSD,5,0,0,1,10,1,120,High Risk,2025-04
TXN2761,2025-01-20,CUST0479,AGT0014,Dar,BuyAirtime,"115,612 ","649,967 ",0 ,USSD,4,0,0,0,11,1,110,High Risk,2025-01
TXN2762,2025-04-28,CUST0092,AGT0133,Dodoma,Receive,"276,511 ","538,303 ","257,926 ",Web,23,0,0,1,8,1,100,High Risk,2025-04
TXN2763,2025-11-03,CUST0005,AGT0076,Dodoma,PayBill,"128,804 ","134,561 ",0 ,Feature Phone,17,0,0,0,3,1,30,Low Risk,2025-11
TXN2764,2025-02-02,CUST0063,AGT0002,Arusha,Send,"473,117 ","729,919 ",0 ,Feature Phone,11,0,0,1,15,1,170,High Risk,2025-02
TXN2765,2025-06-13,CUST0063,AGT0103,Dodoma,Send,"272,821 ","243,675 ",0 ,Feature Phone,20,0,0,1,7,1,90,High Risk,2025-06
TXN2766,2025-07-08,CUST0032,AGT0024,Arusha,BuyAirtime,"183,144 ","712,595 ",0 ,Smartphone,7,0,0,0,7,1,70,High Risk,2025-07
TXN2767,2025-08-28,CUST0050,AGT0144,Dar,BuyAirtime,"284,233 ","510,136 ",0 ,Smartphone,3,0,0,1,3,1,50,Medium Risk,2025-08
TXN2768,2025-09-03,CUST0389,AGT0061,Mwanza,Deposit,"222,317 ","904,198 ",0 ,Smartphone,14,0,0,1,9,1,110,High Risk,2025-09
TXN2769,2025-08-01,CUST0089,AGT0098,Dodoma,Receive,"261,881 ","595,013 ","346,418 ",Web,20,0,0,1,4,1,60,Medium Risk,2025-08
TXN2770,2025-05-27,CUST0274,AGT0146,Mbeya,Withdraw,"133,609 ","421,640 ",0 ,USSD,15,0,0,0,7,1,70,High Risk,2025-05
TXN2771,2025-01-06,CUST0021,AGT0156,Arusha,Withdraw,"177,573 ","762,734 ",0 ,Smartphone,5,0,0,0,13,1,130,High Risk,2025-01
TXN2772,2025-09-16,CUST0135,AGT0172,Mwanza,Withdraw,"301,666 ","728,002 ",0 ,USSD,15,0,0,1,2,0,40,Medium Risk,2025-09
TXN2773,2025-10-29,CUST0241,AGT0016,Mwanza,Deposit,"190,233 ","212,810 ",0 ,Smartphone,3,0,0,0,2,0,20,Low Risk,2025-10
TXN2774,2025-10-14,CUST0425,AGT0049,Arusha,Send,"361,358 ","176,724 ",0 ,Web,9,0,0,1,3,1,50,Medium Risk,2025-10
TXN2775,2025-12-13,CUST0185,AGT0038,Dar,Deposit,"499,078 ","25,848 ",0 ,Feature Phone,8,0,0,1,1,0,30,Low Risk,2025-12
TXN2776,2025-12-31,CUST0130,AGT0115,Dodoma,PayBill,"336,720 ","211,529 ",0 ,USSD,18,0,0,1,1,0,30,Low Risk,2025-12
TXN2777,2025-03-11,CUST0093,AGT0102,Dodoma,Receive,"126,279 ","944,919 ","326,640 ",Feature Phone,2,0,0,0,8,1,80,High Risk,2025-03
TXN2778,2025-03-19,CUST0442,AGT0074,Dar,BuyAirtime,"389,332 ","942,633 ",0 ,Smartphone,23,0,0,1,9,1,110,High Risk,2025-03
TXN2779,2025-11-10,CUST0189,AGT0166,Dodoma,Withdraw,"360,782 ","902,726 ",0 ,Web,20,0,0,1,4,1,60,Medium Risk,2025-11
TXN2780,2025-04-14,CUST0131,AGT0090,Dodoma,Withdraw,"107,286 ","905,811 ",0 ,Web,17,0,0,0,9,1,90,High Risk,2025-04
TXN2781,2025-10-24,CUST0128,AGT0110,Mbeya,Receive,"20,457 ","881,846 ","309,324 ",Feature Phone,17,0,0,0,6,1,60,Medium Risk,2025-10
TXN2782,2025-06-24,CUST0185,AGT0162,Dodoma,Send,"380,922 ","659,248 ",0 ,Web,16,0,0,1,8,1,100,High Risk,2025-06
TXN2783,2025-11-05,CUST0258,AGT0169,Dar,PayBill,"499,661 ","60,662 ",0 ,Smartphone,4,0,0,1,1,0,30,Low Risk,2025-11
TXN2784,2025-01-03,CUST0435,AGT0006,Mwanza,Send,"198,469 ","745,478 ",0 ,Smartphone,12,0,0,0,12,1,120,High Risk,2025-01
TXN2785,2025-02-17,CUST0049,AGT0117,Arusha,PayBill,"329,917 ","556,662 ",0 ,USSD,21,0,0,1,10,1,120,High Risk,2025-02
TXN2786,2025-08-27,CUST0048,AGT0016,Dar,Receive,"408,654 ","359,999 ","25,614 ",Smartphone,9,0,0,1,6,1,80,High Risk,2025-08
TXN2787,2025-11-15,CUST0041,AGT0006,Mwanza,Receive,"427,161 ","958,914 ","214,793 ",Smartphone,19,0,0,1,3,1,50,Medium Risk,2025-11
TXN2788,2025-12-11,CUST0320,AGT0035,Arusha,Send,"282,831 ","238,529 ",0 ,Web,23,0,0,1,3,1,50,Medium Risk,2025-12
TXN2789,2025-08-02,CUST0089,AGT0114,Dar,Deposit,"308,156 ","761,288 ",0 ,USSD,14,0,0,1,3,1,50,Medium Risk,2025-08
TXN2790,2025-03-03,CUST0252,AGT0027,Arusha,Withdraw,"349,819 ","588,743 ",0 ,USSD,11,0,0,1,6,1,80,High Risk,2025-03
TXN2791,2025-09-25,CUST0126,AGT0024,Dar,BuyAirtime,"195,153 ","467,360 ",0 ,Feature Phone,9,0,0,0,1,0,10,Low Risk,2025-09
TXN2792,2025-02-04,CUST0173,AGT0083,Mbeya,Deposit,"153,192 ","641,713 ",0 ,Feature Phone,3,0,0,0,9,1,90,High Risk,2025-02
TXN2793,2025-03-07,CUST0357,AGT0163,Arusha,Send,"176,589 ","562,277 ",0 ,Web,8,0,0,0,12,1,120,High Risk,2025-03
TXN2794,2025-01-15,CUST0012,AGT0181,Arusha,Deposit,"460,237 ","541,704 ",0 ,Web,2,0,0,1,14,1,160,High Risk,2025-01
TXN2795,2025-06-21,CUST0188,AGT0085,Dar,Receive,"262,199 ","169,926 ","146,639 ",Feature Phone,10,0,0,1,4,1,60,Medium Risk,2025-06
TXN2796,2025-12-03,CUST0332,AGT0085,Dodoma,BuyAirtime,"457,726 ","426,800 ",0 ,Smartphone,18,0,0,1,2,0,40,Medium Risk,2025-12
TXN2797,2025-10-21,CUST0028,AGT0177,Mbeya,Withdraw,"380,719 ","295,765 ",0 ,Smartphone,8,0,0,1,3,1,50,Medium Risk,2025-10
TXN2798,2025-02-13,CUST0178,AGT0064,Dodoma,Send,"119,387 ","209,004 ",0 ,Feature Phone,10,0,0,0,6,1,60,Medium Risk,2025-02
TXN2799,2025-07-20,CUST0217,AGT0043,Arusha,Receive,"463,632 ","681,980 ","247,018 ",USSD,20,0,0,1,7,1,90,High Risk,2025-07
TXN2800,2025-11-18,CUST0228,AGT0193,Arusha,Receive,"86,626 ","462,457 ","155,659 ",USSD,14,0,0,0,2,0,20,Low Risk,2025-11
TXN2801,2025-09-08,CUST0437,AGT0154,Arusha,Send,"198,785 ","669,887 ",0 ,Feature Phone,9,0,0,0,4,1,40,Medium Risk,2025-09
TXN2802,2025-05-27,CUST0312,AGT0107,Dodoma,Send,"105,760 ","835,301 ",0 ,Feature Phone,6,0,0,0,6,1,60,Medium Risk,2025-05
TXN2803,2025-01-02,CUST0230,AGT0173,Mwanza,Deposit,"221,654 ","144,227 ",0 ,Smartphone,2,0,0,1,9,1,110,High Risk,2025-01
TXN2804,2025-02-25,CUST0404,AGT0122,Arusha,BuyAirtime,"16,214 ","835,556 ",0 ,USSD,4,0,0,0,6,1,60,Medium Risk,2025-02
TXN2805,2025-10-23,CUST0018,AGT0164,Mwanza,Deposit,"201,110 ","608,789 ",0 ,Web,17,0,0,1,5,1,70,High Risk,2025-10
TXN2806,2025-06-05,CUST0021,AGT0058,Dar,Deposit,"146,695 ","31,522 ",0 ,USSD,7,0,0,0,7,1,70,High Risk,2025-06
TXN2807,2025-01-17,CUST0182,AGT0026,Dar,BuyAirtime,"470,198 ","390,799 ",0 ,Web,15,0,0,1,14,1,160,High Risk,2025-01
TXN2808,2025-01-17,CUST0306,AGT0015,Mwanza,PayBill,"299,073 ","673,655 ",0 ,Web,13,0,0,1,12,1,140,High Risk,2025-01
TXN2809,2025-04-26,CUST0222,AGT0011,Mwanza,Withdraw,"414,771 ","708,841 ",0 ,Web,8,0,0,1,10,1,120,High Risk,2025-04
TXN2810,2025-05-01,CUST0358,AGT0144,Dar,Send,"290,000 ","96,455 ",0 ,Web,3,0,0,1,8,1,100,High Risk,2025-05
TXN2811,2025-05-31,CUST0412,AGT0181,Dar,Deposit,"408,811 ","787,410 ",0 ,Feature Phone,3,0,0,1,6,1,80,High Risk,2025-05
TXN2812,2025-02-14,CUST0127,AGT0192,Mwanza,Withdraw,"261,288 ","153,652 ",0 ,Feature Phone,1,0,0,1,7,1,90,High Risk,2025-02
TXN2813,2025-12-21,CUST0042,AGT0008,Dodoma,Send,"174,810 ","628,416 ",0 ,USSD,1,0,0,0,2,0,20,Low Risk,2025-12
TXN2814,2025-03-20,CUST0228,AGT0199,Dodoma,Send,"143,753 ","730,881 ",0 ,Smartphone,3,0,0,0,12,1,120,High Risk,2025-03
TXN2815,2025-05-16,CUST0087,AGT0093,Dar,PayBill,"100,060 ","525,353 ",0 ,USSD,1,0,0,0,6,1,60,Medium Risk,2025-05
TXN2816,2025-05-13,CUST0008,AGT0031,Dar,BuyAirtime,"227,298 ","170,524 ",0 ,Feature Phone,11,0,0,1,9,1,110,High Risk,2025-05
TXN2817,2025-01-01,CUST0333,AGT0129,Dar,Deposit,"242,780 ","303,595 ",0 ,Smartphone,16,0,0,1,12,1,140,High Risk,2025-01
TXN2818,2025-04-19,CUST0429,AGT0010,Dar,BuyAirtime,"360,159 ","272,064 ",0 ,Web,8,0,0,1,8,1,100,High Risk,2025-04
TXN2819,2025-04-24,CUST0331,AGT0149,Mbeya,Withdraw,"455,279 ","974,602 ",0 ,USSD,13,0,0,1,4,1,60,Medium Risk,2025-04
TXN2820,2025-01-16,CUST0386,AGT0164,Mbeya,Withdraw,"251,072 ","520,684 ",0 ,Feature Phone,12,0,0,1,8,1,100,High Risk,2025-01
TXN2821,2025-12-20,CUST0442,AGT0158,Dar,Deposit,"264,938 ","908,688 ",0 ,USSD,15,0,0,1,1,0,30,Low Risk,2025-12
TXN2822,2025-05-19,CUST0488,AGT0061,Mbeya,Receive,"132,797 ","966,850 ","416,036 ",USSD,21,0,0,0,13,1,130,High Risk,2025-05
TXN2823,2025-06-11,CUST0222,AGT0162,Arusha,Deposit,"248,292 ","981,708 ",0 ,Web,12,0,0,1,9,1,110,High Risk,2025-06
TXN2824,2025-08-16,CUST0024,AGT0064,Mwanza,Receive,"333,663 ","15,683 ","7,358 ",Smartphone,3,0,0,1,6,1,80,High Risk,2025-08
TXN2825,2025-09-20,CUST0325,AGT0154,Mwanza,BuyAirtime,"48,720 ","168,583 ",0 ,Feature Phone,17,0,0,0,5,1,50,Medium Risk,2025-09
TXN2826,2025-07-29,CUST0136,AGT0048,Mbeya,Send,"53,932 ","870,012 ",0 ,USSD,16,0,0,0,6,1,60,Medium Risk,2025-07
TXN2827,2025-04-20,CUST0272,AGT0122,Dodoma,Send,"158,071 ","645,429 ",0 ,Web,19,0,0,0,7,1,70,High Risk,2025-04
TXN2828,2025-07-09,CUST0352,AGT0027,Mwanza,Receive,"220,885 ","855,647 ","368,187 ",Web,1,0,0,1,6,1,80,High Risk,2025-07
TXN2829,2025-01-04,CUST0308,AGT0070,Arusha,BuyAirtime,"398,449 ","850,130 ",0 ,Feature Phone,7,0,0,1,13,1,150,High Risk,2025-01
TXN2830,2025-07-31,CUST0027,AGT0175,Mbeya,BuyAirtime,"197,819 ","841,966 ",0 ,Web,8,0,0,0,5,1,50,Medium Risk,2025-07
TXN2831,2025-06-01,CUST0307,AGT0105,Mbeya,Receive,"330,045 ","285,332 ","448,463 ",Web,22,0,0,1,5,1,70,High Risk,2025-06
TXN2832,2025-11-03,CUST0030,AGT0124,Arusha,Withdraw,"140,671 ","235,301 ",0 ,Smartphone,23,0,0,0,1,0,10,Low Risk,2025-11
TXN2833,2025-12-10,CUST0471,AGT0005,Mwanza,PayBill,"189,246 ","868,074 ",0 ,USSD,23,0,0,0,1,0,10,Low Risk,2025-12
TXN2834,2025-10-24,CUST0164,AGT0066,Arusha,PayBill,"172,532 ","918,064 ",0 ,Web,11,0,0,0,1,0,10,Low Risk,2025-10
TXN2835,2025-05-23,CUST0005,AGT0153,Arusha,BuyAirtime,"377,352 ","96,016 ",0 ,Smartphone,15,0,0,1,9,1,110,High Risk,2025-05
TXN2836,2025-06-12,CUST0411,AGT0063,Mwanza,Receive,"108,840 ","352,375 ","473,347 ",Smartphone,18,0,0,0,9,1,90,High Risk,2025-06
TXN2837,2025-06-19,CUST0156,AGT0125,Dar,Receive,"262,276 ","757,998 ","106,076 ",USSD,19,0,0,1,5,1,70,High Risk,2025-06
TXN2838,2025-05-15,CUST0398,AGT0004,Mbeya,PayBill,"10,380 ","548,155 ",0 ,Web,9,0,0,0,6,1,60,Medium Risk,2025-05
TXN2839,2025-07-21,CUST0236,AGT0165,Dodoma,Receive,"379,355 ","373,155 ","466,459 ",Web,1,0,0,1,9,1,110,High Risk,2025-07
TXN2840,2025-08-27,CUST0218,AGT0184,Arusha,Withdraw,"311,909 ","745,200 ",0 ,Web,21,0,0,1,5,1,70,High Risk,2025-08
TXN2841,2025-09-14,CUST0207,AGT0120,Mbeya,Send,"246,447 ","230,721 ",0 ,Web,9,0,0,1,4,1,60,Medium Risk,2025-09
TXN2842,2025-05-15,CUST0244,AGT0165,Mbeya,Send,"226,863 ","689,635 ",0 ,Feature Phone,5,0,0,1,7,1,90,High Risk,2025-05
TXN2843,2025-06-07,CUST0305,AGT0186,Dar,Send,"193,317 ","510,417 ",0 ,Web,14,0,0,0,8,1,80,High Risk,2025-06
TXN2844,2025-08-07,CUST0483,AGT0009,Dodoma,Withdraw,"183,644 ","683,645 ",0 ,USSD,13,0,0,0,5,1,50,Medium Risk,2025-08
TXN2845,2025-04-16,CUST0052,AGT0043,Dar,PayBill,"398,164 ","7,322 ",0 ,USSD,5,0,0,1,8,1,100,High Risk,2025-04
TXN2846,2025-02-24,CUST0209,AGT0044,Mwanza,Receive,"81,071 ","995,366 ","156,851 ",Feature Phone,17,0,0,0,12,1,120,High Risk,2025-02
TXN2847,2025-08-17,CUST0500,AGT0166,Mwanza,PayBill,"139,962 ","702,753 ",0 ,Web,9,0,0,0,4,1,40,Medium Risk,2025-08
TXN2848,2025-11-19,CUST0240,AGT0195,Mbeya,Deposit,"264,272 ","271,956 ",0 ,Feature Phone,15,0,0,1,2,0,40,Medium Risk,2025-11
TXN2849,2025-06-05,CUST0142,AGT0079,Dar,Receive,"96,517 ","352,412 ","297,783 ",USSD,23,0,0,0,6,1,60,Medium Risk,2025-06
TXN2850,2025-08-18,CUST0164,AGT0157,Mwanza,PayBill,"156,181 ","364,414 ",0 ,Smartphone,4,0,0,0,7,1,70,High Risk,2025-08
TXN2851,2025-08-07,CUST0304,AGT0185,Dar,BuyAirtime,"19,704 ","703,592 ",0 ,USSD,8,0,0,0,6,1,60,Medium Risk,2025-08
TXN2852,2025-08-14,CUST0463,AGT0080,Arusha,BuyAirtime,"186,484 ","167,611 ",0 ,Smartphone,18,0,0,0,5,1,50,Medium Risk,2025-08
TXN2853,2025-02-10,CUST0074,AGT0111,Dar,Deposit,"455,506 ","149,761 ",0 ,USSD,23,0,0,1,10,1,120,High Risk,2025-02
TXN2854,2025-10-14,CUST0262,AGT0146,Mbeya,BuyAirtime,"167,551 ","453,856 ",0 ,Web,7,1,0,0,3,1,80,High Risk,2025-10
TXN2855,2025-05-06,CUST0063,AGT0154,Dodoma,PayBill,"428,857 ","569,253 ",0 ,USSD,17,0,0,1,10,1,120,High Risk,2025-05
TXN2856,2025-07-13,CUST0008,AGT0060,Dar,BuyAirtime,"69,758 ","162,759 ",0 ,Web,7,0,0,0,7,1,70,High Risk,2025-07
TXN2857,2025-01-06,CUST0004,AGT0024,Mwanza,PayBill,"189,077 ","256,602 ",0 ,USSD,19,0,0,0,10,1,100,High Risk,2025-01
TXN2858,2025-08-31,CUST0261,AGT0194,Mbeya,Deposit,"333,218 ","801,366 ",0 ,USSD,8,0,0,1,4,1,60,Medium Risk,2025-08
TXN2859,2025-09-22,CUST0417,AGT0172,Mwanza,BuyAirtime,"189,541 ","655,337 ",0 ,USSD,6,1,0,0,6,1,110,High Risk,2025-09
TXN2860,2025-04-19,CUST0096,AGT0157,Mbeya,Deposit,"25,206 ","511,785 ",0 ,Smartphone,1,0,0,0,10,1,100,High Risk,2025-04
TXN2861,2025-06-11,CUST0009,AGT0100,Dodoma,BuyAirtime,"202,308 ","156,668 ",0 ,USSD,18,0,0,1,7,1,90,High Risk,2025-06
TXN2862,2025-10-23,CUST0367,AGT0096,Mwanza,Deposit,"367,061 ","276,087 ",0 ,USSD,20,0,0,1,2,0,40,Medium Risk,2025-10
TXN2863,2025-06-20,CUST0326,AGT0120,Dar,BuyAirtime,"39,388 ","292,801 ",0 ,Feature Phone,21,0,0,0,4,1,40,Medium Risk,2025-06
TXN2864,2025-08-19,CUST0488,AGT0188,Mbeya,Withdraw,"33,051 ","279,065 ",0 ,USSD,7,0,0,0,9,1,90,High Risk,2025-08
TXN2865,2025-11-02,CUST0312,AGT0024,Dodoma,Deposit,"24,075 ","60,784 ",0 ,USSD,9,0,0,0,1,0,10,Low Risk,2025-11
TXN2866,2025-04-03,CUST0460,AGT0190,Arusha,Withdraw,"123,971 ","764,243 ",0 ,Feature Phone,15,0,0,0,9,1,90,High Risk,2025-04
TXN2867,2025-04-11,CUST0310,AGT0004,Mbeya,Withdraw,"478,297 ","25,147 ",0 ,Smartphone,3,0,0,1,6,1,80,High Risk,2025-04
TXN2868,2025-06-05,CUST0353,AGT0002,Mbeya,Receive,"379,727 ","723,265 ","311,592 ",Feature Phone,5,0,0,1,5,1,70,High Risk,2025-06
TXN2869,2025-05-08,CUST0344,AGT0112,Mbeya,BuyAirtime,"7,486 ","605,313 ",0 ,Feature Phone,8,0,0,0,3,1,30,Low Risk,2025-05
TXN2870,2025-11-17,CUST0223,AGT0153,Dodoma,BuyAirtime,"97,397 ","26,461 ",0 ,USSD,15,0,0,0,3,1,30,Low Risk,2025-11
TXN2871,2025-05-16,CUST0450,AGT0150,Arusha,Send,"261,302 ","217,068 ",0 ,USSD,7,0,0,1,7,1,90,High Risk,2025-05
TXN2872,2025-07-01,CUST0223,AGT0140,Dar,Withdraw,"345,367 ","29,908 ",0 ,Web,5,0,0,1,5,1,70,High Risk,2025-07
TXN2873,2025-10-14,CUST0451,AGT0100,Dar,BuyAirtime,"362,114 ","813,765 ",0 ,Feature Phone,1,0,0,1,2,0,40,Medium Risk,2025-10
TXN2874,2025-11-26,CUST0356,AGT0012,Mbeya,Receive,"112,381 ","113,803 ","33,156 ",Smartphone,14,0,0,0,2,0,20,Low Risk,2025-11
TXN2875,2025-02-09,CUST0355,AGT0157,Dodoma,Send,"469,301 ","269,871 ",0 ,Smartphone,9,0,0,1,3,1,50,Medium Risk,2025-02
TXN2876,2025-10-09,CUST0357,AGT0112,Mbeya,BuyAirtime,"85,195 ","547,896 ",0 ,Web,0,0,0,0,5,1,50,Medium Risk,2025-10
TXN2877,2025-03-28,CUST0180,AGT0097,Mwanza,Withdraw,"325,640 ","68,764 ",0 ,Feature Phone,8,0,0,1,9,1,110,High Risk,2025-03
TXN2878,2025-02-25,CUST0038,AGT0057,Mwanza,Send,"242,879 ","55,625 ",0 ,Web,12,0,0,1,8,1,100,High Risk,2025-02
TXN2879,2025-11-14,CUST0496,AGT0145,Dar,PayBill,"256,321 ","558,375 ",0 ,Feature Phone,11,0,0,1,1,0,30,Low Risk,2025-11
TXN2880,2025-01-23,CUST0143,AGT0199,Arusha,Deposit,"474,231 ","263,815 ",0 ,USSD,19,0,0,1,10,1,120,High Risk,2025-01
TXN2881,2025-02-05,CUST0393,AGT0130,Arusha,Withdraw,"379,421 ","678,915 ",0 ,USSD,3,0,0,1,7,1,90,High Risk,2025-02
TXN2882,2025-12-18,CUST0188,AGT0064,Dar,Withdraw,"105,643 ","634,685 ",0 ,USSD,20,0,0,0,1,0,10,Low Risk,2025-12
TXN2883,2025-07-27,CUST0114,AGT0049,Mbeya,Withdraw,"198,713 ","190,587 ",0 ,USSD,10,0,0,0,6,1,60,Medium Risk,2025-07
TXN2884,2025-03-22,CUST0491,AGT0170,Arusha,Deposit,"152,314 ","374,043 ",0 ,Feature Phone,21,0,0,0,5,1,50,Medium Risk,2025-03
TXN2885,2025-04-04,CUST0308,AGT0132,Dar,Send,"208,471 ","776,602 ",0 ,USSD,16,0,0,1,11,1,130,High Risk,2025-04
TXN2886,2025-08-30,CUST0056,AGT0083,Dar,Receive,"42,660 ","526,429 ","390,788 ",Web,1,0,0,0,4,1,40,Medium Risk,2025-08
TXN2887,2025-10-08,CUST0095,AGT0129,Dar,Withdraw,"163,348 ","125,345 ",0 ,Feature Phone,15,0,0,0,6,1,60,Medium Risk,2025-10
TXN2888,2025-03-07,CUST0139,AGT0167,Dodoma,Withdraw,"123,591 ","805,672 ",0 ,Smartphone,23,0,0,0,10,1,100,High Risk,2025-03
TXN2889,2025-10-17,CUST0203,AGT0022,Mbeya,Withdraw,"154,284 ","67,842 ",0 ,USSD,16,0,0,0,2,0,20,Low Risk,2025-10
TXN2890,2025-03-05,CUST0460,AGT0054,Dodoma,Withdraw,"51,732 ","51,021 ",0 ,Feature Phone,0,0,0,0,10,1,100,High Risk,2025-03
TXN2891,2025-02-11,CUST0330,AGT0033,Mbeya,BuyAirtime,"128,028 ","84,008 ",0 ,Web,5,0,0,0,14,1,140,High Risk,2025-02
TXN2892,2025-08-09,CUST0051,AGT0022,Mbeya,Receive,"188,106 ","55,580 ","387,801 ",USSD,5,0,0,0,7,1,70,High Risk,2025-08
TXN2893,2025-12-29,CUST0138,AGT0024,Mwanza,Send,"482,273 ","427,704 ",0 ,Feature Phone,0,0,0,1,1,0,30,Low Risk,2025-12
TXN2894,2025-03-22,CUST0411,AGT0044,Dodoma,PayBill,"374,925 ","686,745 ",0 ,Feature Phone,1,0,0,1,12,1,140,High Risk,2025-03
TXN2895,2025-10-19,CUST0388,AGT0129,Mbeya,Withdraw,"407,450 ","264,019 ",0 ,Smartphone,15,0,0,1,2,0,40,Medium Risk,2025-10
TXN2896,2025-03-05,CUST0436,AGT0127,Arusha,Send,"415,467 ","451,491 ",0 ,USSD,11,0,0,1,11,1,130,High Risk,2025-03
TXN2897,2025-03-01,CUST0350,AGT0088,Mbeya,Withdraw,"122,633 ","887,271 ",0 ,Smartphone,2,0,0,0,12,1,120,High Risk,2025-03
TXN2898,2025-08-28,CUST0427,AGT0161,Mwanza,BuyAirtime,"487,996 ","770,190 ",0 ,Web,2,0,0,1,4,1,60,Medium Risk,2025-08
TXN2899,2025-01-27,CUST0023,AGT0167,Mwanza,Withdraw,"238,544 ","320,526 ",0 ,Web,21,0,0,1,8,1,100,High Risk,2025-01
TXN2900,2025-12-04,CUST0447,AGT0020,Mwanza,Send,"150,889 ","940,159 ",0 ,Web,7,0,0,0,2,0,20,Low Risk,2025-12
TXN2901,2025-04-24,CUST0013,AGT0146,Dodoma,Deposit,"88,000 ","424,692 ",0 ,Smartphone,8,0,0,0,9,1,90,High Risk,2025-04
TXN2902,2025-05-27,CUST0358,AGT0158,Mbeya,PayBill,"278,897 ","973,301 ",0 ,USSD,14,0,0,1,7,1,90,High Risk,2025-05
TXN2903,2025-11-26,CUST0344,AGT0099,Mbeya,PayBill,"366,247 ","329,358 ",0 ,Web,19,0,0,1,1,0,30,Low Risk,2025-11
TXN2904,2025-07-06,CUST0035,AGT0147,Dar,Withdraw,"448,676 ","949,111 ",0 ,Smartphone,2,0,0,1,8,1,100,High Risk,2025-07
TXN2905,2025-03-22,CUST0139,AGT0141,Mwanza,Receive,"366,499 ","482,009 ","139,230 ",Smartphone,10,0,0,1,9,1,110,High Risk,2025-03
TXN2906,2025-07-29,CUST0031,AGT0086,Dar,Withdraw,"346,220 ","781,812 ",0 ,Web,11,0,0,1,6,1,80,High Risk,2025-07
TXN2907,2025-02-19,CUST0390,AGT0134,Mwanza,PayBill,"388,456 ","409,805 ",0 ,USSD,23,0,0,1,8,1,100,High Risk,2025-02
TXN2908,2025-03-05,CUST0432,AGT0013,Arusha,Receive,"189,647 ","27,490 ","256,509 ",Web,7,0,0,0,13,1,130,High Risk,2025-03
TXN2909,2025-03-29,CUST0346,AGT0022,Dar,Withdraw,"17,981 ","606,181 ",0 ,Smartphone,2,0,0,0,12,1,120,High Risk,2025-03
TXN2910,2025-10-27,CUST0159,AGT0132,Arusha,BuyAirtime,"441,934 ","961,686 ",0 ,Web,16,0,0,1,2,0,40,Medium Risk,2025-10
TXN2911,2025-08-11,CUST0042,AGT0040,Dodoma,Receive,"57,356 ","340,110 ","480,678 ",USSD,13,0,0,0,6,1,60,Medium Risk,2025-08
TXN2912,2025-07-26,CUST0425,AGT0131,Mbeya,BuyAirtime,"266,598 ","498,011 ",0 ,Smartphone,4,0,0,1,5,1,70,High Risk,2025-07
TXN2913,2025-02-02,CUST0064,AGT0029,Dodoma,Deposit,"45,239 ","856,610 ",0 ,Feature Phone,2,0,0,0,11,1,110,High Risk,2025-02
TXN2914,2025-03-25,CUST0207,AGT0069,Mwanza,Withdraw,"121,411 ","345,939 ",0 ,Web,19,0,0,0,12,1,120,High Risk,2025-03
TXN2915,2025-05-19,CUST0438,AGT0062,Dar,BuyAirtime,"215,950 ","725,441 ",0 ,USSD,1,0,0,1,6,1,80,High Risk,2025-05
TXN2916,2025-12-10,CUST0229,AGT0007,Mbeya,BuyAirtime,"493,297 ","402,448 ",0 ,Web,18,0,0,1,2,0,40,Medium Risk,2025-12
TXN2917,2025-09-14,CUST0245,AGT0156,Dodoma,Send,"484,896 ","397,283 ",0 ,USSD,17,0,0,1,3,1,50,Medium Risk,2025-09
TXN2918,2025-09-29,CUST0429,AGT0099,Dodoma,Deposit,"140,312 ","81,512 ",0 ,USSD,4,0,0,0,2,0,20,Low Risk,2025-09
TXN2919,2025-06-07,CUST0020,AGT0199,Dar,Send,"344,169 ","502,825 ",0 ,USSD,4,0,0,1,7,1,90,High Risk,2025-06
TXN2920,2025-12-17,CUST0267,AGT0152,Dar,Send,"302,860 ","948,637 ",0 ,Smartphone,12,0,0,1,2,0,40,Medium Risk,2025-12
TXN2921,2025-09-22,CUST0404,AGT0159,Dodoma,PayBill,"409,034 ","782,574 ",0 ,Web,6,0,0,1,2,0,40,Medium Risk,2025-09
TXN2922,2025-03-29,CUST0266,AGT0125,Mbeya,Receive,"488,130 ","888,412 ","103,619 ",Web,12,0,0,1,5,1,70,High Risk,2025-03
TXN2923,2025-02-12,CUST0276,AGT0169,Dodoma,BuyAirtime,"317,784 ","267,530 ",0 ,Feature Phone,9,0,0,1,9,1,110,High Risk,2025-02
TXN2924,2025-01-08,CUST0094,AGT0158,Arusha,Receive,"240,462 ","660,422 ","223,432 ",USSD,5,0,0,1,9,1,110,High Risk,2025-01
TXN2925,2025-01-15,CUST0091,AGT0022,Dodoma,Deposit,"252,153 ","759,450 ",0 ,Web,8,0,0,1,13,1,150,High Risk,2025-01
TXN2926,2025-06-25,CUST0330,AGT0151,Arusha,Withdraw,"471,479 ","498,457 ",0 ,Smartphone,10,0,0,1,8,1,100,High Risk,2025-06
TXN2927,2025-08-14,CUST0119,AGT0194,Dar,Receive,"145,639 ","169,010 ","412,692 ",USSD,11,0,0,0,4,1,40,Medium Risk,2025-08
TXN2928,2025-10-19,CUST0191,AGT0132,Arusha,Withdraw,"400,323 ","401,788 ",0 ,USSD,3,0,0,1,4,1,60,Medium Risk,2025-10
TXN2929,2025-06-27,CUST0189,AGT0198,Dar,Receive,"4,699 ","204,738 ","101,002 ",Feature Phone,19,0,0,0,9,1,90,High Risk,2025-06
TXN2930,2025-10-17,CUST0012,AGT0186,Arusha,PayBill,"159,579 ","125,145 ",0 ,USSD,12,0,0,0,3,1,30,Low Risk,2025-10
TXN2931,2025-08-08,CUST0327,AGT0180,Dodoma,BuyAirtime,"334,030 ","667,062 ",0 ,Web,16,0,0,1,7,1,90,High Risk,2025-08
TXN2932,2025-10-04,CUST0038,AGT0193,Arusha,Send,"390,974 ","508,891 ",0 ,Feature Phone,18,0,0,1,3,1,50,Medium Risk,2025-10
TXN2933,2025-06-02,CUST0012,AGT0160,Dar,Receive,"104,954 ","922,217 ","455,957 ",Web,16,0,0,0,8,1,80,High Risk,2025-06
TXN2934,2025-08-17,CUST0158,AGT0109,Mwanza,Send,"441,654 ","127,450 ",0 ,Web,22,0,0,1,4,1,60,Medium Risk,2025-08
TXN2935,2025-12-02,CUST0036,AGT0135,Dar,Withdraw,"71,192 ","345,074 ",0 ,Smartphone,16,0,0,0,1,0,10,Low Risk,2025-12
TXN2936,2025-05-23,CUST0410,AGT0144,Mwanza,BuyAirtime,"367,194 ","757,948 ",0 ,Web,17,0,0,1,6,1,80,High Risk,2025-05
TXN2937,2025-10-24,CUST0459,AGT0055,Dar,PayBill,"209,316 ","284,283 ",0 ,USSD,14,0,0,1,3,1,50,Medium Risk,2025-10
TXN2938,2025-03-14,CUST0078,AGT0063,Arusha,Send,"433,819 ","154,693 ",0 ,USSD,19,0,0,1,5,1,70,High Risk,2025-03
TXN2939,2025-02-28,CUST0422,AGT0133,Arusha,Send,"40,334 ","565,265 ",0 ,Feature Phone,13,0,0,0,9,1,90,High Risk,2025-02
TXN2940,2025-11-08,CUST0131,AGT0120,Dar,Receive,"188,666 ","820,598 ","158,646 ",Web,5,0,0,0,2,0,20,Low Risk,2025-11
TXN2941,2025-03-02,CUST0232,AGT0087,Arusha,Deposit,"489,427 ","77,050 ",0 ,Web,23,0,0,1,10,1,120,High Risk,2025-03
TXN2942,2025-05-06,CUST0275,AGT0073,Mbeya,PayBill,"498,357 ","284,199 ",0 ,Web,14,0,0,1,11,1,130,High Risk,2025-05
TXN2943,2025-04-16,CUST0464,AGT0038,Mbeya,Withdraw,"468,130 ","28,691 ",0 ,USSD,19,0,0,1,7,1,90,High Risk,2025-04
TXN2944,2025-03-02,CUST0294,AGT0116,Mbeya,Send,"267,121 ","599,516 ",0 ,Web,8,0,0,1,6,1,80,High Risk,2025-03
TXN2945,2025-01-28,CUST0185,AGT0019,Mbeya,PayBill,"25,414 ","432,013 ",0 ,USSD,20,0,0,0,11,1,110,High Risk,2025-01
TXN2946,2025-12-18,CUST0436,AGT0035,Arusha,Withdraw,"162,035 ","190,603 ",0 ,Smartphone,17,0,0,0,2,0,20,Low Risk,2025-12
TXN2947,2025-03-10,CUST0420,AGT0037,Dar,Send,"251,737 ","171,865 ",0 ,Web,17,0,0,1,9,1,110,High Risk,2025-03
TXN2948,2025-02-27,CUST0349,AGT0158,Mwanza,BuyAirtime,"203,386 ","956,196 ",0 ,Web,8,0,0,1,11,1,130,High Risk,2025-02
TXN2949,2025-07-01,CUST0427,AGT0019,Mwanza,BuyAirtime,"41,974 ","558,230 ",0 ,Smartphone,19,0,0,0,7,1,70,High Risk,2025-07
TXN2950,2025-09-11,CUST0345,AGT0010,Arusha,Receive,"129,044 ","19,696 ","112,254 ",Smartphone,8,0,0,0,2,0,20,Low Risk,2025-09
TXN2951,2025-01-03,CUST0192,AGT0090,Mbeya,Withdraw,"241,949 ","927,452 ",0 ,Smartphone,6,0,0,1,9,1,110,High Risk,2025-01
TXN2952,2025-06-13,CUST0367,AGT0060,Mbeya,Deposit,"464,675 ","538,544 ",0 ,Web,19,0,0,1,7,1,90,High Risk,2025-06
TXN2953,2025-10-16,CUST0100,AGT0192,Mwanza,PayBill,"380,442 ","297,955 ",0 ,Smartphone,9,0,0,1,3,1,50,Medium Risk,2025-10
TXN2954,2025-06-07,CUST0201,AGT0046,Dodoma,Withdraw,"498,902 ","765,158 ",0 ,Smartphone,17,0,0,1,6,1,80,High Risk,2025-06
TXN2955,2025-04-21,CUST0367,AGT0090,Dodoma,PayBill,"165,700 ","376,800 ",0 ,Feature Phone,21,0,0,0,9,1,90,High Risk,2025-04
TXN2956,2025-02-09,CUST0111,AGT0158,Dar,PayBill,"484,922 ","463,903 ",0 ,Smartphone,19,0,0,1,9,1,110,High Risk,2025-02
TXN2957,2025-11-22,CUST0340,AGT0139,Arusha,Send,"372,124 ","700,333 ",0 ,Smartphone,7,0,0,1,1,0,30,Low Risk,2025-11
TXN2958,2025-01-19,CUST0207,AGT0144,Dar,BuyAirtime,"265,863 ","119,124 ",0 ,USSD,15,0,0,1,15,1,170,High Risk,2025-01
TXN2959,2025-05-09,CUST0313,AGT0132,Arusha,Deposit,"142,122 ","452,476 ",0 ,Smartphone,14,0,0,0,7,1,70,High Risk,2025-05
TXN2960,2025-11-29,CUST0407,AGT0154,Mbeya,Deposit,"192,712 ","897,779 ",0 ,Web,13,0,0,0,2,0,20,Low Risk,2025-11
TXN2961,2025-12-05,CUST0115,AGT0042,Mbeya,Withdraw,"334,527 ","405,493 ",0 ,Web,20,0,0,1,1,0,30,Low Risk,2025-12
TXN2962,2025-01-31,CUST0334,AGT0074,Mbeya,Deposit,"420,123 ","288,988 ",0 ,Feature Phone,20,0,0,1,8,1,100,High Risk,2025-01
TXN2963,2025-03-08,CUST0285,AGT0149,Arusha,Withdraw,"11,975 ","908,262 ",0 ,Web,8,0,0,0,9,1,90,High Risk,2025-03
TXN2964,2025-01-06,CUST0221,AGT0069,Mbeya,Deposit,"109,281 ","543,097 ",0 ,Smartphone,14,0,0,0,10,1,100,High Risk,2025-01
TXN2965,2025-12-26,CUST0246,AGT0101,Dodoma,BuyAirtime,"371,882 ","226,115 ",0 ,Web,18,0,0,1,1,0,30,Low Risk,2025-12
TXN2966,2025-07-11,CUST0107,AGT0125,Mwanza,PayBill,"62,785 ","451,950 ",0 ,Feature Phone,21,0,0,0,4,1,40,Medium Risk,2025-07
TXN2967,2025-10-28,CUST0235,AGT0014,Mwanza,Send,"129,292 ","733,554 ",0 ,USSD,0,0,0,0,3,1,30,Low Risk,2025-10
TXN2968,2025-09-24,CUST0286,AGT0091,Arusha,Receive,"301,769 ","897,346 ","451,698 ",Smartphone,13,0,0,1,5,1,70,High Risk,2025-09
TXN2969,2025-07-21,CUST0180,AGT0145,Dar,Withdraw,"346,594 ","852,492 ",0 ,Feature Phone,10,0,0,1,5,1,70,High Risk,2025-07
TXN2970,2025-05-15,CUST0249,AGT0044,Mwanza,BuyAirtime,"342,094 ","391,083 ",0 ,Web,20,0,0,1,8,1,100,High Risk,2025-05
TXN2971,2025-07-30,CUST0058,AGT0042,Arusha,Send,"207,400 ","926,783 ",0 ,Smartphone,7,0,0,1,3,1,50,Medium Risk,2025-07
TXN2972,2025-12-27,CUST0365,AGT0049,Mbeya,Send,"28,213 ","81,546 ",0 ,Feature Phone,11,0,0,0,1,0,10,Low Risk,2025-12
TXN2973,2025-09-05,CUST0433,AGT0123,Mwanza,PayBill,"337,772 ","355,746 ",0 ,Feature Phone,15,0,0,1,4,1,60,Medium Risk,2025-09
TXN2974,2025-10-26,CUST0114,AGT0182,Mwanza,Deposit,"337,852 ","487,684 ",0 ,Smartphone,19,0,0,1,2,0,40,Medium Risk,2025-10
TXN2975,2025-09-21,CUST0302,AGT0054,Mwanza,Send,"282,881 ","154,907 ",0 ,USSD,9,0,0,1,3,1,50,Medium Risk,2025-09
TXN2976,2025-06-06,CUST0342,AGT0032,Arusha,Withdraw,"424,719 ","133,162 ",0 ,Smartphone,15,0,0,1,5,1,70,High Risk,2025-06
TXN2977,2025-12-10,CUST0297,AGT0122,Mwanza,Send,"490,693 ","317,731 ",0 ,Feature Phone,19,0,0,1,1,0,30,Low Risk,2025-12
TXN2978,2025-08-27,CUST0129,AGT0132,Dar,PayBill,"24,791 ","586,565 ",0 ,Feature Phone,14,0,0,0,7,1,70,High Risk,2025-08
TXN2979,2025-03-13,CUST0133,AGT0036,Dar,Receive,"120,451 ","497,727 ","371,942 ",USSD,2,0,0,0,9,1,90,High Risk,2025-03
TXN2980,2025-02-04,CUST0314,AGT0016,Dodoma,Deposit,"400,261 ","268,585 ",0 ,Feature Phone,10,0,0,1,7,1,90,High Risk,2025-02
TXN2981,2025-08-30,CUST0324,AGT0055,Dar,Withdraw,"264,214 ","302,079 ",0 ,USSD,9,0,0,1,8,1,100,High Risk,2025-08
TXN2982,2025-11-20,CUST0102,AGT0180,Mbeya,Deposit,"486,494 ","174,444 ",0 ,USSD,3,0,0,1,1,0,30,Low Risk,2025-11
TXN2983,2025-11-07,CUST0352,AGT0045,Dodoma,Withdraw,"285,627 ","510,663 ",0 ,Web,14,0,0,1,3,1,50,Medium Risk,2025-11
TXN2984,2025-05-27,CUST0419,AGT0007,Mbeya,BuyAirtime,"182,196 ","317,512 ",0 ,USSD,20,0,0,0,6,1,60,Medium Risk,2025-05
TXN2985,2025-12-13,CUST0218,AGT0099,Dar,Withdraw,"67,101 ","435,104 ",0 ,Web,10,0,0,0,1,0,10,Low Risk,2025-12
TXN2986,2025-12-26,CUST0351,AGT0025,Mwanza,Receive,"2,791 ","974,116 ","112,612 ",Smartphone,14,0,0,0,1,0,10,Low Risk,2025-12
TXN2987,2025-01-10,CUST0248,AGT0027,Mbeya,PayBill,"241,792 ","221,723 ",0 ,Web,19,0,0,1,12,1,140,High Risk,2025-01
TXN2988,2025-04-26,CUST0428,AGT0110,Arusha,Deposit,"1,004 ","684,019 ",0 ,Web,6,0,0,0,9,1,90,High Risk,2025-04
TXN2989,2025-09-11,CUST0410,AGT0146,Mwanza,Deposit,"415,473 ","990,476 ",0 ,Web,7,0,0,1,2,0,40,Medium Risk,2025-09
TXN2990,2025-09-23,CUST0152,AGT0143,Dodoma,Receive,"137,649 ","322,496 ","421,649 ",Web,21,0,0,0,4,1,40,Medium Risk,2025-09
TXN2991,2025-12-01,CUST0361,AGT0199,Mbeya,BuyAirtime,"423,269 ","210,113 ",0 ,Web,7,0,0,1,1,0,30,Low Risk,2025-12
TXN2992,2025-03-20,CUST0264,AGT0015,Mbeya,Receive,"107,406 ","325,122 ","131,224 ",Smartphone,9,0,0,0,10,1,100,High Risk,2025-03
TXN2993,2025-09-09,CUST0207,AGT0166,Dar,Withdraw,"388,487 ","683,320 ",0 ,Web,19,0,0,1,6,1,80,High Risk,2025-09
TXN2994,2025-08-30,CUST0374,AGT0170,Mbeya,BuyAirtime,"442,370 ","388,010 ",0 ,Smartphone,17,0,0,1,3,1,50,Medium Risk,2025-08
TXN2995,2025-01-10,CUST0010,AGT0142,Arusha,Withdraw,"25,123 ","27,934 ",0 ,Smartphone,0,0,0,0,7,1,70,High Risk,2025-01
TXN2996,2025-03-07,CUST0034,AGT0126,Mbeya,PayBill,"120,605 ","306,641 ",0 ,Web,21,0,0,0,7,1,70,High Risk,2025-03
TXN2997,2025-10-29,CUST0488,AGT0111,Mwanza,Withdraw,"215,838 ","552,135 ",0 ,Smartphone,6,0,0,1,6,1,80,High Risk,2025-10
TXN2998,2025-11-26,CUST0314,AGT0191,Mbeya,Withdraw,"33,727 ","328,569 ",0 ,Web,23,0,0,0,2,0,20,Low Risk,2025-11
TXN2999,2025-10-24,CUST0045,AGT0086,Dodoma,Receive,"201,787 ","593,807 ","326,977 ",Feature Phone,11,0,0,1,2,0,40,Medium Risk,2025-10
TXN3000,2025-12-09,CUST0006,AGT0131,Mwanza,Send,"198,374 ","508,923 ",0 ,Feature Phone,12,0,0,0,1,0,10,Low Risk,2025-12
TXN3001,2025-09-07,CUST0124,AGT0099,Mwanza,Receive,"108,959 ","190,930 ","130,308 ",Feature Phone,5,0,0,0,3,1,30,Low Risk,2025-09
TXN3002,2025-12-18,CUST0378,AGT0164,Dar,BuyAirtime,"170,685 ","308,297 ",0 ,Smartphone,19,0,0,0,3,1,30,Low Risk,2025-12
TXN3003,2025-02-10,CUST0389,AGT0200,Arusha,Receive,"388,905 ","387,080 ","490,228 ",Web,21,0,0,1,19,1,210,High Risk,2025-02
TXN3004,2025-05-27,CUST0308,AGT0183,Dar,PayBill,"310,382 ","942,544 ",0 ,Feature Phone,2,0,0,1,9,1,110,High Risk,2025-05
TXN3005,2025-08-10,CUST0064,AGT0162,Dar,Receive,"457,865 ","10,674 ","207,764 ",USSD,19,0,0,1,2,0,40,Medium Risk,2025-08
TXN3006,2025-08-11,CUST0275,AGT0114,Mbeya,Receive,"224,467 ","886,749 ","420,298 ",Smartphone,3,0,0,1,6,1,80,High Risk,2025-08
TXN3007,2025-02-06,CUST0090,AGT0153,Arusha,Receive,"485,191 ","100,733 ","199,628 ",Web,3,0,0,1,13,1,150,High Risk,2025-02
TXN3008,2025-03-08,CUST0269,AGT0196,Dodoma,Send,"83,762 ","788,552 ",0 ,Smartphone,0,0,0,0,11,1,110,High Risk,2025-03
TXN3009,2025-06-13,CUST0076,AGT0110,Arusha,Send,"18,676 ","22,740 ",0 ,Feature Phone,23,0,0,0,7,1,70,High Risk,2025-06
TXN3010,2025-09-21,CUST0434,AGT0169,Dar,PayBill,"201,330 ","290,077 ",0 ,Web,0,0,0,1,4,1,60,Medium Risk,2025-09
TXN3011,2025-08-18,CUST0254,AGT0144,Mbeya,Withdraw,"472,065 ","60,017 ",0 ,Web,10,0,0,1,4,1,60,Medium Risk,2025-08
TXN3012,2025-07-10,CUST0185,AGT0117,Mwanza,Withdraw,"194,970 ","220,072 ",0 ,Web,23,0,0,0,7,1,70,High Risk,2025-07
TXN3013,2025-05-20,CUST0052,AGT0029,Arusha,Send,"470,430 ","346,780 ",0 ,USSD,5,0,0,1,5,1,70,High Risk,2025-05
TXN3014,2025-10-12,CUST0263,AGT0054,Dar,Receive,"31,036 ","603,424 ","114,310 ",Web,12,0,0,0,4,1,40,Medium Risk,2025-10
TXN3015,2025-03-23,CUST0031,AGT0125,Arusha,Send,"381,520 ","465,883 ",0 ,Feature Phone,5,0,0,1,12,1,140,High Risk,2025-03
TXN3016,2025-10-22,CUST0467,AGT0188,Dodoma,Withdraw,"401,772 ","792,881 ",0 ,Smartphone,17,0,0,1,2,0,40,Medium Risk,2025-10
TXN3017,2025-04-21,CUST0470,AGT0027,Dodoma,Deposit,"324,571 ","413,438 ",0 ,Feature Phone,2,0,0,1,5,1,70,High Risk,2025-04
TXN3018,2025-01-15,CUST0288,AGT0195,Mwanza,PayBill,"410,813 ","454,107 ",0 ,Smartphone,16,0,0,1,11,1,130,High Risk,2025-01
TXN3019,2025-06-20,CUST0259,AGT0042,Dodoma,Withdraw,"346,035 ","852,616 ",0 ,Web,9,0,0,1,7,1,90,High Risk,2025-06
TXN3020,2025-05-27,CUST0016,AGT0145,Mwanza,Withdraw,"217,253 ","784,342 ",0 ,Smartphone,14,0,0,1,6,1,80,High Risk,2025-05
TXN3021,2025-10-01,CUST0254,AGT0183,Mbeya,Receive,"407,486 ","640,152 ","489,648 ",Smartphone,8,0,0,1,3,1,50,Medium Risk,2025-10
TXN3022,2025-05-31,CUST0212,AGT0168,Dar,BuyAirtime,"201,760 ","176,762 ",0 ,USSD,2,0,0,1,6,1,80,High Risk,2025-05
TXN3023,2025-08-19,CUST0081,AGT0044,Mbeya,PayBill,"459,851 ","195,669 ",0 ,USSD,22,0,0,1,2,0,40,Medium Risk,2025-08
TXN3024,2025-09-24,CUST0145,AGT0018,Dodoma,Withdraw,"246,410 ","306,904 ",0 ,Feature Phone,10,0,0,1,5,1,70,High Risk,2025-09
TXN3025,2025-09-07,CUST0429,AGT0118,Dar,Withdraw,"57,697 ","481,039 ",0 ,Smartphone,20,0,0,0,4,1,40,Medium Risk,2025-09
TXN3026,2025-11-25,CUST0325,AGT0128,Dar,Receive,"11,721 ","512,506 ","385,145 ",USSD,19,0,0,0,2,0,20,Low Risk,2025-11
TXN3027,2025-06-09,CUST0266,AGT0019,Dodoma,Withdraw,"489,917 ","79,336 ",0 ,Feature Phone,9,0,0,1,3,1,50,Medium Risk,2025-06
TXN3028,2025-03-23,CUST0016,AGT0184,Arusha,BuyAirtime,"340,043 ","70,262 ",0 ,Feature Phone,21,0,0,1,7,1,90,High Risk,2025-03
TXN3029,2025-01-17,CUST0270,AGT0098,Arusha,PayBill,"348,530 ","932,563 ",0 ,Web,10,0,0,1,9,1,110,High Risk,2025-01
TXN3030,2025-09-03,CUST0054,AGT0075,Mbeya,Receive,"395,565 ","626,578 ","118,945 ",Feature Phone,12,0,0,1,5,1,70,High Risk,2025-09
TXN3031,2025-01-08,CUST0160,AGT0101,Arusha,PayBill,"104,533 ","59,484 ",0 ,Web,15,0,0,0,9,1,90,High Risk,2025-01
TXN3032,2025-06-17,CUST0042,AGT0037,Mwanza,BuyAirtime,"2,126 ","714,689 ",0 ,Smartphone,23,0,0,0,9,1,90,High Risk,2025-06
TXN3033,2025-08-10,CUST0356,AGT0043,Mwanza,Deposit,"377,362 ","363,623 ",0 ,Feature Phone,2,0,0,1,3,1,50,Medium Risk,2025-08
TXN3034,2025-01-22,CUST0321,AGT0054,Dodoma,BuyAirtime,"158,892 ","794,227 ",0 ,Web,23,0,0,0,15,1,150,High Risk,2025-01
TXN3035,2025-12-10,CUST0120,AGT0158,Dodoma,Withdraw,"177,107 ","189,718 ",0 ,Feature Phone,21,0,0,0,1,0,10,Low Risk,2025-12
TXN3036,2025-11-04,CUST0310,AGT0117,Mwanza,Send,"193,182 ","39,078 ",0 ,Smartphone,14,0,0,0,2,0,20,Low Risk,2025-11
TXN3037,2025-07-19,CUST0320,AGT0063,Dar,PayBill,"9,366 ","568,356 ",0 ,Web,22,0,0,0,7,1,70,High Risk,2025-07
TXN3038,2025-12-27,CUST0014,AGT0200,Arusha,Send,"410,728 ","965,437 ",0 ,Smartphone,4,0,0,1,1,0,30,Low Risk,2025-12
TXN3039,2025-03-31,CUST0398,AGT0176,Mbeya,PayBill,"137,922 ","236,940 ",0 ,Smartphone,0,0,0,0,9,1,90,High Risk,2025-03
TXN3040,2025-05-12,CUST0226,AGT0090,Dar,PayBill,"252,653 ","927,713 ",0 ,Web,22,0,0,1,11,1,130,High Risk,2025-05
TXN3041,2025-03-11,CUST0058,AGT0090,Dar,Deposit,"417,365 ","526,021 ",0 ,Feature Phone,13,0,0,1,5,1,70,High Risk,2025-03
TXN3042,2025-12-06,CUST0257,AGT0019,Mwanza,Receive,"448,070 ","540,704 ","267,388 ",Web,13,0,0,1,2,0,40,Medium Risk,2025-12
TXN3043,2025-03-03,CUST0156,AGT0019,Dar,Receive,"444,561 ","739,385 ","499,538 ",USSD,14,0,0,1,11,1,130,High Risk,2025-03
TXN3044,2025-05-17,CUST0032,AGT0007,Dodoma,Receive,"24,982 ","747,091 ","69,458 ",Smartphone,14,0,0,0,8,1,80,High Risk,2025-05
TXN3045,2025-09-28,CUST0039,AGT0019,Mbeya,Receive,"207,159 ","343,053 ","345,071 ",Feature Phone,20,0,0,1,2,0,40,Medium Risk,2025-09
TXN3046,2025-07-03,CUST0474,AGT0104,Arusha,Send,"4,342 ","625,116 ",0 ,USSD,10,0,0,0,8,1,80,High Risk,2025-07
TXN3047,2025-07-16,CUST0204,AGT0103,Arusha,Deposit,"80,496 ","285,182 ",0 ,Smartphone,13,0,0,0,4,1,40,Medium Risk,2025-07
TXN3048,2025-12-23,CUST0151,AGT0135,Dodoma,BuyAirtime,"9,810 ","230,170 ",0 ,Web,3,0,0,0,1,0,10,Low Risk,2025-12
TXN3049,2025-08-11,CUST0430,AGT0062,Dar,PayBill,"479,254 ","810,870 ",0 ,Smartphone,18,0,0,1,3,1,50,Medium Risk,2025-08
TXN3050,2025-02-11,CUST0442,AGT0151,Mbeya,PayBill,"362,819 ","185,903 ",0 ,USSD,8,0,0,1,12,1,140,High Risk,2025-02
TXN3051,2025-10-05,CUST0065,AGT0039,Dar,BuyAirtime,"29,163 ","237,760 ",0 ,USSD,15,0,0,0,6,1,60,Medium Risk,2025-10
TXN3052,2025-01-16,CUST0359,AGT0073,Dar,Deposit,"263,416 ","905,199 ",0 ,Feature Phone,22,0,0,1,8,1,100,High Risk,2025-01
TXN3053,2025-01-08,CUST0323,AGT0041,Mbeya,Receive,"296,604 ","588,321 ","95,369 ",Web,8,0,0,1,16,1,180,High Risk,2025-01
TXN3054,2025-12-01,CUST0137,AGT0065,Mbeya,BuyAirtime,"429,993 ","417,878 ",0 ,USSD,21,0,0,1,1,0,30,Low Risk,2025-12
TXN3055,2025-04-15,CUST0175,AGT0063,Dodoma,BuyAirtime,"19,632 ","81,622 ",0 ,USSD,17,0,0,0,5,1,50,Medium Risk,2025-04
TXN3056,2025-06-08,CUST0072,AGT0189,Mbeya,Receive,"330,691 ","371,616 ","248,039 ",USSD,5,0,0,1,3,1,50,Medium Risk,2025-06
TXN3057,2025-04-23,CUST0447,AGT0095,Arusha,PayBill,"279,300 ","615,773 ",0 ,Feature Phone,3,0,0,1,8,1,100,High Risk,2025-04
TXN3058,2025-08-28,CUST0221,AGT0107,Mbeya,PayBill,"211,259 ","91,988 ",0 ,Feature Phone,2,0,0,1,7,1,90,High Risk,2025-08
TXN3059,2025-07-31,CUST0009,AGT0061,Dar,Send,"280,251 ","109,486 ",0 ,Smartphone,3,0,0,1,4,1,60,Medium Risk,2025-07
TXN3060,2025-08-01,CUST0305,AGT0041,Mwanza,Send,"45,568 ","232,411 ",0 ,Feature Phone,19,0,0,0,5,1,50,Medium Risk,2025-08
TXN3061,2025-02-18,CUST0305,AGT0115,Dodoma,Deposit,"464,450 ","518,312 ",0 ,Smartphone,21,0,0,1,14,1,160,High Risk,2025-02
TXN3062,2025-06-15,CUST0395,AGT0120,Mwanza,PayBill,"469,917 ","45,018 ",0 ,Web,5,0,0,1,6,1,80,High Risk,2025-06
TXN3063,2025-02-03,CUST0419,AGT0018,Mwanza,Withdraw,"357,212 ","810,051 ",0 ,Web,0,0,0,1,11,1,130,High Risk,2025-02
TXN3064,2025-03-15,CUST0148,AGT0019,Dodoma,Receive,"445,500 ","572,019 ","407,951 ",Feature Phone,6,0,0,1,5,1,70,High Risk,2025-03
TXN3065,2025-01-20,CUST0314,AGT0162,Mbeya,Withdraw,"321,543 ","404,953 ",0 ,Smartphone,3,0,0,1,8,1,100,High Risk,2025-01
TXN3066,2025-05-09,CUST0042,AGT0097,Mbeya,Send,"266,687 ","869,037 ",0 ,USSD,5,0,0,1,11,1,130,High Risk,2025-05
TXN3067,2025-11-12,CUST0180,AGT0104,Dar,Deposit,"136,771 ","715,510 ",0 ,Web,19,0,0,0,2,0,20,Low Risk,2025-11
TXN3068,2025-05-23,CUST0101,AGT0165,Dar,Withdraw,"463,480 ","70,832 ",0 ,Smartphone,8,0,0,1,8,1,100,High Risk,2025-05
TXN3069,2025-08-27,CUST0432,AGT0157,Dar,PayBill,"332,267 ","924,145 ",0 ,Smartphone,9,0,0,1,6,1,80,High Risk,2025-08
TXN3070,2025-11-27,CUST0137,AGT0122,Arusha,Deposit,"349,616 ","899,790 ",0 ,Feature Phone,3,0,0,1,2,0,40,Medium Risk,2025-11
TXN3071,2025-06-14,CUST0280,AGT0016,Dodoma,BuyAirtime,"217,081 ","567,099 ",0 ,USSD,17,0,0,1,5,1,70,High Risk,2025-06
TXN3072,2025-01-02,CUST0068,AGT0087,Mbeya,Send,"442,541 ","856,756 ",0 ,Feature Phone,11,0,0,1,14,1,160,High Risk,2025-01
TXN3073,2025-04-10,CUST0059,AGT0034,Arusha,Deposit,"32,929 ","194,424 ",0 ,Web,20,0,0,0,6,1,60,Medium Risk,2025-04
TXN3074,2025-02-17,CUST0429,AGT0022,Mbeya,Receive,"192,413 ","287,313 ","185,892 ",Smartphone,9,0,0,0,10,1,100,High Risk,2025-02
TXN3075,2025-04-18,CUST0348,AGT0121,Dodoma,Deposit,"97,061 ","61,874 ",0 ,USSD,13,0,0,0,6,1,60,Medium Risk,2025-04
TXN3076,2025-01-14,CUST0004,AGT0192,Mbeya,BuyAirtime,"317,910 ","774,300 ",0 ,Web,20,0,0,1,9,1,110,High Risk,2025-01
TXN3077,2025-12-29,CUST0225,AGT0168,Mwanza,Withdraw,"340,832 ","40,939 ",0 ,Web,4,0,0,1,1,0,30,Low Risk,2025-12
TXN3078,2025-05-05,CUST0128,AGT0100,Arusha,Send,"470,515 ","526,895 ",0 ,USSD,16,0,0,1,10,1,120,High Risk,2025-05
TXN3079,2025-07-10,CUST0279,AGT0146,Dar,PayBill,"153,684 ","203,746 ",0 ,Web,1,0,0,0,7,1,70,High Risk,2025-07
TXN3080,2025-01-13,CUST0158,AGT0101,Arusha,PayBill,"184,321 ","786,242 ",0 ,Feature Phone,15,0,0,0,10,1,100,High Risk,2025-01
TXN3081,2025-09-20,CUST0136,AGT0152,Dar,Send,"397,317 ","393,417 ",0 ,Feature Phone,12,0,0,1,4,1,60,Medium Risk,2025-09
TXN3082,2025-11-27,CUST0324,AGT0061,Dar,BuyAirtime,"161,874 ","155,509 ",0 ,Feature Phone,1,0,0,0,2,0,20,Low Risk,2025-11
TXN3083,2025-08-06,CUST0064,AGT0095,Mbeya,Send,"163,241 ","402,370 ",0 ,USSD,23,0,0,0,3,1,30,Low Risk,2025-08
TXN3084,2025-05-23,CUST0241,AGT0168,Mwanza,PayBill,"93,695 ","627,609 ",0 ,USSD,0,0,0,0,4,1,40,Medium Risk,2025-05
TXN3085,2025-01-15,CUST0309,AGT0092,Dodoma,Receive,"141,117 ","593,926 ","25,765 ",Web,6,0,0,0,15,1,150,High Risk,2025-01
TXN3086,2025-03-16,CUST0257,AGT0033,Arusha,Send,"493,303 ","66,825 ",0 ,USSD,5,0,0,1,11,1,130,High Risk,2025-03
TXN3087,2025-04-11,CUST0389,AGT0134,Dodoma,BuyAirtime,"443,775 ","803,237 ",0 ,Smartphone,9,0,0,1,16,1,180,High Risk,2025-04
TXN3088,2025-01-16,CUST0155,AGT0175,Mbeya,Send,"489,735 ","757,490 ",0 ,Feature Phone,12,0,0,1,8,1,100,High Risk,2025-01
TXN3089,2025-03-03,CUST0330,AGT0170,Dodoma,PayBill,"216,013 ","901,434 ",0 ,Feature Phone,17,0,0,1,13,1,150,High Risk,2025-03
TXN3090,2025-12-10,CUST0445,AGT0130,Arusha,Receive,"201,866 ","887,702 ","310,726 ",Feature Phone,13,0,0,1,1,0,30,Low Risk,2025-12
TXN3091,2025-08-11,CUST0253,AGT0184,Mwanza,Receive,"398,276 ","37,787 ","303,258 ",Feature Phone,9,0,0,1,4,1,60,Medium Risk,2025-08
TXN3092,2025-03-10,CUST0358,AGT0045,Arusha,Withdraw,"124,858 ","796,280 ",0 ,Feature Phone,7,0,0,0,10,1,100,High Risk,2025-03
TXN3093,2025-09-28,CUST0295,AGT0150,Mbeya,Send,"274,407 ","314,641 ",0 ,Web,10,0,0,1,5,1,70,High Risk,2025-09
TXN3094,2025-04-05,CUST0190,AGT0063,Arusha,BuyAirtime,"304,812 ","793,220 ",0 ,Web,0,0,0,1,8,1,100,High Risk,2025-04
TXN3095,2025-10-05,CUST0210,AGT0097,Dar,BuyAirtime,"74,050 ","765,380 ",0 ,Feature Phone,5,0,0,0,2,0,20,Low Risk,2025-10
TXN3096,2025-02-22,CUST0260,AGT0119,Mbeya,PayBill,"251,618 ","116,091 ",0 ,Feature Phone,4,0,0,1,11,1,130,High Risk,2025-02
TXN3097,2025-11-02,CUST0420,AGT0067,Mwanza,Receive,"365,562 ","66,670 ","388,713 ",Web,5,0,0,1,1,0,30,Low Risk,2025-11
TXN3098,2025-04-16,CUST0278,AGT0192,Dodoma,Receive,"435,256 ","658,699 ","343,632 ",USSD,8,0,0,1,8,1,100,High Risk,2025-04
TXN3099,2025-05-26,CUST0123,AGT0154,Dodoma,Deposit,"240,948 ","195,364 ",0 ,Web,20,0,0,1,9,1,110,High Risk,2025-05
TXN3100,2025-10-15,CUST0079,AGT0159,Arusha,Deposit,"84,387 ","529,790 ",0 ,Smartphone,23,0,0,0,4,1,40,Medium Risk,2025-10
TXN3101,2025-06-01,CUST0070,AGT0033,Dar,PayBill,"432,037 ","535,881 ",0 ,Smartphone,3,0,0,1,7,1,90,High Risk,2025-06
TXN3102,2025-04-28,CUST0305,AGT0081,Dar,Receive,"414,577 ","453,224 ","153,399 ",Web,2,0,0,1,12,1,140,High Risk,2025-04
TXN3103,2025-10-25,CUST0369,AGT0113,Mwanza,Receive,"469,490 ","888,672 ","377,284 ",Smartphone,19,0,0,1,2,0,40,Medium Risk,2025-10
TXN3104,2025-02-19,CUST0315,AGT0016,Dodoma,Receive,"406,608 ","719,116 ","20,570 ",Feature Phone,7,0,0,1,9,1,110,High Risk,2025-02
TXN3105,2025-06-03,CUST0118,AGT0073,Arusha,Withdraw,"199,351 ","858,165 ",0 ,USSD,6,0,0,0,8,1,80,High Risk,2025-06
TXN3106,2025-08-12,CUST0142,AGT0131,Mwanza,Withdraw,"487,103 ","412,523 ",0 ,USSD,23,0,0,1,3,1,50,Medium Risk,2025-08
TXN3107,2025-01-01,CUST0406,AGT0035,Mwanza,Send,"88,743 ","47,827 ",0 ,USSD,0,0,0,0,13,1,130,High Risk,2025-01
TXN3108,2025-06-21,CUST0163,AGT0098,Mbeya,Send,"99,494 ","804,965 ",0 ,Smartphone,18,0,0,0,8,1,80,High Risk,2025-06
TXN3109,2025-01-31,CUST0430,AGT0037,Dar,Receive,"190,879 ","834,675 ","129,132 ",Web,16,0,0,0,12,1,120,High Risk,2025-01
TXN3110,2025-09-25,CUST0357,AGT0150,Dodoma,Deposit,"75,209 ","66,088 ",0 ,USSD,12,0,0,0,7,1,70,High Risk,2025-09
TXN3111,2025-11-24,CUST0017,AGT0008,Arusha,Send,"259,919 ","679,148 ",0 ,Web,17,0,0,1,2,0,40,Medium Risk,2025-11
TXN3112,2025-10-02,CUST0453,AGT0138,Mwanza,Withdraw,"362,407 ","743,092 ",0 ,Feature Phone,23,0,0,1,3,1,50,Medium Risk,2025-10
TXN3113,2025-05-24,CUST0219,AGT0187,Mbeya,PayBill,"367,642 ","184,949 ",0 ,Web,0,0,0,1,8,1,100,High Risk,2025-05
TXN3114,2025-02-16,CUST0482,AGT0017,Mwanza,Withdraw,"325,667 ","856,632 ",0 ,USSD,0,0,0,1,9,1,110,High Risk,2025-02
TXN3115,2025-01-27,CUST0486,AGT0042,Arusha,PayBill,"30,035 ","715,303 ",0 ,Smartphone,18,0,0,0,8,1,80,High Risk,2025-01
TXN3116,2025-01-11,CUST0294,AGT0173,Dodoma,BuyAirtime,"248,882 ","778,732 ",0 ,USSD,19,0,0,1,10,1,120,High Risk,2025-01
TXN3117,2025-07-27,CUST0328,AGT0008,Dar,PayBill,"431,424 ","766,693 ",0 ,Feature Phone,1,0,0,1,2,0,40,Medium Risk,2025-07
TXN3118,2025-12-27,CUST0265,AGT0082,Dodoma,Send,"109,201 ","115,552 ",0 ,Web,8,0,0,0,1,0,10,Low Risk,2025-12
TXN3119,2025-09-02,CUST0032,AGT0096,Arusha,Deposit,"493,699 ","448,229 ",0 ,Smartphone,21,0,0,1,3,1,50,Medium Risk,2025-09
TXN3120,2025-11-24,CUST0236,AGT0173,Dar,BuyAirtime,"205,519 ","537,097 ",0 ,Web,20,0,0,1,1,0,30,Low Risk,2025-11
TXN3121,2025-08-03,CUST0082,AGT0086,Arusha,BuyAirtime,"142,956 ","727,096 ",0 ,Web,15,0,0,0,2,0,20,Low Risk,2025-08
TXN3122,2025-07-17,CUST0232,AGT0154,Mwanza,Send,"484,629 ","41,886 ",0 ,USSD,13,0,0,1,4,1,60,Medium Risk,2025-07
TXN3123,2025-03-24,CUST0072,AGT0099,Dodoma,PayBill,"92,826 ","158,049 ",0 ,Smartphone,15,0,0,0,8,1,80,High Risk,2025-03
TXN3124,2025-12-30,CUST0097,AGT0075,Dar,Deposit,"25,893 ","667,625 ",0 ,USSD,1,0,0,0,1,0,10,Low Risk,2025-12
TXN3125,2025-10-29,CUST0391,AGT0066,Dar,Withdraw,"159,162 ","931,825 ",0 ,Feature Phone,5,0,0,0,2,0,20,Low Risk,2025-10
TXN3126,2025-04-10,CUST0423,AGT0027,Arusha,Receive,"184,534 ","465,233 ","194,249 ",Web,13,0,0,0,9,1,90,High Risk,2025-04
TXN3127,2025-06-27,CUST0229,AGT0015,Dodoma,Withdraw,"207,073 ","186,977 ",0 ,Web,3,0,0,1,8,1,100,High Risk,2025-06
TXN3128,2025-02-10,CUST0408,AGT0126,Mbeya,Receive,"327,558 ","784,798 ","373,353 ",USSD,5,0,0,1,14,1,160,High Risk,2025-02
TXN3129,2025-12-11,CUST0193,AGT0120,Arusha,BuyAirtime,"416,568 ","199,835 ",0 ,USSD,19,0,0,1,1,0,30,Low Risk,2025-12
TXN3130,2025-04-12,CUST0005,AGT0059,Dar,Receive,"489,114 ","540,851 ","196,270 ",Feature Phone,5,0,0,1,10,1,120,High Risk,2025-04
TXN3131,2025-10-05,CUST0353,AGT0121,Arusha,Withdraw,"164,095 ","930,879 ",0 ,USSD,8,1,0,0,3,1,80,High Risk,2025-10
TXN3132,2025-11-28,CUST0134,AGT0074,Arusha,Receive,"363,084 ","887,833 ","228,592 ",Feature Phone,1,0,0,1,3,1,50,Medium Risk,2025-11
TXN3133,2025-04-04,CUST0160,AGT0136,Dodoma,Send,"440,782 ","785,854 ",0 ,Smartphone,11,0,0,1,7,1,90,High Risk,2025-04
TXN3134,2025-03-31,CUST0455,AGT0008,Mwanza,Deposit,"338,016 ","696,265 ",0 ,Smartphone,19,0,0,1,4,1,60,Medium Risk,2025-03
TXN3135,2025-05-03,CUST0072,AGT0045,Mwanza,BuyAirtime,"373,946 ","928,471 ",0 ,USSD,12,0,0,1,5,1,70,High Risk,2025-05
TXN3136,2025-09-19,CUST0495,AGT0068,Mwanza,BuyAirtime,"49,022 ","271,945 ",0 ,USSD,16,0,0,0,5,1,50,Medium Risk,2025-09
TXN3137,2025-06-09,CUST0162,AGT0007,Mbeya,Deposit,"416,932 ","241,249 ",0 ,Smartphone,5,0,0,1,7,1,90,High Risk,2025-06
TXN3138,2025-03-16,CUST0193,AGT0194,Mbeya,Withdraw,"459,573 ","672,542 ",0 ,USSD,9,0,0,1,8,1,100,High Risk,2025-03
TXN3139,2025-02-02,CUST0246,AGT0151,Mwanza,Send,"200,355 ","839,738 ",0 ,Web,18,0,0,1,16,1,180,High Risk,2025-02
TXN3140,2025-02-10,CUST0046,AGT0173,Mwanza,Receive,"138,204 ","589,938 ","364,429 ",USSD,19,0,0,0,11,1,110,High Risk,2025-02
TXN3141,2025-02-23,CUST0038,AGT0168,Dodoma,BuyAirtime,"265,386 ","932,022 ",0 ,USSD,7,0,0,1,9,1,110,High Risk,2025-02
TXN3142,2025-05-11,CUST0403,AGT0170,Mbeya,PayBill,"192,421 ","434,093 ",0 ,Web,3,0,0,0,4,1,40,Medium Risk,2025-05
TXN3143,2025-07-22,CUST0090,AGT0096,Mwanza,Send,"256,107 ","290,802 ",0 ,Web,18,0,0,1,8,1,100,High Risk,2025-07
TXN3144,2025-05-21,CUST0211,AGT0066,Dodoma,PayBill,"273,196 ","447,386 ",0 ,Smartphone,6,0,0,1,6,1,80,High Risk,2025-05
TXN3145,2025-09-05,CUST0278,AGT0079,Mwanza,Receive,"478,234 ","492,490 ","141,183 ",Feature Phone,13,0,0,1,5,1,70,High Risk,2025-09
TXN3146,2025-10-19,CUST0007,AGT0068,Mwanza,Receive,"200,357 ","152,065 ","442,269 ",Feature Phone,12,0,0,1,2,0,40,Medium Risk,2025-10
TXN3147,2025-01-10,CUST0322,AGT0048,Mwanza,Send,"154,963 ","22,353 ",0 ,USSD,12,0,0,0,9,1,90,High Risk,2025-01
TXN3148,2025-02-19,CUST0124,AGT0031,Arusha,Send,"298,415 ","70,312 ",0 ,Feature Phone,2,0,0,1,6,1,80,High Risk,2025-02
TXN3149,2025-06-22,CUST0489,AGT0071,Mwanza,PayBill,"276,594 ","633,374 ",0 ,Smartphone,15,0,0,1,6,1,80,High Risk,2025-06
TXN3150,2025-08-17,CUST0093,AGT0083,Mbeya,Receive,"114,046 ","819,034 ","88,987 ",Smartphone,16,0,0,0,5,1,50,Medium Risk,2025-08
TXN3151,2025-12-15,CUST0135,AGT0161,Mwanza,Receive,"150,879 ","859,006 ","412,118 ",Feature Phone,17,0,0,0,1,0,10,Low Risk,2025-12
TXN3152,2025-02-18,CUST0430,AGT0133,Mwanza,Receive,"417,711 ","836,396 ","497,879 ",USSD,18,0,0,1,11,1,130,High Risk,2025-02
TXN3153,2025-11-30,CUST0057,AGT0157,Dar,PayBill,"460,125 ","774,728 ",0 ,USSD,7,0,0,1,2,0,40,Medium Risk,2025-11
TXN3154,2025-02-28,CUST0059,AGT0177,Mwanza,Send,"190,295 ","389,427 ",0 ,USSD,2,0,0,0,7,1,70,High Risk,2025-02
TXN3155,2025-04-25,CUST0030,AGT0034,Mwanza,Send,"132,461 ","292,440 ",0 ,Smartphone,11,0,0,0,6,1,60,Medium Risk,2025-04
TXN3156,2025-03-21,CUST0334,AGT0071,Mwanza,PayBill,"47,508 ","453,487 ",0 ,Feature Phone,18,0,0,0,5,1,50,Medium Risk,2025-03
TXN3157,2025-01-17,CUST0305,AGT0153,Arusha,Receive,"250,587 ","66,454 ","46,924 ",USSD,6,0,0,1,15,1,170,High Risk,2025-01
TXN3158,2025-09-05,CUST0139,AGT0003,Dar,Withdraw,"400,654 ","764,177 ",0 ,Smartphone,18,0,0,1,4,1,60,Medium Risk,2025-09
TXN3159,2025-02-19,CUST0068,AGT0088,Mwanza,BuyAirtime,"272,743 ","119,633 ",0 ,Feature Phone,17,0,0,1,11,1,130,High Risk,2025-02
TXN3160,2025-09-10,CUST0004,AGT0029,Arusha,Deposit,"60,958 ","536,183 ",0 ,Feature Phone,20,1,0,0,2,0,70,High Risk,2025-09
TXN3161,2025-03-31,CUST0467,AGT0184,Mbeya,Send,"409,247 ","766,519 ",0 ,Feature Phone,13,0,0,1,15,1,170,High Risk,2025-03
TXN3162,2025-09-25,CUST0483,AGT0109,Mwanza,Withdraw,"145,937 ","541,874 ",0 ,Feature Phone,13,0,0,0,1,0,10,Low Risk,2025-09
TXN3163,2025-06-17,CUST0269,AGT0081,Mwanza,PayBill,"116,121 ","746,972 ",0 ,USSD,8,0,0,0,8,1,80,High Risk,2025-06
TXN3164,2025-04-23,CUST0452,AGT0077,Mbeya,Receive,"308,324 ","377,842 ","82,401 ",USSD,19,0,0,1,7,1,90,High Risk,2025-04
TXN3165,2025-09-19,CUST0497,AGT0069,Dar,Deposit,"34,019 ","129,710 ",0 ,Web,10,0,0,0,2,0,20,Low Risk,2025-09
TXN3166,2025-07-06,CUST0356,AGT0051,Dodoma,Send,"469,505 ","334,625 ",0 ,Feature Phone,21,0,0,1,4,1,60,Medium Risk,2025-07
TXN3167,2025-05-04,CUST0277,AGT0058,Dar,PayBill,"77,351 ","32,091 ",0 ,USSD,3,0,0,0,10,1,100,High Risk,2025-05
TXN3168,2025-05-02,CUST0287,AGT0069,Mbeya,PayBill,"60,213 ","331,378 ",0 ,Smartphone,0,0,0,0,9,1,90,High Risk,2025-05
TXN3169,2025-06-13,CUST0234,AGT0168,Arusha,Receive,"109,275 ","628,678 ","313,430 ",USSD,7,0,0,0,5,1,50,Medium Risk,2025-06
TXN3170,2025-09-14,CUST0247,AGT0023,Dodoma,PayBill,"104,495 ","903,974 ",0 ,Smartphone,7,0,0,0,6,1,60,Medium Risk,2025-09
TXN3171,2025-07-11,CUST0270,AGT0118,Mbeya,Send,"296,227 ","251,404 ",0 ,Smartphone,12,0,0,1,6,1,80,High Risk,2025-07
TXN3172,2025-06-25,CUST0234,AGT0084,Dar,Withdraw,"360,780 ","674,742 ",0 ,Smartphone,7,0,0,1,4,1,60,Medium Risk,2025-06
TXN3173,2025-07-18,CUST0264,AGT0091,Dodoma,BuyAirtime,"21,883 ","689,650 ",0 ,Web,4,0,0,0,5,1,50,Medium Risk,2025-07
TXN3174,2025-10-31,CUST0403,AGT0143,Arusha,BuyAirtime,"346,061 ","517,237 ",0 ,Smartphone,12,0,0,1,1,0,30,Low Risk,2025-10
TXN3175,2025-03-16,CUST0383,AGT0095,Dar,Receive,"414,826 ","677,060 ","379,600 ",Smartphone,13,0,0,1,6,1,80,High Risk,2025-03
TXN3176,2025-01-25,CUST0264,AGT0089,Mbeya,Send,"36,122 ","65,229 ",0 ,USSD,9,0,0,0,12,1,120,High Risk,2025-01
TXN3177,2025-04-29,CUST0479,AGT0024,Mbeya,BuyAirtime,"382,139 ","26,370 ",0 ,Web,3,0,0,1,9,1,110,High Risk,2025-04
TXN3178,2025-03-31,CUST0164,AGT0066,Mwanza,Withdraw,"259,584 ","458,253 ",0 ,Web,18,0,0,1,12,1,140,High Risk,2025-03
TXN3179,2025-09-14,CUST0276,AGT0174,Mbeya,Receive,"404,011 ","178,119 ","412,196 ",Smartphone,12,0,0,1,5,1,70,High Risk,2025-09
TXN3180,2025-07-22,CUST0435,AGT0105,Dar,BuyAirtime,"368,914 ","917,932 ",0 ,USSD,7,0,0,1,5,1,70,High Risk,2025-07
TXN3181,2025-12-09,CUST0074,AGT0189,Arusha,PayBill,"130,668 ","319,371 ",0 ,Feature Phone,0,0,0,0,3,1,30,Low Risk,2025-12
TXN3182,2025-06-06,CUST0424,AGT0073,Arusha,Deposit,"117,770 ","978,068 ",0 ,Web,22,0,0,0,8,1,80,High Risk,2025-06
TXN3183,2025-08-17,CUST0358,AGT0053,Dar,BuyAirtime,"275,317 ","985,135 ",0 ,Web,12,0,0,1,5,1,70,High Risk,2025-08
TXN3184,2025-07-15,CUST0298,AGT0040,Arusha,Deposit,"200,683 ","689,336 ",0 ,USSD,13,0,0,1,6,1,80,High Risk,2025-07
TXN3185,2025-03-16,CUST0187,AGT0026,Mbeya,PayBill,"235,460 ","768,441 ",0 ,Feature Phone,5,0,0,1,13,1,150,High Risk,2025-03
TXN3186,2025-10-22,CUST0055,AGT0012,Mbeya,Send,"361,962 ","967,898 ",0 ,USSD,5,0,0,1,3,1,50,Medium Risk,2025-10
TXN3187,2025-11-19,CUST0123,AGT0194,Mbeya,Send,"478,035 ","984,965 ",0 ,Feature Phone,22,0,0,1,2,0,40,Medium Risk,2025-11
TXN3188,2025-11-05,CUST0263,AGT0011,Arusha,Send,"125,947 ","574,801 ",0 ,Web,4,0,0,0,2,0,20,Low Risk,2025-11
TXN3189,2025-10-25,CUST0022,AGT0075,Dar,Send,"162,703 ","6,040 ",0 ,Feature Phone,23,0,0,0,4,1,40,Medium Risk,2025-10
TXN3190,2025-09-17,CUST0411,AGT0084,Mwanza,Deposit,"65,264 ","483,774 ",0 ,USSD,4,0,0,0,3,1,30,Low Risk,2025-09
TXN3191,2025-02-11,CUST0096,AGT0063,Arusha,Withdraw,"255,292 ","532,408 ",0 ,Feature Phone,15,0,0,1,12,1,140,High Risk,2025-02
TXN3192,2025-07-17,CUST0413,AGT0003,Dodoma,BuyAirtime,"57,608 ","165,480 ",0 ,USSD,2,0,0,0,6,1,60,Medium Risk,2025-07
TXN3193,2025-07-10,CUST0485,AGT0050,Dodoma,Receive,"158,582 ","903,933 ","192,031 ",Smartphone,17,0,0,0,9,1,90,High Risk,2025-07
TXN3194,2025-07-15,CUST0494,AGT0174,Mbeya,Send,"170,902 ","508,729 ",0 ,Smartphone,22,0,0,0,8,1,80,High Risk,2025-07
TXN3195,2025-10-12,CUST0164,AGT0180,Dar,Send,"482,430 ","974,362 ",0 ,Feature Phone,17,0,0,1,2,0,40,Medium Risk,2025-10
TXN3196,2025-05-06,CUST0144,AGT0199,Arusha,Receive,"374,871 ","319,215 ","83,887 ",Web,12,0,0,1,4,1,60,Medium Risk,2025-05
TXN3197,2025-11-01,CUST0360,AGT0120,Dar,Send,"19,696 ","778,030 ",0 ,Feature Phone,2,0,0,0,3,1,30,Low Risk,2025-11
TXN3198,2025-03-18,CUST0004,AGT0047,Dodoma,Withdraw,"455,573 ","431,167 ",0 ,Feature Phone,14,0,0,1,7,1,90,High Risk,2025-03
TXN3199,2025-06-11,CUST0482,AGT0157,Dodoma,Send,"391,016 ","567,644 ",0 ,Smartphone,8,0,0,1,6,1,80,High Risk,2025-06
TXN3200,2025-04-25,CUST0467,AGT0113,Mbeya,Receive,"179,172 ","589,697 ","453,412 ",Smartphone,0,0,0,0,13,1,130,High Risk,2025-04
TXN3201,2025-04-13,CUST0337,AGT0135,Mbeya,Deposit,"177,804 ","690,869 ",0 ,USSD,3,0,0,0,7,1,70,High Risk,2025-04
TXN3202,2025-03-10,CUST0155,AGT0141,Dodoma,Withdraw,"261,120 ","782,432 ",0 ,USSD,1,0,0,1,6,1,80,High Risk,2025-03
TXN3203,2025-06-27,CUST0324,AGT0157,Mbeya,Send,"288,998 ","108,451 ",0 ,Feature Phone,1,0,0,1,9,1,110,High Risk,2025-06
TXN3204,2025-05-17,CUST0052,AGT0047,Mwanza,Withdraw,"256,300 ","591,465 ",0 ,Smartphone,4,0,0,1,7,1,90,High Risk,2025-05
TXN3205,2025-02-07,CUST0378,AGT0155,Dar,Send,"495,121 ","874,384 ",0 ,USSD,11,0,0,1,11,1,130,High Risk,2025-02
TXN3206,2025-11-11,CUST0227,AGT0110,Dar,Receive,"447,666 ","785,031 ","479,867 ",Web,18,0,0,1,2,0,40,Medium Risk,2025-11
TXN3207,2025-10-01,CUST0118,AGT0193,Dodoma,Receive,"160,789 ","788,129 ","204,181 ",USSD,15,0,0,0,4,1,40,Medium Risk,2025-10
TXN3208,2025-11-26,CUST0128,AGT0192,Mwanza,Receive,"16,266 ","914,029 ","228,286 ",Feature Phone,16,0,0,0,2,0,20,Low Risk,2025-11
TXN3209,2025-10-26,CUST0263,AGT0031,Arusha,Send,"429,517 ","756,041 ",0 ,Smartphone,19,0,0,1,3,1,50,Medium Risk,2025-10
TXN3210,2025-08-26,CUST0130,AGT0046,Dodoma,Withdraw,"96,066 ","339,005 ",0 ,Smartphone,8,0,0,0,3,1,30,Low Risk,2025-08
TXN3211,2025-11-27,CUST0041,AGT0063,Dar,BuyAirtime,"288,519 ","380,259 ",0 ,Feature Phone,0,0,0,1,1,0,30,Low Risk,2025-11
TXN3212,2025-10-05,CUST0108,AGT0146,Mwanza,Deposit,"36,570 ","424,786 ",0 ,Feature Phone,7,0,0,0,2,0,20,Low Risk,2025-10
TXN3213,2025-08-04,CUST0061,AGT0067,Dodoma,Deposit,"495,989 ","712,654 ",0 ,USSD,15,0,0,1,5,1,70,High Risk,2025-08
TXN3214,2025-11-16,CUST0200,AGT0111,Mwanza,Send,"369,890 ","759,892 ",0 ,Web,11,0,0,1,2,0,40,Medium Risk,2025-11
TXN3215,2025-04-03,CUST0003,AGT0110,Dodoma,Send,"372,729 ","12,269 ",0 ,USSD,9,0,0,1,6,1,80,High Risk,2025-04
TXN3216,2025-04-29,CUST0060,AGT0174,Mbeya,Deposit,"267,714 ","239,923 ",0 ,Smartphone,20,0,0,1,5,1,70,High Risk,2025-04
TXN3217,2025-09-23,CUST0077,AGT0139,Dodoma,Send,"315,480 ","590,789 ",0 ,Feature Phone,20,0,0,1,3,1,50,Medium Risk,2025-09
TXN3218,2025-08-17,CUST0378,AGT0092,Arusha,PayBill,"288,104 ","130,465 ",0 ,Web,8,0,0,1,4,1,60,Medium Risk,2025-08
TXN3219,2025-09-08,CUST0115,AGT0103,Dar,Send,"339,773 ","259,542 ",0 ,Feature Phone,15,0,0,1,3,1,50,Medium Risk,2025-09
TXN3220,2025-11-03,CUST0439,AGT0025,Mwanza,Send,"498,953 ","13,335 ",0 ,USSD,2,0,0,1,3,1,50,Medium Risk,2025-11
TXN3221,2025-04-09,CUST0235,AGT0115,Dar,Withdraw,"118,163 ","793,428 ",0 ,Feature Phone,12,0,0,0,10,1,100,High Risk,2025-04
TXN3222,2025-01-26,CUST0079,AGT0071,Mwanza,BuyAirtime,"300,878 ","857,586 ",0 ,Smartphone,5,0,0,1,15,1,170,High Risk,2025-01
TXN3223,2025-02-27,CUST0496,AGT0174,Dar,BuyAirtime,"379,789 ","643,617 ",0 ,Feature Phone,13,0,0,1,11,1,130,High Risk,2025-02
TXN3224,2025-05-19,CUST0007,AGT0144,Mbeya,PayBill,"497,441 ","729,817 ",0 ,Feature Phone,10,0,0,1,5,1,70,High Risk,2025-05
TXN3225,2025-12-18,CUST0450,AGT0173,Arusha,Deposit,"474,966 ","441,498 ",0 ,USSD,17,0,0,1,2,0,40,Medium Risk,2025-12
TXN3226,2025-05-28,CUST0365,AGT0022,Mbeya,Deposit,"105,011 ","465,287 ",0 ,Web,22,0,0,0,7,1,70,High Risk,2025-05
TXN3227,2025-10-20,CUST0196,AGT0119,Mwanza,Receive,"83,647 ","218,769 ","140,379 ",Smartphone,20,0,0,0,2,0,20,Low Risk,2025-10
TXN3228,2025-12-28,CUST0089,AGT0106,Arusha,Receive,"125,272 ","358,535 ","309,847 ",Smartphone,19,0,0,0,1,0,10,Low Risk,2025-12
TXN3229,2025-05-13,CUST0184,AGT0168,Dar,PayBill,"249,488 ","652,746 ",0 ,Smartphone,22,0,0,1,6,1,80,High Risk,2025-05
TXN3230,2025-02-18,CUST0377,AGT0169,Mbeya,PayBill,"68,307 ","651,852 ",0 ,Feature Phone,21,0,0,0,12,1,120,High Risk,2025-02
TXN3231,2025-02-17,CUST0164,AGT0040,Mwanza,PayBill,"321,855 ","832,802 ",0 ,Smartphone,2,0,0,1,15,1,170,High Risk,2025-02
TXN3232,2025-04-02,CUST0487,AGT0024,Dodoma,PayBill,"490,477 ","917,369 ",0 ,Smartphone,21,1,0,1,6,1,130,High Risk,2025-04
TXN3233,2025-01-13,CUST0397,AGT0096,Dodoma,Receive,"444,208 ","666,620 ","52,803 ",Smartphone,19,0,0,1,8,1,100,High Risk,2025-01
TXN3234,2025-12-29,CUST0085,AGT0029,Mwanza,BuyAirtime,"404,699 ","550,770 ",0 ,USSD,0,0,0,1,1,0,30,Low Risk,2025-12
TXN3235,2025-04-27,CUST0105,AGT0152,Dar,Send,"359,091 ","133,574 ",0 ,Smartphone,4,0,0,1,7,1,90,High Risk,2025-04
TXN3236,2025-02-22,CUST0097,AGT0143,Mbeya,Receive,"338,391 ","542,120 ","479,004 ",Web,13,0,0,1,5,1,70,High Risk,2025-02
TXN3237,2025-07-19,CUST0377,AGT0083,Mbeya,Receive,"9,424 ","457,128 ","95,522 ",Web,22,0,0,0,7,1,70,High Risk,2025-07
TXN3238,2025-03-09,CUST0244,AGT0012,Arusha,Deposit,"316,692 ","833,706 ",0 ,Smartphone,23,0,0,1,11,1,130,High Risk,2025-03
TXN3239,2025-10-04,CUST0092,AGT0153,Arusha,BuyAirtime,"355,125 ","259,486 ",0 ,Feature Phone,14,0,0,1,3,1,50,Medium Risk,2025-10
TXN3240,2025-06-20,CUST0268,AGT0021,Dar,PayBill,"104,338 ","123,508 ",0 ,Feature Phone,22,0,0,0,5,1,50,Medium Risk,2025-06
TXN3241,2025-08-30,CUST0451,AGT0087,Arusha,Deposit,"33,224 ","857,813 ",0 ,Feature Phone,23,0,0,0,3,1,30,Low Risk,2025-08
TXN3242,2025-06-07,CUST0092,AGT0188,Dodoma,Receive,"245,201 ","970,012 ","309,477 ",USSD,11,0,0,1,7,1,90,High Risk,2025-06
TXN3243,2025-09-15,CUST0079,AGT0129,Dar,Deposit,"490,877 ","13,088 ",0 ,Smartphone,15,0,0,1,8,1,100,High Risk,2025-09
TXN3244,2025-11-08,CUST0005,AGT0022,Arusha,PayBill,"446,403 ","994,030 ",0 ,USSD,23,0,0,1,1,0,30,Low Risk,2025-11
TXN3245,2025-03-25,CUST0333,AGT0057,Mwanza,Send,"370,016 ","399,023 ",0 ,Feature Phone,20,0,0,1,10,1,120,High Risk,2025-03
TXN3246,2025-06-20,CUST0187,AGT0078,Mbeya,Withdraw,"348,887 ","857,626 ",0 ,Web,8,0,0,1,7,1,90,High Risk,2025-06
TXN3247,2025-04-09,CUST0306,AGT0120,Mwanza,PayBill,"472,670 ","274,083 ",0 ,Feature Phone,9,0,0,1,7,1,90,High Risk,2025-04
TXN3248,2025-05-18,CUST0267,AGT0065,Dodoma,Withdraw,"157,908 ","566,687 ",0 ,USSD,4,0,0,0,6,1,60,Medium Risk,2025-05
TXN3249,2025-03-29,CUST0128,AGT0070,Arusha,Send,"219,317 ","283,601 ",0 ,Feature Phone,18,0,0,1,12,1,140,High Risk,2025-03
TXN3250,2025-04-04,CUST0143,AGT0105,Mbeya,Withdraw,"77,339 ","356,127 ",0 ,USSD,11,0,0,0,8,1,80,High Risk,2025-04
TXN3251,2025-02-20,CUST0033,AGT0052,Mbeya,PayBill,"415,818 ","352,381 ",0 ,Smartphone,23,0,0,1,13,1,150,High Risk,2025-02
TXN3252,2025-10-27,CUST0495,AGT0120,Dar,Withdraw,"97,961 ","746,990 ",0 ,Feature Phone,18,0,0,0,2,0,20,Low Risk,2025-10
TXN3253,2025-05-01,CUST0206,AGT0154,Dodoma,BuyAirtime,"471,057 ","471,044 ",0 ,USSD,23,0,0,1,9,1,110,High Risk,2025-05
TXN3254,2025-10-27,CUST0118,AGT0132,Mbeya,Receive,"107,108 ","213,166 ","440,474 ",Feature Phone,11,0,0,0,2,0,20,Low Risk,2025-10
TXN3255,2025-08-05,CUST0256,AGT0046,Arusha,Deposit,"194,267 ","870,210 ",0 ,Feature Phone,14,0,0,0,5,1,50,Medium Risk,2025-08
TXN3256,2025-03-14,CUST0237,AGT0129,Mwanza,Receive,"98,345 ","75,701 ","62,119 ",Smartphone,11,0,0,0,9,1,90,High Risk,2025-03
TXN3257,2025-10-23,CUST0325,AGT0185,Dar,Send,"309,456 ","582,553 ",0 ,Feature Phone,6,0,0,1,3,1,50,Medium Risk,2025-10
TXN3258,2025-12-07,CUST0418,AGT0115,Mwanza,Deposit,"1,941 ","720,469 ",0 ,Smartphone,15,0,0,0,5,1,50,Medium Risk,2025-12
TXN3259,2025-04-10,CUST0232,AGT0134,Mbeya,Receive,"221,381 ","602,262 ","479,176 ",Smartphone,23,0,0,1,9,1,110,High Risk,2025-04
TXN3260,2025-02-09,CUST0203,AGT0038,Dodoma,Receive,"76,004 ","10,237 ","10,539 ",Smartphone,3,0,0,0,10,1,100,High Risk,2025-02
TXN3261,2025-01-25,CUST0046,AGT0162,Dar,BuyAirtime,"345,942 ","294,508 ",0 ,USSD,4,0,0,1,13,1,150,High Risk,2025-01
TXN3262,2025-12-21,CUST0240,AGT0104,Mwanza,PayBill,"272,984 ","601,097 ",0 ,Feature Phone,16,0,0,1,1,0,30,Low Risk,2025-12
TXN3263,2025-12-10,CUST0176,AGT0113,Dar,BuyAirtime,"155,645 ","49,031 ",0 ,USSD,4,0,0,0,3,1,30,Low Risk,2025-12
TXN3264,2025-05-04,CUST0491,AGT0046,Dodoma,PayBill,"172,339 ","805,592 ",0 ,USSD,8,0,0,0,4,1,40,Medium Risk,2025-05
TXN3265,2025-05-01,CUST0033,AGT0103,Dar,Withdraw,"44,851 ","915,437 ",0 ,Smartphone,1,0,0,0,11,1,110,High Risk,2025-05
TXN3266,2025-05-23,CUST0300,AGT0109,Arusha,BuyAirtime,"466,736 ","972,192 ",0 ,Feature Phone,18,1,0,1,6,1,130,High Risk,2025-05
TXN3267,2025-07-25,CUST0417,AGT0047,Arusha,Send,"433,634 ","238,424 ",0 ,Feature Phone,10,0,0,1,10,1,120,High Risk,2025-07
TXN3268,2025-07-15,CUST0164,AGT0186,Arusha,Receive,"305,766 ","975,574 ","442,348 ",USSD,5,0,0,1,8,1,100,High Risk,2025-07
TXN3269,2025-01-17,CUST0017,AGT0051,Arusha,Send,"330,447 ","102,959 ",0 ,USSD,9,0,0,1,9,1,110,High Risk,2025-01
TXN3270,2025-11-01,CUST0166,AGT0192,Arusha,Receive,"455,529 ","977,196 ","7,568 ",Smartphone,20,0,0,1,2,0,40,Medium Risk,2025-11
TXN3271,2025-05-29,CUST0476,AGT0097,Dar,Receive,"262,820 ","954,246 ","205,659 ",USSD,19,0,0,1,2,0,40,Medium Risk,2025-05
TXN3272,2025-11-27,CUST0415,AGT0009,Arusha,Receive,"184,209 ","382,512 ","280,043 ",Web,1,0,0,0,1,0,10,Low Risk,2025-11
TXN3273,2025-12-23,CUST0107,AGT0184,Arusha,Withdraw,"130,871 ","647,918 ",0 ,Feature Phone,22,0,0,0,1,0,10,Low Risk,2025-12
TXN3274,2025-08-17,CUST0431,AGT0192,Mbeya,Withdraw,"362,580 ","660,553 ",0 ,Web,22,0,0,1,4,1,60,Medium Risk,2025-08
TXN3275,2025-07-10,CUST0067,AGT0192,Dodoma,Send,"272,679 ","931,724 ",0 ,Feature Phone,17,0,0,1,5,1,70,High Risk,2025-07
TXN3276,2025-03-21,CUST0388,AGT0093,Dodoma,BuyAirtime,"243,723 ","553,795 ",0 ,Feature Phone,1,0,0,1,10,1,120,High Risk,2025-03
TXN3277,2025-07-13,CUST0113,AGT0128,Dar,BuyAirtime,"51,536 ","920,070 ",0 ,Web,5,0,0,0,3,1,30,Low Risk,2025-07
TXN3278,2025-02-15,CUST0197,AGT0183,Dar,Send,"242,837 ","332,688 ",0 ,Smartphone,21,0,0,1,10,1,120,High Risk,2025-02
TXN3279,2025-04-28,CUST0264,AGT0123,Mwanza,Send,"451,709 ","290,230 ",0 ,Feature Phone,7,0,0,1,8,1,100,High Risk,2025-04
TXN3280,2025-07-28,CUST0370,AGT0051,Dodoma,BuyAirtime,"299,099 ","395,739 ",0 ,Feature Phone,14,0,0,1,5,1,70,High Risk,2025-07
TXN3281,2025-03-10,CUST0332,AGT0083,Mbeya,PayBill,"103,658 ","96,205 ",0 ,Feature Phone,4,0,0,0,10,1,100,High Risk,2025-03
TXN3282,2025-11-29,CUST0365,AGT0186,Mbeya,Withdraw,"478,561 ","932,302 ",0 ,Web,10,0,0,1,2,0,40,Medium Risk,2025-11
TXN3283,2025-12-14,CUST0157,AGT0014,Mbeya,Deposit,"267,635 ","613,665 ",0 ,Web,1,0,0,1,1,0,30,Low Risk,2025-12
TXN3284,2025-12-15,CUST0043,AGT0195,Dodoma,Receive,"96,044 ","86,344 ","17,236 ",Web,13,0,0,0,1,0,10,Low Risk,2025-12
TXN3285,2025-01-14,CUST0142,AGT0043,Mbeya,Send,"163,715 ","807,700 ",0 ,Smartphone,3,0,0,0,10,1,100,High Risk,2025-01
TXN3286,2025-11-10,CUST0157,AGT0052,Dodoma,Withdraw,"433,904 ","272,560 ",0 ,Web,12,0,0,1,2,0,40,Medium Risk,2025-11
TXN3287,2025-07-12,CUST0459,AGT0159,Dodoma,PayBill,"308,666 ","667,205 ",0 ,Feature Phone,10,0,0,1,6,1,80,High Risk,2025-07
TXN3288,2025-12-20,CUST0356,AGT0188,Arusha,Withdraw,"292,042 ","274,140 ",0 ,Smartphone,18,0,0,1,1,0,30,Low Risk,2025-12
TXN3289,2025-07-26,CUST0109,AGT0194,Mwanza,Deposit,"397,281 ","638,277 ",0 ,Web,4,0,0,1,5,1,70,High Risk,2025-07
TXN3290,2025-12-09,CUST0094,AGT0191,Dodoma,Send,"477,705 ","707,023 ",0 ,Smartphone,20,0,0,1,1,0,30,Low Risk,2025-12
TXN3291,2025-12-07,CUST0230,AGT0067,Mbeya,Deposit,"351,427 ","508,958 ",0 ,Smartphone,11,0,0,1,1,0,30,Low Risk,2025-12
TXN3292,2025-12-17,CUST0473,AGT0069,Dodoma,Withdraw,"102,882 ","287,066 ",0 ,Feature Phone,1,0,0,0,2,0,20,Low Risk,2025-12
TXN3293,2025-12-05,CUST0070,AGT0129,Mwanza,PayBill,"324,779 ","364,956 ",0 ,Smartphone,3,0,0,1,3,1,50,Medium Risk,2025-12
TXN3294,2025-08-10,CUST0477,AGT0139,Arusha,Withdraw,"285,473 ","120,123 ",0 ,Web,16,0,0,1,4,1,60,Medium Risk,2025-08
TXN3295,2025-06-07,CUST0373,AGT0165,Dar,Withdraw,"313,267 ","94,228 ",0 ,Smartphone,7,0,0,1,3,1,50,Medium Risk,2025-06
TXN3296,2025-07-18,CUST0290,AGT0048,Arusha,PayBill,"120,031 ","887,235 ",0 ,Feature Phone,13,0,0,0,5,1,50,Medium Risk,2025-07
TXN3297,2025-06-04,CUST0280,AGT0182,Arusha,Send,"143,339 ","333,893 ",0 ,Smartphone,5,0,0,0,6,1,60,Medium Risk,2025-06
TXN3298,2025-11-16,CUST0073,AGT0193,Mbeya,Receive,"443,113 ","93,183 ","375,154 ",Feature Phone,14,0,0,1,2,0,40,Medium Risk,2025-11
TXN3299,2025-11-22,CUST0170,AGT0101,Mbeya,PayBill,"79,714 ","507,898 ",0 ,USSD,23,0,0,0,2,0,20,Low Risk,2025-11
TXN3300,2025-01-11,CUST0072,AGT0056,Mbeya,Deposit,"37,047 ","362,123 ",0 ,Feature Phone,12,0,0,0,11,1,110,High Risk,2025-01
TXN3301,2025-08-14,CUST0257,AGT0072,Arusha,Deposit,"329,633 ","464,698 ",0 ,Smartphone,14,0,0,1,5,1,70,High Risk,2025-08
TXN3302,2025-04-28,CUST0443,AGT0062,Dar,Receive,"346,148 ","180,845 ","190,621 ",USSD,17,1,0,1,5,1,120,High Risk,2025-04
TXN3303,2025-07-03,CUST0383,AGT0043,Dar,Send,"487,759 ","907,529 ",0 ,Web,1,0,0,1,4,1,60,Medium Risk,2025-07
TXN3304,2025-11-23,CUST0485,AGT0117,Mwanza,PayBill,"274,606 ","426,527 ",0 ,Feature Phone,12,1,0,1,3,1,100,High Risk,2025-11
TXN3305,2025-03-31,CUST0182,AGT0139,Arusha,Receive,"384,081 ","25,608 ","482,552 ",USSD,21,0,0,1,11,1,130,High Risk,2025-03
TXN3306,2025-09-15,CUST0429,AGT0195,Mwanza,Withdraw,"53,000 ","60,382 ",0 ,Web,9,0,0,0,3,1,30,Low Risk,2025-09
TXN3307,2025-07-28,CUST0008,AGT0115,Mwanza,Receive,"421,039 ","483,685 ","391,222 ",Web,8,0,0,1,6,1,80,High Risk,2025-07
TXN3308,2025-02-12,CUST0194,AGT0196,Mbeya,PayBill,"428,597 ","519,487 ",0 ,Feature Phone,2,0,0,1,8,1,100,High Risk,2025-02
TXN3309,2025-05-04,CUST0262,AGT0181,Arusha,BuyAirtime,"405,111 ","798,604 ",0 ,Web,6,0,0,1,8,1,100,High Risk,2025-05
TXN3310,2025-04-24,CUST0047,AGT0137,Mbeya,BuyAirtime,"382,037 ","34,001 ",0 ,Feature Phone,16,0,0,1,8,1,100,High Risk,2025-04
TXN3311,2025-05-31,CUST0309,AGT0133,Arusha,Receive,"303,062 ","352,536 ","347,187 ",Web,2,0,0,1,9,1,110,High Risk,2025-05
TXN3312,2025-06-14,CUST0199,AGT0089,Dodoma,Receive,"208,852 ","972,275 ","141,050 ",Web,2,0,0,1,4,1,60,Medium Risk,2025-06
TXN3313,2025-10-30,CUST0306,AGT0150,Dar,BuyAirtime,"41,858 ","899,216 ",0 ,Feature Phone,5,0,0,0,2,0,20,Low Risk,2025-10
TXN3314,2025-04-05,CUST0215,AGT0016,Dar,Withdraw,"235,649 ","179,896 ",0 ,USSD,20,0,0,1,8,1,100,High Risk,2025-04
TXN3315,2025-02-05,CUST0103,AGT0198,Arusha,Withdraw,"177,196 ","459,657 ",0 ,Web,21,0,0,0,7,1,70,High Risk,2025-02
TXN3316,2025-06-08,CUST0068,AGT0194,Dar,PayBill,"64,651 ","251,596 ",0 ,Smartphone,5,0,0,0,7,1,70,High Risk,2025-06
TXN3317,2025-02-04,CUST0166,AGT0085,Mwanza,Receive,"74,196 ","709,555 ","437,560 ",Web,13,0,0,0,16,1,160,High Risk,2025-02
TXN3318,2025-04-13,CUST0229,AGT0103,Dar,BuyAirtime,"197,197 ","543,388 ",0 ,Feature Phone,20,0,0,0,13,1,130,High Risk,2025-04
TXN3319,2025-05-17,CUST0449,AGT0098,Dar,Send,"371,164 ","112,151 ",0 ,Web,3,0,0,1,6,1,80,High Risk,2025-05
TXN3320,2025-10-05,CUST0181,AGT0075,Mbeya,Receive,"291,503 ","177,882 ","297,324 ",Feature Phone,23,0,0,1,2,0,40,Medium Risk,2025-10
TXN3321,2025-12-07,CUST0246,AGT0073,Arusha,Receive,"221,114 ","910,098 ","461,291 ",USSD,15,0,0,1,3,1,50,Medium Risk,2025-12
TXN3322,2025-12-30,CUST0018,AGT0021,Mbeya,Send,"427,781 ","387,409 ",0 ,Smartphone,22,0,0,1,1,0,30,Low Risk,2025-12
TXN3323,2025-05-21,CUST0373,AGT0103,Mbeya,Send,"148,696 ","264,720 ",0 ,Web,10,0,0,0,5,1,50,Medium Risk,2025-05
TXN3324,2025-05-22,CUST0048,AGT0061,Dodoma,Receive,"286,558 ","620,684 ","494,957 ",Feature Phone,0,0,0,1,9,1,110,High Risk,2025-05
TXN3325,2025-07-06,CUST0225,AGT0085,Dodoma,PayBill,"17,795 ","995,727 ",0 ,Feature Phone,16,0,0,0,4,1,40,Medium Risk,2025-07
TXN3326,2025-12-31,CUST0320,AGT0036,Dar,PayBill,"376,180 ","984,476 ",0 ,Web,0,0,0,1,1,0,30,Low Risk,2025-12
TXN3327,2025-05-19,CUST0285,AGT0087,Dodoma,PayBill,"446,385 ","409,785 ",0 ,Smartphone,16,0,0,1,8,1,100,High Risk,2025-05
TXN3328,2025-05-18,CUST0203,AGT0114,Dodoma,PayBill,"60,947 ","573,485 ",0 ,Feature Phone,20,0,0,0,7,1,70,High Risk,2025-05
TXN3329,2025-10-29,CUST0018,AGT0150,Dodoma,Withdraw,"370,864 ","933,230 ",0 ,Smartphone,18,0,0,1,4,1,60,Medium Risk,2025-10
TXN3330,2025-06-10,CUST0290,AGT0041,Dar,Receive,"191,279 ","455,572 ","180,719 ",USSD,2,0,0,0,6,1,60,Medium Risk,2025-06
TXN3331,2025-04-01,CUST0030,AGT0023,Mbeya,Deposit,"38,869 ","39,997 ",0 ,USSD,0,0,0,0,7,1,70,High Risk,2025-04
TXN3332,2025-10-24,CUST0278,AGT0093,Arusha,Deposit,"152,885 ","323,576 ",0 ,Smartphone,15,0,0,0,3,1,30,Low Risk,2025-10
TXN3333,2025-05-27,CUST0072,AGT0096,Mwanza,Send,"89,495 ","912,766 ",0 ,Web,2,0,0,0,4,1,40,Medium Risk,2025-05
TXN3334,2025-06-10,CUST0046,AGT0123,Mwanza,Receive,"9,361 ","358,644 ","157,490 ",Smartphone,18,0,0,0,6,1,60,Medium Risk,2025-06
TXN3335,2025-05-18,CUST0175,AGT0021,Dodoma,PayBill,"16,019 ","948,094 ",0 ,Web,16,0,0,0,4,1,40,Medium Risk,2025-05
TXN3336,2025-01-21,CUST0041,AGT0146,Dar,Deposit,"459,748 ","197,085 ",0 ,Smartphone,22,0,0,1,10,1,120,High Risk,2025-01
TXN3337,2025-07-20,CUST0006,AGT0114,Arusha,Withdraw,"347,429 ","83,449 ",0 ,USSD,0,0,0,1,2,0,40,Medium Risk,2025-07
TXN3338,2025-08-23,CUST0067,AGT0049,Dodoma,Withdraw,"313,125 ","454,320 ",0 ,USSD,0,0,0,1,4,1,60,Medium Risk,2025-08
TXN3339,2025-10-17,CUST0242,AGT0093,Mwanza,Deposit,"172,630 ","555,111 ",0 ,Feature Phone,15,0,0,0,4,1,40,Medium Risk,2025-10
TXN3340,2025-04-08,CUST0043,AGT0155,Dodoma,Receive,"330,696 ","310,692 ","251,639 ",Feature Phone,22,0,0,1,6,1,80,High Risk,2025-04
TXN3341,2025-08-05,CUST0404,AGT0197,Arusha,BuyAirtime,"299,163 ","660,735 ",0 ,USSD,0,0,0,1,4,1,60,Medium Risk,2025-08
TXN3342,2025-04-10,CUST0117,AGT0011,Arusha,PayBill,"434,401 ","373,089 ",0 ,Feature Phone,15,0,0,1,8,1,100,High Risk,2025-04
TXN3343,2025-11-24,CUST0369,AGT0057,Mwanza,Send,"246,403 ","580,382 ",0 ,Feature Phone,22,0,0,1,1,0,30,Low Risk,2025-11
TXN3344,2025-07-15,CUST0407,AGT0066,Mwanza,Withdraw,"361,083 ","217,900 ",0 ,Web,17,0,0,1,11,1,130,High Risk,2025-07
TXN3345,2025-11-03,CUST0095,AGT0089,Mwanza,PayBill,"225,426 ","268,531 ",0 ,USSD,17,0,0,1,2,0,40,Medium Risk,2025-11
TXN3346,2025-12-08,CUST0424,AGT0037,Dodoma,BuyAirtime,"453,168 ","598,550 ",0 ,Web,1,0,0,1,1,0,30,Low Risk,2025-12
TXN3347,2025-01-05,CUST0176,AGT0111,Mbeya,Withdraw,"113,857 ","432,898 ",0 ,Feature Phone,16,0,0,0,13,1,130,High Risk,2025-01
TXN3348,2025-01-08,CUST0085,AGT0077,Arusha,Deposit,"406,316 ","170,331 ",0 ,Smartphone,18,0,0,1,10,1,120,High Risk,2025-01
TXN3349,2025-05-28,CUST0459,AGT0042,Dar,Send,"164,224 ","933,579 ",0 ,Smartphone,7,0,0,0,7,1,70,High Risk,2025-05
TXN3350,2025-05-05,CUST0244,AGT0079,Dodoma,Deposit,"288,821 ","222,516 ",0 ,Smartphone,3,0,0,1,9,1,110,High Risk,2025-05
TXN3351,2025-01-11,CUST0431,AGT0198,Dodoma,Receive,"287,936 ","545,313 ","307,213 ",Smartphone,22,0,0,1,7,1,90,High Risk,2025-01
TXN3352,2025-08-27,CUST0090,AGT0114,Mbeya,PayBill,"158,863 ","302,000 ",0 ,Web,15,0,0,0,6,1,60,Medium Risk,2025-08
TXN3353,2025-10-23,CUST0369,AGT0175,Mbeya,Deposit,"128,295 ","299,984 ",0 ,USSD,13,0,0,0,3,1,30,Low Risk,2025-10
TXN3354,2025-01-02,CUST0130,AGT0089,Mwanza,PayBill,"410,874 ","999,110 ",0 ,Smartphone,4,0,0,1,17,1,190,High Risk,2025-01
TXN3355,2025-02-09,CUST0167,AGT0187,Mbeya,BuyAirtime,"369,238 ","388,822 ",0 ,USSD,11,0,0,1,13,1,150,High Risk,2025-02
TXN3356,2025-08-03,CUST0311,AGT0146,Arusha,Receive,"4,945 ","858,728 ","490,388 ",Feature Phone,1,0,0,0,3,1,30,Low Risk,2025-08
TXN3357,2025-12-27,CUST0499,AGT0140,Mbeya,Withdraw,"107,677 ","634,368 ",0 ,USSD,10,0,0,0,1,0,10,Low Risk,2025-12
TXN3358,2025-04-21,CUST0003,AGT0088,Dodoma,Receive,"7,182 ","13,346 ","8,971 ",Web,1,0,0,0,5,1,50,Medium Risk,2025-04
TXN3359,2025-11-06,CUST0038,AGT0167,Arusha,Receive,"341,371 ","370,267 ","407,731 ",Web,12,0,0,1,1,0,30,Low Risk,2025-11
TXN3360,2025-06-29,CUST0414,AGT0190,Dar,Withdraw,"419,258 ","78,125 ",0 ,Feature Phone,19,0,0,1,3,1,50,Medium Risk,2025-06
TXN3361,2025-10-07,CUST0204,AGT0015,Arusha,PayBill,"332,671 ","971,440 ",0 ,USSD,3,0,0,1,1,0,30,Low Risk,2025-10
TXN3362,2025-01-26,CUST0111,AGT0118,Mwanza,Send,"325,917 ","474,069 ",0 ,Smartphone,18,0,0,1,10,1,120,High Risk,2025-01
TXN3363,2025-10-30,CUST0045,AGT0066,Mwanza,Deposit,"66,375 ","117,718 ",0 ,Web,8,0,0,0,1,0,10,Low Risk,2025-10
TXN3364,2025-02-12,CUST0026,AGT0198,Dodoma,BuyAirtime,"293,204 ","261,446 ",0 ,Web,5,0,0,1,8,1,100,High Risk,2025-02
TXN3365,2025-04-28,CUST0316,AGT0040,Dar,Deposit,"190,741 ","851,540 ",0 ,Smartphone,6,0,0,0,3,1,30,Low Risk,2025-04
TXN3366,2025-08-05,CUST0433,AGT0143,Dodoma,BuyAirtime,"249,493 ","888,605 ",0 ,USSD,11,0,0,1,7,1,90,High Risk,2025-08
TXN3367,2025-03-05,CUST0106,AGT0082,Arusha,Deposit,"161,495 ","331,932 ",0 ,Feature Phone,15,0,0,0,9,1,90,High Risk,2025-03
TXN3368,2025-10-04,CUST0277,AGT0053,Dodoma,PayBill,"488,779 ","339,046 ",0 ,Smartphone,11,0,0,1,4,1,60,Medium Risk,2025-10
TXN3369,2025-05-08,CUST0133,AGT0081,Arusha,Withdraw,"254,940 ","278,912 ",0 ,Web,3,0,0,1,7,1,90,High Risk,2025-05
TXN3370,2025-09-04,CUST0275,AGT0162,Dodoma,Receive,"258,448 ","658,881 ","267,823 ",Smartphone,16,0,0,1,5,1,70,High Risk,2025-09
TXN3371,2025-02-22,CUST0307,AGT0163,Dar,PayBill,"384,509 ","559,167 ",0 ,Web,2,0,0,1,8,1,100,High Risk,2025-02
TXN3372,2025-10-28,CUST0051,AGT0141,Dar,Send,"197,906 ","14,269 ",0 ,Smartphone,23,0,0,0,5,1,50,Medium Risk,2025-10
TXN3373,2025-02-26,CUST0201,AGT0048,Dodoma,Deposit,"434,430 ","940,488 ",0 ,USSD,12,0,0,1,9,1,110,High Risk,2025-02
TXN3374,2025-09-16,CUST0309,AGT0151,Arusha,PayBill,"161,404 ","303,088 ",0 ,USSD,15,0,0,0,3,1,30,Low Risk,2025-09
TXN3375,2025-02-12,CUST0088,AGT0008,Dar,Send,"214,316 ","830,286 ",0 ,USSD,22,0,0,1,11,1,130,High Risk,2025-02
TXN3376,2025-07-12,CUST0465,AGT0068,Dodoma,Withdraw,"143,689 ","714,922 ",0 ,Smartphone,9,0,0,0,4,1,40,Medium Risk,2025-07
TXN3377,2025-02-11,CUST0218,AGT0145,Mwanza,Send,"324,074 ","332,897 ",0 ,USSD,21,0,0,1,10,1,120,High Risk,2025-02
TXN3378,2025-11-03,CUST0041,AGT0071,Mbeya,Withdraw,"498,514 ","619,546 ",0 ,USSD,7,0,0,1,4,1,60,Medium Risk,2025-11
TXN3379,2025-01-02,CUST0149,AGT0150,Dar,Deposit,"227,020 ","380,341 ",0 ,USSD,14,0,0,1,12,1,140,High Risk,2025-01
TXN3380,2025-03-09,CUST0058,AGT0029,Mwanza,Receive,"69,895 ","408,726 ","205,063 ",Feature Phone,0,0,0,0,6,1,60,Medium Risk,2025-03
TXN3381,2025-12-12,CUST0238,AGT0185,Mwanza,Send,"409,169 ","680,398 ",0 ,Feature Phone,22,1,0,1,1,0,80,High Risk,2025-12
TXN3382,2025-01-20,CUST0013,AGT0099,Mwanza,PayBill,"265,827 ","593,875 ",0 ,Web,22,0,0,1,12,1,140,High Risk,2025-01
TXN3383,2025-09-02,CUST0101,AGT0027,Dar,Deposit,"465,870 ","646,082 ",0 ,Feature Phone,21,0,0,1,5,1,70,High Risk,2025-09
TXN3384,2025-09-14,CUST0096,AGT0123,Mwanza,Deposit,"315,163 ","422,145 ",0 ,Smartphone,17,0,0,1,4,1,60,Medium Risk,2025-09
TXN3385,2025-03-11,CUST0385,AGT0098,Arusha,PayBill,"21,960 ","985,422 ",0 ,Web,4,0,0,0,8,1,80,High Risk,2025-03
TXN3386,2025-10-18,CUST0008,AGT0010,Mwanza,Withdraw,"310,644 ","112,869 ",0 ,Smartphone,19,0,0,1,2,0,40,Medium Risk,2025-10
TXN3387,2025-09-28,CUST0468,AGT0046,Dar,Receive,"390,114 ","130,011 ","307,440 ",Feature Phone,10,0,0,1,3,1,50,Medium Risk,2025-09
TXN3388,2025-06-19,CUST0412,AGT0083,Arusha,Receive,"337,862 ","333,029 ","417,368 ",Web,3,0,0,1,5,1,70,High Risk,2025-06
TXN3389,2025-07-09,CUST0024,AGT0084,Dar,Send,"38,288 ","427,257 ",0 ,Web,4,0,0,0,9,1,90,High Risk,2025-07
TXN3390,2025-09-29,CUST0305,AGT0018,Mwanza,Receive,"461,134 ","155,456 ","459,890 ",Smartphone,6,0,0,1,3,1,50,Medium Risk,2025-09
TXN3391,2025-07-09,CUST0372,AGT0128,Dodoma,Withdraw,"314,471 ","48,479 ",0 ,USSD,19,0,0,1,5,1,70,High Risk,2025-07
TXN3392,2025-09-17,CUST0263,AGT0003,Dar,Deposit,"401,842 ","337,852 ",0 ,USSD,20,0,0,1,7,1,90,High Risk,2025-09
TXN3393,2025-10-05,CUST0362,AGT0086,Mwanza,Deposit,"330,659 ","585,066 ",0 ,Smartphone,7,0,0,1,3,1,50,Medium Risk,2025-10
TXN3394,2025-03-09,CUST0150,AGT0162,Dar,Receive,"224,432 ","28,687 ","59,140 ",Smartphone,12,0,0,1,11,1,130,High Risk,2025-03
TXN3395,2025-09-30,CUST0462,AGT0045,Dar,BuyAirtime,"271,446 ","215,576 ",0 ,USSD,11,0,0,1,4,1,60,Medium Risk,2025-09
TXN3396,2025-04-22,CUST0312,AGT0198,Dodoma,BuyAirtime,"2,362 ","840,380 ",0 ,Web,8,0,0,0,10,1,100,High Risk,2025-04
TXN3397,2025-06-24,CUST0338,AGT0050,Dar,Withdraw,"321,083 ","26,178 ",0 ,Web,0,0,0,1,5,1,70,High Risk,2025-06
TXN3398,2025-04-18,CUST0340,AGT0133,Dar,Deposit,"97,572 ","407,927 ",0 ,USSD,3,0,0,0,7,1,70,High Risk,2025-04
TXN3399,2025-07-14,CUST0322,AGT0200,Dodoma,Send,"154,864 ","56,560 ",0 ,Web,23,0,0,0,5,1,50,Medium Risk,2025-07
TXN3400,2025-04-12,CUST0108,AGT0149,Arusha,Receive,"195,362 ","429,330 ","325,072 ",Web,15,0,0,0,8,1,80,High Risk,2025-04
TXN3401,2025-09-15,CUST0287,AGT0196,Mwanza,Receive,"45,947 ","604,001 ","498,152 ",Web,6,0,0,0,5,1,50,Medium Risk,2025-09
TXN3402,2025-11-13,CUST0128,AGT0114,Dodoma,Send,"300,833 ","339,466 ",0 ,Smartphone,23,0,0,1,4,1,60,Medium Risk,2025-11
TXN3403,2025-03-17,CUST0229,AGT0006,Dar,PayBill,"278,878 ","318,445 ",0 ,USSD,11,0,0,1,14,1,160,High Risk,2025-03
TXN3404,2025-02-25,CUST0154,AGT0135,Mbeya,Withdraw,"422,484 ","931,392 ",0 ,Web,3,0,0,1,6,1,80,High Risk,2025-02
TXN3405,2025-04-13,CUST0335,AGT0092,Arusha,Withdraw,"177,211 ","908,122 ",0 ,Feature Phone,10,0,0,0,13,1,130,High Risk,2025-04
TXN3406,2025-01-19,CUST0224,AGT0200,Dar,Withdraw,"81,783 ","626,711 ",0 ,Feature Phone,6,0,0,0,9,1,90,High Risk,2025-01
TXN3407,2025-06-11,CUST0073,AGT0135,Dar,BuyAirtime,"7,313 ","861,909 ",0 ,Feature Phone,14,0,0,0,3,1,30,Low Risk,2025-06
TXN3408,2025-08-22,CUST0222,AGT0087,Dodoma,Send,"71,518 ","50,112 ",0 ,USSD,7,0,0,0,8,1,80,High Risk,2025-08
TXN3409,2025-05-27,CUST0187,AGT0113,Dodoma,Send,"74,635 ","940,428 ",0 ,Web,5,0,0,0,9,1,90,High Risk,2025-05
TXN3410,2025-09-28,CUST0110,AGT0096,Dar,Withdraw,"64,236 ","575,101 ",0 ,Smartphone,16,0,0,0,1,0,10,Low Risk,2025-09
TXN3411,2025-06-04,CUST0407,AGT0029,Arusha,Withdraw,"164,364 ","691,026 ",0 ,Feature Phone,21,0,0,0,13,1,130,High Risk,2025-06
TXN3412,2025-12-08,CUST0346,AGT0122,Mwanza,Withdraw,"348,485 ","355,055 ",0 ,USSD,22,0,0,1,1,0,30,Low Risk,2025-12
TXN3413,2025-04-25,CUST0452,AGT0073,Arusha,Send,"395,701 ","653,732 ",0 ,Smartphone,19,0,0,1,6,1,80,High Risk,2025-04
TXN3414,2025-05-11,CUST0224,AGT0050,Dodoma,Receive,"95,009 ","15,168 ","432,195 ",Feature Phone,6,0,0,0,6,1,60,Medium Risk,2025-05
TXN3415,2025-08-08,CUST0051,AGT0134,Dar,Withdraw,"36,071 ","19,338 ",0 ,Web,16,0,0,0,8,1,80,High Risk,2025-08
TXN3416,2025-04-20,CUST0197,AGT0151,Mbeya,Withdraw,"25,929 ","890,507 ",0 ,Smartphone,22,0,0,0,8,1,80,High Risk,2025-04
TXN3417,2025-04-30,CUST0488,AGT0082,Arusha,Send,"236,658 ","365,825 ",0 ,Feature Phone,1,0,0,1,14,1,160,High Risk,2025-04
TXN3418,2025-12-11,CUST0408,AGT0040,Dar,PayBill,"195,034 ","709,529 ",0 ,Feature Phone,17,0,0,0,2,0,20,Low Risk,2025-12
TXN3419,2025-09-13,CUST0200,AGT0114,Dar,Deposit,"216,457 ","455,973 ",0 ,Web,4,0,0,1,4,1,60,Medium Risk,2025-09
TXN3420,2025-12-02,CUST0380,AGT0187,Dar,Withdraw,"7,197 ","628,709 ",0 ,Web,22,0,0,0,3,1,30,Low Risk,2025-12
TXN3421,2025-02-25,CUST0364,AGT0089,Mwanza,Send,"356,562 ","101,475 ",0 ,USSD,15,0,0,1,10,1,120,High Risk,2025-02
TXN3422,2025-01-14,CUST0496,AGT0047,Dar,Deposit,"239,256 ","972,112 ",0 ,USSD,3,0,0,1,13,1,150,High Risk,2025-01
TXN3423,2025-12-04,CUST0484,AGT0040,Dodoma,BuyAirtime,"442,898 ","212,892 ",0 ,Web,8,0,0,1,3,1,50,Medium Risk,2025-12
TXN3424,2025-06-09,CUST0023,AGT0108,Mbeya,Send,"462,651 ","396,108 ",0 ,Feature Phone,6,0,0,1,4,1,60,Medium Risk,2025-06
TXN3425,2025-09-04,CUST0286,AGT0027,Mwanza,Deposit,"139,751 ","343,456 ",0 ,Web,18,0,0,0,6,1,60,Medium Risk,2025-09
TXN3426,2025-07-18,CUST0161,AGT0141,Dodoma,PayBill,"317,373 ","80,344 ",0 ,Feature Phone,10,0,0,1,3,1,50,Medium Risk,2025-07
TXN3427,2025-06-01,CUST0084,AGT0098,Dar,BuyAirtime,"350,439 ","951,346 ",0 ,Smartphone,20,0,0,1,6,1,80,High Risk,2025-06
TXN3428,2025-11-22,CUST0079,AGT0135,Mbeya,Send,"276,627 ","78,350 ",0 ,USSD,23,0,0,1,2,0,40,Medium Risk,2025-11
TXN3429,2025-03-08,CUST0024,AGT0115,Dar,Withdraw,"342,359 ","80,963 ",0 ,Smartphone,19,0,0,1,11,1,130,High Risk,2025-03
TXN3430,2025-05-25,CUST0147,AGT0021,Mbeya,PayBill,"273,020 ","544,600 ",0 ,Smartphone,9,0,0,1,5,1,70,High Risk,2025-05
TXN3431,2025-04-12,CUST0134,AGT0042,Mbeya,Withdraw,"395,071 ","112,125 ",0 ,Smartphone,2,0,0,1,6,1,80,High Risk,2025-04
TXN3432,2025-01-03,CUST0156,AGT0119,Dar,BuyAirtime,"60,310 ","383,726 ",0 ,Smartphone,18,0,0,0,15,1,150,High Risk,2025-01
TXN3433,2025-07-09,CUST0142,AGT0151,Arusha,Withdraw,"125,914 ","748,448 ",0 ,Web,23,0,0,0,5,1,50,Medium Risk,2025-07
TXN3434,2025-04-07,CUST0087,AGT0095,Dodoma,Deposit,"401,578 ","356,166 ",0 ,Smartphone,19,0,0,1,8,1,100,High Risk,2025-04
TXN3435,2025-08-07,CUST0045,AGT0135,Dar,PayBill,"324,462 ","25,017 ",0 ,Feature Phone,21,0,0,1,6,1,80,High Risk,2025-08
TXN3436,2025-09-13,CUST0278,AGT0156,Mbeya,Withdraw,"208,193 ","995,852 ",0 ,USSD,17,0,0,1,4,1,60,Medium Risk,2025-09
TXN3437,2025-08-31,CUST0221,AGT0052,Arusha,Receive,"248,289 ","352,592 ","8,871 ",Feature Phone,0,0,0,1,6,1,80,High Risk,2025-08
TXN3438,2025-05-03,CUST0271,AGT0009,Mwanza,Withdraw,"295,844 ","413,968 ",0 ,Smartphone,17,0,0,1,5,1,70,High Risk,2025-05
TXN3439,2025-06-18,CUST0244,AGT0150,Dodoma,Receive,"483,851 ","312,030 ","187,059 ",USSD,23,0,0,1,6,1,80,High Risk,2025-06
TXN3440,2025-05-22,CUST0308,AGT0133,Dar,Send,"297,394 ","6,787 ",0 ,Feature Phone,5,0,0,1,10,1,120,High Risk,2025-05
TXN3441,2025-06-14,CUST0115,AGT0137,Mbeya,PayBill,"66,119 ","446,239 ",0 ,Feature Phone,5,0,0,0,6,1,60,Medium Risk,2025-06
TXN3442,2025-03-31,CUST0027,AGT0034,Arusha,PayBill,"109,181 ","854,036 ",0 ,Web,13,0,0,0,7,1,70,High Risk,2025-03
TXN3443,2025-09-08,CUST0487,AGT0124,Dodoma,Withdraw,"335,195 ","734,902 ",0 ,USSD,14,0,0,1,3,1,50,Medium Risk,2025-09
TXN3444,2025-08-31,CUST0104,AGT0139,Dar,Receive,"469,275 ","90,812 ","56,685 ",Smartphone,9,0,0,1,8,1,100,High Risk,2025-08
TXN3445,2025-09-10,CUST0035,AGT0052,Dodoma,Deposit,"23,922 ","226,779 ",0 ,USSD,17,0,0,0,7,1,70,High Risk,2025-09
TXN3446,2025-07-17,CUST0013,AGT0002,Arusha,BuyAirtime,"216,733 ","812,457 ",0 ,USSD,13,0,0,1,4,1,60,Medium Risk,2025-07
TXN3447,2025-01-30,CUST0170,AGT0099,Mwanza,Withdraw,"81,133 ","946,343 ",0 ,Feature Phone,14,0,0,0,7,1,70,High Risk,2025-01
TXN3448,2025-03-15,CUST0166,AGT0074,Mwanza,Receive,"284,981 ","416,816 ","189,453 ",Feature Phone,1,0,0,1,13,1,150,High Risk,2025-03
TXN3449,2025-08-23,CUST0269,AGT0088,Dodoma,Send,"444,212 ","638,270 ",0 ,USSD,18,0,0,1,5,1,70,High Risk,2025-08
TXN3450,2025-12-31,CUST0278,AGT0088,Dar,Receive,"490,902 ","993,482 ","11,337 ",Smartphone,15,0,0,1,1,0,30,Low Risk,2025-12
TXN3451,2025-05-08,CUST0242,AGT0011,Dar,BuyAirtime,"205,750 ","105,119 ",0 ,Smartphone,9,0,0,1,7,1,90,High Risk,2025-05
TXN3452,2025-10-10,CUST0485,AGT0102,Arusha,Deposit,"90,219 ","730,494 ",0 ,Web,17,0,0,0,5,1,50,Medium Risk,2025-10
TXN3453,2025-07-16,CUST0226,AGT0154,Dar,Receive,"395,208 ","98,818 ","233,648 ",Web,17,0,0,1,9,1,110,High Risk,2025-07
TXN3454,2025-11-25,CUST0287,AGT0199,Arusha,Send,"130,541 ","666,883 ",0 ,USSD,11,0,0,0,2,0,20,Low Risk,2025-11
TXN3455,2025-09-19,CUST0097,AGT0070,Mbeya,BuyAirtime,"150,670 ","370,972 ",0 ,Feature Phone,10,0,0,0,3,1,30,Low Risk,2025-09
TXN3456,2025-08-23,CUST0036,AGT0118,Mwanza,BuyAirtime,"183,115 ","955,812 ",0 ,Feature Phone,20,0,0,0,7,1,70,High Risk,2025-08
TXN3457,2025-05-10,CUST0210,AGT0086,Arusha,Withdraw,"463,969 ","239,464 ",0 ,Feature Phone,11,0,0,1,9,1,110,High Risk,2025-05
TXN3458,2025-05-28,CUST0177,AGT0151,Dodoma,BuyAirtime,"15,709 ","111,214 ",0 ,Feature Phone,18,1,0,0,10,1,150,High Risk,2025-05
TXN3459,2025-04-27,CUST0031,AGT0097,Dar,Receive,"28,424 ","433,122 ","390,041 ",Web,1,0,0,0,11,1,110,High Risk,2025-04
TXN3460,2025-10-07,CUST0312,AGT0068,Mwanza,BuyAirtime,"286,717 ","518,340 ",0 ,Feature Phone,17,0,0,1,3,1,50,Medium Risk,2025-10
TXN3461,2025-01-24,CUST0242,AGT0126,Mbeya,Deposit,"174,260 ","679,060 ",0 ,USSD,12,0,0,0,13,1,130,High Risk,2025-01
TXN3462,2025-10-27,CUST0396,AGT0154,Dodoma,Receive,"326,378 ","607,072 ","423,277 ",USSD,6,0,0,1,1,0,30,Low Risk,2025-10
TXN3463,2025-10-02,CUST0225,AGT0093,Dar,Send,"102,556 ","930,652 ",0 ,Smartphone,5,0,0,0,3,1,30,Low Risk,2025-10
TXN3464,2025-07-05,CUST0104,AGT0013,Dar,Send,"272,303 ","586,400 ",0 ,USSD,17,0,0,1,11,1,130,High Risk,2025-07
TXN3465,2025-03-15,CUST0319,AGT0038,Arusha,Deposit,"20,404 ","778,322 ",0 ,Web,18,0,0,0,11,1,110,High Risk,2025-03
TXN3466,2025-08-04,CUST0483,AGT0055,Dodoma,BuyAirtime,"281,710 ","502,938 ",0 ,Smartphone,16,0,0,1,6,1,80,High Risk,2025-08
TXN3467,2025-08-24,CUST0141,AGT0181,Mwanza,BuyAirtime,"69,968 ","613,941 ",0 ,Web,17,0,0,0,6,1,60,Medium Risk,2025-08
TXN3468,2025-11-11,CUST0353,AGT0133,Dodoma,Deposit,"478,949 ","692,005 ",0 ,Feature Phone,20,0,0,1,2,0,40,Medium Risk,2025-11
TXN3469,2025-03-08,CUST0323,AGT0147,Dodoma,Send,"231,035 ","309,294 ",0 ,USSD,2,0,0,1,15,1,170,High Risk,2025-03
TXN3470,2025-12-11,CUST0389,AGT0034,Dar,Send,"470,255 ","288,403 ",0 ,USSD,17,0,0,1,3,1,50,Medium Risk,2025-12
TXN3471,2025-08-15,CUST0195,AGT0109,Dodoma,Send,"485,162 ","306,233 ",0 ,USSD,2,0,0,1,6,1,80,High Risk,2025-08
TXN3472,2025-02-07,CUST0130,AGT0083,Mbeya,BuyAirtime,"183,545 ","34,831 ",0 ,USSD,20,0,0,0,14,1,140,High Risk,2025-02
TXN3473,2025-06-16,CUST0112,AGT0084,Mbeya,BuyAirtime,"314,045 ","886,572 ",0 ,Smartphone,18,0,0,1,6,1,80,High Risk,2025-06
TXN3474,2025-07-06,CUST0491,AGT0150,Dodoma,PayBill,"479,196 ","856,465 ",0 ,USSD,18,0,0,1,2,0,40,Medium Risk,2025-07
TXN3475,2025-08-03,CUST0086,AGT0041,Mwanza,Send,"68,943 ","344,912 ",0 ,Smartphone,18,0,0,0,8,1,80,High Risk,2025-08
TXN3476,2025-02-20,CUST0054,AGT0183,Dodoma,Receive,"253,660 ","628,851 ","186,342 ",Smartphone,11,0,0,1,8,1,100,High Risk,2025-02
TXN3477,2025-11-01,CUST0090,AGT0188,Mwanza,Send,"185,691 ","387,873 ",0 ,USSD,12,0,0,0,3,1,30,Low Risk,2025-11
TXN3478,2025-10-28,CUST0192,AGT0154,Mwanza,BuyAirtime,"35,654 ","686,595 ",0 ,Smartphone,0,0,0,0,5,1,50,Medium Risk,2025-10
TXN3479,2025-07-07,CUST0012,AGT0131,Mwanza,Send,"448,908 ","970,581 ",0 ,Smartphone,4,0,0,1,5,1,70,High Risk,2025-07
TXN3480,2025-09-28,CUST0027,AGT0157,Dar,BuyAirtime,"338,027 ","469,704 ",0 ,Web,18,0,0,1,3,1,50,Medium Risk,2025-09
TXN3481,2025-07-25,CUST0398,AGT0051,Dodoma,Withdraw,"226,959 ","827,775 ",0 ,Web,9,0,0,1,5,1,70,High Risk,2025-07
TXN3482,2025-09-01,CUST0217,AGT0167,Dar,Deposit,"160,655 ","654,899 ",0 ,USSD,17,0,0,0,3,1,30,Low Risk,2025-09
TXN3483,2025-01-21,CUST0384,AGT0147,Dodoma,Withdraw,"3,700 ","824,056 ",0 ,USSD,19,1,0,0,6,1,110,High Risk,2025-01
TXN3484,2025-08-21,CUST0137,AGT0082,Mbeya,Receive,"44,633 ","304,456 ","3,457 ",Feature Phone,21,0,0,0,4,1,40,Medium Risk,2025-08
TXN3485,2025-09-28,CUST0165,AGT0036,Arusha,Send,"494,385 ","480,755 ",0 ,USSD,22,0,0,1,4,1,60,Medium Risk,2025-09
TXN3486,2025-03-11,CUST0103,AGT0170,Dodoma,Withdraw,"112,671 ","261,277 ",0 ,Web,12,0,0,0,5,1,50,Medium Risk,2025-03
TXN3487,2025-02-10,CUST0011,AGT0168,Arusha,Withdraw,"294,537 ","664,682 ",0 ,USSD,8,0,0,1,9,1,110,High Risk,2025-02
TXN3488,2025-12-11,CUST0136,AGT0148,Dodoma,Withdraw,"25,808 ","247,456 ",0 ,Smartphone,11,0,0,0,1,0,10,Low Risk,2025-12
TXN3489,2025-10-01,CUST0401,AGT0093,Mbeya,Deposit,"119,483 ","569,986 ",0 ,USSD,21,0,0,0,1,0,10,Low Risk,2025-10
TXN3490,2025-01-21,CUST0193,AGT0106,Dodoma,BuyAirtime,"189,718 ","60,268 ",0 ,Web,20,0,0,0,12,1,120,High Risk,2025-01
TXN3491,2025-01-21,CUST0439,AGT0038,Mwanza,PayBill,"493,364 ","698,980 ",0 ,Web,9,0,0,1,16,1,180,High Risk,2025-01
TXN3492,2025-01-07,CUST0209,AGT0170,Dar,Send,"41,580 ","644,010 ",0 ,Smartphone,8,0,0,0,14,1,140,High Risk,2025-01
TXN3493,2025-11-23,CUST0062,AGT0123,Arusha,PayBill,"454,758 ","229,627 ",0 ,Web,15,0,0,1,1,0,30,Low Risk,2025-11
TXN3494,2025-06-17,CUST0123,AGT0131,Mbeya,Withdraw,"373,210 ","812,610 ",0 ,Web,7,0,0,1,6,1,80,High Risk,2025-06
TXN3495,2025-09-17,CUST0475,AGT0049,Dodoma,BuyAirtime,"350,892 ","673,490 ",0 ,Feature Phone,5,0,0,1,4,1,60,Medium Risk,2025-09
TXN3496,2025-02-01,CUST0415,AGT0124,Dodoma,Withdraw,"347,066 ","71,737 ",0 ,Feature Phone,13,0,0,1,13,1,150,High Risk,2025-02
TXN3497,2025-01-13,CUST0164,AGT0043,Mbeya,Deposit,"122,028 ","712,460 ",0 ,Smartphone,23,0,0,0,17,1,170,High Risk,2025-01
TXN3498,2025-09-15,CUST0473,AGT0162,Dodoma,Receive,"191,917 ","813,182 ","132,820 ",USSD,4,0,0,0,5,1,50,Medium Risk,2025-09
TXN3499,2025-07-21,CUST0066,AGT0054,Dodoma,PayBill,"15,734 ","569,508 ",0 ,USSD,2,0,0,0,1,0,10,Low Risk,2025-07
TXN3500,2025-08-19,CUST0333,AGT0183,Dar,BuyAirtime,"352,125 ","978,405 ",0 ,Smartphone,7,0,0,1,6,1,80,High Risk,2025-08
TXN3501,2025-09-13,CUST0101,AGT0109,Dar,PayBill,"208,436 ","451,878 ",0 ,Feature Phone,6,0,0,1,4,1,60,Medium Risk,2025-09
TXN3502,2025-05-24,CUST0375,AGT0094,Dodoma,Send,"74,192 ","514,385 ",0 ,Feature Phone,6,0,0,0,8,1,80,High Risk,2025-05
TXN3503,2025-03-02,CUST0403,AGT0110,Dar,Send,"468,962 ","609,071 ",0 ,Feature Phone,23,0,0,1,6,1,80,High Risk,2025-03
TXN3504,2025-01-26,CUST0249,AGT0022,Arusha,PayBill,"281,710 ","599,618 ",0 ,Smartphone,22,0,0,1,12,1,140,High Risk,2025-01
TXN3505,2025-02-24,CUST0467,AGT0129,Dar,Send,"237,481 ","416,859 ",0 ,USSD,12,0,0,1,17,1,190,High Risk,2025-02
TXN3506,2025-08-06,CUST0304,AGT0077,Dodoma,PayBill,"281,884 ","241,331 ",0 ,USSD,22,0,0,1,7,1,90,High Risk,2025-08
TXN3507,2025-12-10,CUST0222,AGT0178,Mbeya,BuyAirtime,"79,852 ","538,063 ",0 ,Feature Phone,20,0,0,0,1,0,10,Low Risk,2025-12
TXN3508,2025-11-08,CUST0039,AGT0079,Mbeya,PayBill,"318,639 ","587,750 ",0 ,Web,6,0,0,1,1,0,30,Low Risk,2025-11
TXN3509,2025-09-06,CUST0345,AGT0013,Mbeya,Receive,"235,544 ","543,318 ","245,902 ",Feature Phone,16,0,0,1,3,1,50,Medium Risk,2025-09
TXN3510,2025-09-10,CUST0344,AGT0154,Mbeya,BuyAirtime,"261,234 ","905,388 ",0 ,Smartphone,1,0,0,1,2,0,40,Medium Risk,2025-09
TXN3511,2025-04-11,CUST0310,AGT0060,Mwanza,Receive,"108,869 ","118,109 ","456,837 ",Web,5,0,0,0,6,1,60,Medium Risk,2025-04
TXN3512,2025-04-09,CUST0297,AGT0196,Dodoma,PayBill,"183,467 ","951,942 ",0 ,Smartphone,14,0,0,0,9,1,90,High Risk,2025-04
TXN3513,2025-06-05,CUST0137,AGT0082,Arusha,Receive,"357,510 ","63,679 ","71,002 ",Smartphone,3,0,0,1,9,1,110,High Risk,2025-06
TXN3514,2025-10-29,CUST0289,AGT0019,Arusha,Send,"207,325 ","370,670 ",0 ,Web,21,0,0,1,1,0,30,Low Risk,2025-10
TXN3515,2025-08-18,CUST0249,AGT0015,Mwanza,BuyAirtime,"100,179 ","529,326 ",0 ,USSD,15,0,0,0,6,1,60,Medium Risk,2025-08
TXN3516,2025-06-25,CUST0086,AGT0004,Dar,Withdraw,"406,311 ","423,675 ",0 ,USSD,15,0,0,1,10,1,120,High Risk,2025-06
TXN3517,2025-01-09,CUST0222,AGT0004,Arusha,BuyAirtime,"131,471 ","917,459 ",0 ,Feature Phone,7,0,0,0,13,1,130,High Risk,2025-01
TXN3518,2025-05-26,CUST0062,AGT0064,Arusha,Withdraw,"479,723 ","813,993 ",0 ,USSD,23,0,0,1,6,1,80,High Risk,2025-05
TXN3519,2025-05-16,CUST0434,AGT0076,Arusha,BuyAirtime,"24,508 ","837,845 ",0 ,Web,7,0,0,0,9,1,90,High Risk,2025-05
TXN3520,2025-06-02,CUST0203,AGT0049,Dar,Receive,"105,615 ","872,073 ","386,790 ",Web,9,1,0,0,5,1,100,High Risk,2025-06
TXN3521,2025-01-23,CUST0409,AGT0141,Dodoma,Receive,"408,627 ","80,375 ","299,050 ",Web,6,0,0,1,9,1,110,High Risk,2025-01
TXN3522,2025-09-07,CUST0415,AGT0050,Arusha,Send,"407,594 ","14,513 ",0 ,Web,23,0,0,1,2,0,40,Medium Risk,2025-09
TXN3523,2025-08-24,CUST0250,AGT0102,Dar,PayBill,"476,307 ","747,434 ",0 ,Feature Phone,2,0,0,1,2,0,40,Medium Risk,2025-08
TXN3524,2025-10-09,CUST0276,AGT0123,Mbeya,PayBill,"233,718 ","208,127 ",0 ,Web,22,0,0,1,3,1,50,Medium Risk,2025-10
TXN3525,2025-03-01,CUST0212,AGT0046,Mbeya,Withdraw,"45,808 ","326,101 ",0 ,Smartphone,9,0,0,0,10,1,100,High Risk,2025-03
TXN3526,2025-01-05,CUST0408,AGT0122,Arusha,BuyAirtime,"158,214 ","178,760 ",0 ,Web,20,0,0,0,17,1,170,High Risk,2025-01
TXN3527,2025-12-16,CUST0273,AGT0071,Mwanza,Send,"289,185 ","759,089 ",0 ,Smartphone,17,0,0,1,1,0,30,Low Risk,2025-12
TXN3528,2025-07-01,CUST0287,AGT0054,Dodoma,Receive,"157,727 ","879,135 ","404,376 ",Feature Phone,9,0,0,0,8,1,80,High Risk,2025-07
TXN3529,2025-09-16,CUST0222,AGT0108,Arusha,Send,"139,736 ","245,220 ",0 ,Feature Phone,12,0,0,0,7,1,70,High Risk,2025-09
TXN3530,2025-07-26,CUST0319,AGT0171,Arusha,Deposit,"327,364 ","249,947 ",0 ,Smartphone,17,0,0,1,3,1,50,Medium Risk,2025-07
TXN3531,2025-06-09,CUST0041,AGT0015,Mwanza,Receive,"134,495 ","151,594 ","269,583 ",Feature Phone,12,0,0,0,7,1,70,High Risk,2025-06
TXN3532,2025-03-13,CUST0172,AGT0175,Mbeya,Withdraw,"188,029 ","492,147 ",0 ,Feature Phone,10,0,0,0,7,1,70,High Risk,2025-03
TXN3533,2025-06-18,CUST0422,AGT0139,Dodoma,PayBill,"294,783 ","192,372 ",0 ,Web,6,0,0,1,6,1,80,High Risk,2025-06
TXN3534,2025-12-29,CUST0124,AGT0095,Dar,BuyAirtime,"333,787 ","5,241 ",0 ,USSD,18,0,0,1,1,0,30,Low Risk,2025-12
TXN3535,2025-09-30,CUST0398,AGT0194,Mbeya,BuyAirtime,"139,360 ","91,055 ",0 ,Smartphone,19,0,0,0,4,1,40,Medium Risk,2025-09
TXN3536,2025-01-19,CUST0319,AGT0137,Mbeya,Receive,"337,088 ","697,963 ","241,198 ",Web,9,0,0,1,13,1,150,High Risk,2025-01
TXN3537,2025-08-07,CUST0364,AGT0196,Dar,PayBill,"82,863 ","821,856 ",0 ,Web,20,0,0,0,4,1,40,Medium Risk,2025-08
TXN3538,2025-12-09,CUST0163,AGT0060,Mwanza,BuyAirtime,"203,154 ","492,066 ",0 ,Smartphone,17,0,0,1,3,1,50,Medium Risk,2025-12
TXN3539,2025-07-19,CUST0476,AGT0061,Dodoma,PayBill,"295,534 ","650,106 ",0 ,Feature Phone,9,0,0,1,1,0,30,Low Risk,2025-07
TXN3540,2025-07-29,CUST0189,AGT0187,Dodoma,Send,"86,280 ","333,417 ",0 ,Feature Phone,23,0,0,0,8,1,80,High Risk,2025-07
TXN3541,2025-09-28,CUST0045,AGT0199,Arusha,BuyAirtime,"17,396 ","466,166 ",0 ,USSD,2,0,0,0,4,1,40,Medium Risk,2025-09
TXN3542,2025-03-03,CUST0174,AGT0055,Mwanza,Receive,"328,424 ","163,813 ","52,456 ",USSD,5,0,0,1,8,1,100,High Risk,2025-03
TXN3543,2025-03-03,CUST0395,AGT0099,Mbeya,Withdraw,"351,810 ","982,043 ",0 ,Web,18,0,0,1,8,1,100,High Risk,2025-03
TXN3544,2025-08-04,CUST0152,AGT0167,Arusha,Receive,"348,236 ","112,055 ","474,033 ",Feature Phone,11,0,0,1,6,1,80,High Risk,2025-08
TXN3545,2025-06-29,CUST0387,AGT0014,Mbeya,Deposit,"416,007 ","758,321 ",0 ,Feature Phone,2,0,0,1,4,1,60,Medium Risk,2025-06
TXN3546,2025-05-09,CUST0339,AGT0031,Dar,Receive,"456,569 ","867,840 ","407,248 ",Web,8,0,0,1,9,1,110,High Risk,2025-05
TXN3547,2025-07-19,CUST0302,AGT0042,Arusha,BuyAirtime,"273,709 ","112,208 ",0 ,Feature Phone,11,0,0,1,6,1,80,High Risk,2025-07
TXN3548,2025-07-31,CUST0495,AGT0195,Dodoma,BuyAirtime,"257,378 ","798,014 ",0 ,USSD,5,0,0,1,6,1,80,High Risk,2025-07
TXN3549,2025-04-09,CUST0407,AGT0122,Arusha,Deposit,"407,965 ","320,303 ",0 ,USSD,18,0,0,1,15,1,170,High Risk,2025-04
TXN3550,2025-08-30,CUST0302,AGT0133,Mbeya,Send,"268,562 ","605,862 ",0 ,Feature Phone,20,0,0,1,5,1,70,High Risk,2025-08
TXN3551,2025-02-04,CUST0050,AGT0128,Mbeya,BuyAirtime,"239,800 ","523,174 ",0 ,Smartphone,15,0,0,1,8,1,100,High Risk,2025-02
TXN3552,2025-09-09,CUST0146,AGT0098,Dar,PayBill,"169,939 ","874,719 ",0 ,Smartphone,19,0,0,0,2,0,20,Low Risk,2025-09
TXN3553,2025-05-16,CUST0372,AGT0106,Dar,BuyAirtime,"285,515 ","502,432 ",0 ,Feature Phone,23,0,0,1,8,1,100,High Risk,2025-05
TXN3554,2025-08-09,CUST0166,AGT0168,Dodoma,BuyAirtime,"130,424 ","620,182 ",0 ,Web,5,0,0,0,8,1,80,High Risk,2025-08
TXN3555,2025-11-01,CUST0048,AGT0176,Mwanza,PayBill,"197,966 ","843,286 ",0 ,Feature Phone,15,0,0,0,3,1,30,Low Risk,2025-11
TXN3556,2025-02-13,CUST0129,AGT0199,Mbeya,Send,"416,385 ","113,415 ",0 ,Web,5,0,0,1,12,1,140,High Risk,2025-02
TXN3557,2025-04-24,CUST0309,AGT0175,Dodoma,PayBill,"33,355 ","944,094 ",0 ,Feature Phone,5,0,0,0,11,1,110,High Risk,2025-04
TXN3558,2025-04-17,CUST0344,AGT0134,Dodoma,BuyAirtime,"314,386 ","64,088 ",0 ,Web,4,0,0,1,4,1,60,Medium Risk,2025-04
TXN3559,2025-10-24,CUST0413,AGT0064,Mwanza,Deposit,"417,896 ","511,970 ",0 ,Web,15,0,0,1,3,1,50,Medium Risk,2025-10
TXN3560,2025-11-15,CUST0431,AGT0019,Mwanza,Receive,"145,142 ","760,928 ","363,921 ",Smartphone,12,0,0,0,1,0,10,Low Risk,2025-11
TXN3561,2025-07-27,CUST0121,AGT0116,Mbeya,BuyAirtime,"306,516 ","6,411 ",0 ,USSD,23,0,0,1,3,1,50,Medium Risk,2025-07
TXN3562,2025-12-21,CUST0323,AGT0019,Dodoma,BuyAirtime,"318,114 ","693,625 ",0 ,USSD,22,0,0,1,2,0,40,Medium Risk,2025-12
TXN3563,2025-07-05,CUST0315,AGT0093,Dodoma,Receive,"53,407 ","156,590 ","119,835 ",Web,3,0,0,0,2,0,20,Low Risk,2025-07
TXN3564,2025-05-31,CUST0315,AGT0192,Dar,PayBill,"328,423 ","811,613 ",0 ,Web,17,0,0,1,5,1,70,High Risk,2025-05
TXN3565,2025-07-10,CUST0004,AGT0143,Mwanza,Receive,"45,457 ","742,234 ","433,108 ",Web,12,0,0,0,4,1,40,Medium Risk,2025-07
TXN3566,2025-02-21,CUST0040,AGT0016,Arusha,Receive,"258,847 ","397,597 ","333,025 ",Smartphone,12,0,0,1,4,1,60,Medium Risk,2025-02
TXN3567,2025-11-24,CUST0035,AGT0006,Mbeya,Receive,"196,016 ","576,167 ","277,487 ",Web,19,0,0,0,4,1,40,Medium Risk,2025-11
TXN3568,2025-01-08,CUST0217,AGT0020,Dar,Receive,"486,075 ","125,927 ","202,556 ",Smartphone,19,0,0,1,13,1,150,High Risk,2025-01
TXN3569,2025-12-26,CUST0388,AGT0138,Mwanza,Receive,"24,306 ","868,749 ","420,923 ",Web,0,0,0,0,1,0,10,Low Risk,2025-12
TXN3570,2025-02-25,CUST0404,AGT0018,Dar,Withdraw,"108,252 ","371,260 ",0 ,Web,1,0,0,0,6,1,60,Medium Risk,2025-02
TXN3571,2025-06-24,CUST0238,AGT0057,Mbeya,BuyAirtime,"288,363 ","802,046 ",0 ,Feature Phone,21,0,0,1,4,1,60,Medium Risk,2025-06
TXN3572,2025-04-30,CUST0419,AGT0037,Mbeya,Send,"131,039 ","231,384 ",0 ,Smartphone,23,0,0,0,8,1,80,High Risk,2025-04
TXN3573,2025-01-05,CUST0464,AGT0085,Dodoma,Withdraw,"435,368 ","711,511 ",0 ,Web,20,0,0,1,10,1,120,High Risk,2025-01
TXN3574,2025-05-18,CUST0453,AGT0114,Mwanza,PayBill,"179,011 ","194,922 ",0 ,Smartphone,16,0,0,0,6,1,60,Medium Risk,2025-05
TXN3575,2025-03-21,CUST0019,AGT0016,Dar,BuyAirtime,"466,242 ","625,382 ",0 ,Feature Phone,9,0,0,1,3,1,50,Medium Risk,2025-03
TXN3576,2025-06-27,CUST0488,AGT0119,Dodoma,BuyAirtime,"73,694 ","395,822 ",0 ,USSD,10,0,0,0,12,1,120,High Risk,2025-06
TXN3577,2025-01-07,CUST0486,AGT0136,Mwanza,PayBill,"405,043 ","923,863 ",0 ,USSD,14,0,0,1,9,1,110,High Risk,2025-01
TXN3578,2025-12-22,CUST0109,AGT0039,Arusha,Receive,"150,459 ","852,310 ","4,346 ",USSD,6,0,0,0,1,0,10,Low Risk,2025-12
TXN3579,2025-12-08,CUST0490,AGT0089,Dodoma,Deposit,"225,650 ","521,176 ",0 ,Web,23,0,0,1,1,0,30,Low Risk,2025-12
TXN3580,2025-03-29,CUST0092,AGT0141,Dar,Send,"16,677 ","25,953 ",0 ,Web,13,0,0,0,10,1,100,High Risk,2025-03
TXN3581,2025-01-10,CUST0474,AGT0071,Dodoma,Receive,"7,405 ","121,772 ","145,608 ",USSD,18,0,0,0,14,1,140,High Risk,2025-01
TXN3582,2025-04-20,CUST0462,AGT0150,Dar,Send,"466,867 ","21,467 ",0 ,Feature Phone,15,0,0,1,10,1,120,High Risk,2025-04
TXN3583,2025-09-11,CUST0057,AGT0089,Arusha,BuyAirtime,"13,947 ","670,989 ",0 ,USSD,18,0,0,0,8,1,80,High Risk,2025-09
TXN3584,2025-08-14,CUST0273,AGT0078,Dar,Deposit,"4,230 ","570,200 ",0 ,Smartphone,23,0,0,0,7,1,70,High Risk,2025-08
TXN3585,2025-03-06,CUST0326,AGT0174,Dodoma,PayBill,"135,466 ","587,300 ",0 ,Web,19,0,0,0,5,1,50,Medium Risk,2025-03
TXN3586,2025-10-01,CUST0479,AGT0132,Arusha,PayBill,"203,299 ","870,854 ",0 ,Feature Phone,8,0,0,1,3,1,50,Medium Risk,2025-10
TXN3587,2025-10-09,CUST0467,AGT0024,Dar,Send,"38,660 ","434,124 ",0 ,Web,3,0,0,0,4,1,40,Medium Risk,2025-10
TXN3588,2025-08-20,CUST0377,AGT0016,Dodoma,Send,"283,060 ","613,022 ",0 ,Smartphone,23,0,0,1,5,1,70,High Risk,2025-08
TXN3589,2025-01-14,CUST0204,AGT0152,Dar,PayBill,"280,132 ","208,763 ",0 ,Smartphone,1,0,0,1,13,1,150,High Risk,2025-01
TXN3590,2025-06-23,CUST0044,AGT0194,Mwanza,BuyAirtime,"147,197 ","394,125 ",0 ,Smartphone,16,0,0,0,12,1,120,High Risk,2025-06
TXN3591,2025-02-16,CUST0372,AGT0148,Dar,Send,"312,626 ","606,468 ",0 ,USSD,16,0,0,1,12,1,140,High Risk,2025-02
TXN3592,2025-05-15,CUST0436,AGT0017,Mwanza,BuyAirtime,"87,282 ","774,463 ",0 ,Web,1,0,0,0,5,1,50,Medium Risk,2025-05
TXN3593,2025-09-11,CUST0305,AGT0107,Mwanza,Deposit,"222,941 ","10,420 ",0 ,Web,23,0,0,1,4,1,60,Medium Risk,2025-09
TXN3594,2025-01-27,CUST0252,AGT0106,Dodoma,BuyAirtime,"105,570 ","21,114 ",0 ,Web,12,0,0,0,7,1,70,High Risk,2025-01
TXN3595,2025-02-07,CUST0034,AGT0090,Dodoma,Send,"135,687 ","887,512 ",0 ,USSD,9,0,0,0,8,1,80,High Risk,2025-02
TXN3596,2025-12-13,CUST0439,AGT0062,Mwanza,PayBill,"306,254 ","851,884 ",0 ,Web,22,0,0,1,2,0,40,Medium Risk,2025-12
TXN3597,2025-08-26,CUST0141,AGT0157,Arusha,BuyAirtime,"64,531 ","47,618 ",0 ,USSD,21,0,0,0,5,1,50,Medium Risk,2025-08
TXN3598,2025-11-03,CUST0049,AGT0094,Arusha,Receive,"270,674 ","6,088 ","88,249 ",Feature Phone,18,0,0,1,4,1,60,Medium Risk,2025-11
TXN3599,2025-10-24,CUST0068,AGT0122,Mbeya,Deposit,"13,414 ","894,668 ",0 ,Smartphone,21,0,0,0,3,1,30,Low Risk,2025-10
TXN3600,2025-12-16,CUST0192,AGT0138,Mwanza,BuyAirtime,"407,751 ","540,611 ",0 ,USSD,4,0,0,1,3,1,50,Medium Risk,2025-12
TXN3601,2025-01-20,CUST0020,AGT0059,Dodoma,PayBill,"122,386 ","664,476 ",0 ,Smartphone,0,0,0,0,11,1,110,High Risk,2025-01
TXN3602,2025-05-23,CUST0107,AGT0126,Dar,Receive,"410,450 ","891,688 ","368,181 ",USSD,0,0,0,1,5,1,70,High Risk,2025-05
TXN3603,2025-10-24,CUST0122,AGT0039,Arusha,Deposit,"408,620 ","258,149 ",0 ,USSD,10,0,0,1,3,1,50,Medium Risk,2025-10
TXN3604,2025-05-21,CUST0085,AGT0083,Dodoma,Withdraw,"379,712 ","507,084 ",0 ,Smartphone,13,0,0,1,6,1,80,High Risk,2025-05
TXN3605,2025-03-06,CUST0177,AGT0189,Mwanza,Deposit,"74,194 ","378,458 ",0 ,Feature Phone,16,0,0,0,12,1,120,High Risk,2025-03
TXN3606,2025-07-20,CUST0123,AGT0041,Dar,Deposit,"394,863 ","575,390 ",0 ,Smartphone,19,0,0,1,5,1,70,High Risk,2025-07
TXN3607,2025-11-02,CUST0148,AGT0061,Dodoma,Withdraw,"251,155 ","810,906 ",0 ,USSD,7,0,0,1,1,0,30,Low Risk,2025-11
TXN3608,2025-03-18,CUST0471,AGT0018,Mbeya,Receive,"366,028 ","894,835 ","405,717 ",Smartphone,11,0,0,1,10,1,120,High Risk,2025-03
TXN3609,2025-12-16,CUST0052,AGT0112,Dodoma,Withdraw,"314,086 ","394,714 ",0 ,Smartphone,14,0,0,1,1,0,30,Low Risk,2025-12
TXN3610,2025-04-19,CUST0188,AGT0188,Mbeya,PayBill,"299,912 ","518,858 ",0 ,Web,9,0,0,1,7,1,90,High Risk,2025-04
TXN3611,2025-09-17,CUST0204,AGT0152,Dodoma,Receive,"174,453 ","193,090 ","250,155 ",Smartphone,6,0,0,0,2,0,20,Low Risk,2025-09
TXN3612,2025-06-19,CUST0061,AGT0117,Arusha,Withdraw,"247,836 ","431,223 ",0 ,Smartphone,21,0,0,1,7,1,90,High Risk,2025-06
TXN3613,2025-01-21,CUST0221,AGT0164,Mwanza,Send,"69,003 ","178,424 ",0 ,USSD,4,0,0,0,9,1,90,High Risk,2025-01
TXN3614,2025-07-12,CUST0438,AGT0051,Mwanza,Deposit,"163,905 ","68,426 ",0 ,USSD,22,0,0,0,4,1,40,Medium Risk,2025-07
TXN3615,2025-01-21,CUST0033,AGT0150,Mbeya,Deposit,"287,742 ","8,698 ",0 ,Web,23,0,0,1,14,1,160,High Risk,2025-01
TXN3616,2025-06-28,CUST0277,AGT0117,Dodoma,PayBill,"420,950 ","807,900 ",0 ,Smartphone,1,0,0,1,9,1,110,High Risk,2025-06
TXN3617,2025-07-03,CUST0228,AGT0169,Arusha,Deposit,"412,133 ","54,063 ",0 ,Smartphone,15,0,0,1,8,1,100,High Risk,2025-07
TXN3618,2025-04-05,CUST0474,AGT0075,Arusha,Receive,"152,824 ","663,969 ","22,744 ",Smartphone,8,0,0,0,10,1,100,High Risk,2025-04
TXN3619,2025-02-11,CUST0020,AGT0155,Dar,Receive,"132,115 ","712,300 ","232,414 ",Smartphone,20,0,0,0,9,1,90,High Risk,2025-02
TXN3620,2025-11-13,CUST0464,AGT0004,Dodoma,BuyAirtime,"369,548 ","516,630 ",0 ,Feature Phone,15,0,0,1,2,0,40,Medium Risk,2025-11
TXN3621,2025-10-25,CUST0024,AGT0155,Dodoma,Deposit,"59,603 ","102,125 ",0 ,Smartphone,23,0,0,0,4,1,40,Medium Risk,2025-10
TXN3622,2025-08-05,CUST0104,AGT0140,Mwanza,Withdraw,"493,912 ","503,239 ",0 ,USSD,3,0,0,1,10,1,120,High Risk,2025-08
TXN3623,2025-12-07,CUST0395,AGT0088,Dodoma,Withdraw,"74,157 ","212,582 ",0 ,Smartphone,15,0,0,0,1,0,10,Low Risk,2025-12
TXN3624,2025-06-30,CUST0012,AGT0153,Dar,PayBill,"235,571 ","602,511 ",0 ,Feature Phone,21,0,0,1,6,1,80,High Risk,2025-06
TXN3625,2025-01-12,CUST0165,AGT0194,Dodoma,Deposit,"267,213 ","976,094 ",0 ,USSD,6,0,0,1,10,1,120,High Risk,2025-01
TXN3626,2025-09-28,CUST0195,AGT0016,Mbeya,PayBill,"484,851 ","621,031 ",0 ,USSD,10,0,0,1,4,1,60,Medium Risk,2025-09
TXN3627,2025-06-22,CUST0018,AGT0027,Dar,Deposit,"343,970 ","641,179 ",0 ,Feature Phone,4,0,0,1,8,1,100,High Risk,2025-06
TXN3628,2025-09-22,CUST0376,AGT0103,Dar,PayBill,"365,413 ","652,497 ",0 ,Feature Phone,23,0,0,1,3,1,50,Medium Risk,2025-09
TXN3629,2025-07-24,CUST0432,AGT0147,Dar,PayBill,"288,170 ","266,728 ",0 ,USSD,19,0,0,1,8,1,100,High Risk,2025-07
TXN3630,2025-01-21,CUST0157,AGT0057,Mwanza,Deposit,"434,807 ","828,789 ",0 ,Smartphone,10,0,0,1,8,1,100,High Risk,2025-01
TXN3631,2025-07-16,CUST0440,AGT0115,Arusha,PayBill,"265,543 ","713,850 ",0 ,USSD,20,0,0,1,12,1,140,High Risk,2025-07
TXN3632,2025-11-13,CUST0276,AGT0196,Mbeya,PayBill,"402,586 ","650,699 ",0 ,Web,20,0,0,1,2,0,40,Medium Risk,2025-11
TXN3633,2025-06-30,CUST0426,AGT0196,Mbeya,Receive,"274,743 ","160,404 ","225,168 ",Web,17,0,0,1,5,1,70,High Risk,2025-06
TXN3634,2025-06-07,CUST0105,AGT0087,Dar,PayBill,"450,849 ","566,831 ",0 ,USSD,4,0,0,1,6,1,80,High Risk,2025-06
TXN3635,2025-12-11,CUST0163,AGT0162,Dar,Withdraw,"368,873 ","287,146 ",0 ,Feature Phone,4,0,0,1,2,0,40,Medium Risk,2025-12
TXN3636,2025-01-10,CUST0406,AGT0099,Arusha,Send,"40,086 ","707,109 ",0 ,Smartphone,23,0,0,0,11,1,110,High Risk,2025-01
TXN3637,2025-09-02,CUST0215,AGT0063,Arusha,Withdraw,"464,262 ","506,893 ",0 ,Smartphone,21,0,0,1,3,1,50,Medium Risk,2025-09
TXN3638,2025-06-10,CUST0397,AGT0124,Mbeya,BuyAirtime,"351,647 ","835,957 ",0 ,USSD,1,0,0,1,6,1,80,High Risk,2025-06
TXN3639,2025-07-26,CUST0484,AGT0171,Mbeya,PayBill,"224,536 ","674,216 ",0 ,Web,15,0,0,1,8,1,100,High Risk,2025-07
TXN3640,2025-06-11,CUST0297,AGT0007,Mwanza,Send,"227,240 ","911,340 ",0 ,Smartphone,9,0,0,1,5,1,70,High Risk,2025-06
TXN3641,2025-06-17,CUST0318,AGT0104,Dodoma,BuyAirtime,"222,353 ","2,493 ",0 ,Smartphone,7,0,0,1,5,1,70,High Risk,2025-06
TXN3642,2025-05-26,CUST0008,AGT0139,Dodoma,BuyAirtime,"222,333 ","705,898 ",0 ,Web,20,0,0,1,8,1,100,High Risk,2025-05
TXN3643,2025-10-16,CUST0322,AGT0169,Dar,Send,"406,017 ","83,029 ",0 ,Web,16,0,0,1,4,1,60,Medium Risk,2025-10
TXN3644,2025-12-12,CUST0272,AGT0035,Dar,PayBill,"413,211 ","546,723 ",0 ,Feature Phone,21,0,0,1,1,0,30,Low Risk,2025-12
TXN3645,2025-08-10,CUST0346,AGT0138,Dodoma,Send,"301,387 ","408,736 ",0 ,USSD,13,0,0,1,7,1,90,High Risk,2025-08
TXN3646,2025-07-03,CUST0456,AGT0136,Dar,BuyAirtime,"138,872 ","774,546 ",0 ,Web,13,0,0,0,10,1,100,High Risk,2025-07
TXN3647,2025-06-27,CUST0384,AGT0168,Mwanza,Send,"19,887 ","251,275 ",0 ,Smartphone,14,0,0,0,4,1,40,Medium Risk,2025-06
TXN3648,2025-03-16,CUST0060,AGT0087,Mwanza,Send,"477,061 ","76,625 ",0 ,Feature Phone,11,0,0,1,8,1,100,High Risk,2025-03
TXN3649,2025-09-23,CUST0024,AGT0152,Dodoma,Withdraw,"213,328 ","721,512 ",0 ,Feature Phone,21,0,0,1,5,1,70,High Risk,2025-09
TXN3650,2025-01-07,CUST0463,AGT0113,Arusha,Deposit,"358,095 ","628,050 ",0 ,USSD,6,0,0,1,8,1,100,High Risk,2025-01
TXN3651,2025-01-07,CUST0033,AGT0009,Mbeya,Receive,"153,328 ","219,165 ","128,704 ",Web,6,0,0,0,15,1,150,High Risk,2025-01
TXN3652,2025-12-13,CUST0093,AGT0102,Mbeya,PayBill,"321,143 ","492,023 ",0 ,Smartphone,6,0,0,1,1,0,30,Low Risk,2025-12
TXN3653,2025-10-28,CUST0254,AGT0067,Arusha,PayBill,"382,388 ","171,224 ",0 ,USSD,22,0,0,1,2,0,40,Medium Risk,2025-10
TXN3654,2025-01-25,CUST0453,AGT0098,Dodoma,Deposit,"141,006 ","650,240 ",0 ,Feature Phone,11,0,0,0,12,1,120,High Risk,2025-01
TXN3655,2025-02-17,CUST0156,AGT0010,Dar,PayBill,"467,409 ","578,491 ",0 ,Feature Phone,19,0,0,1,13,1,150,High Risk,2025-02
TXN3656,2025-05-01,CUST0099,AGT0090,Dodoma,Deposit,"344,936 ","84,867 ",0 ,Smartphone,1,0,0,1,8,1,100,High Risk,2025-05
TXN3657,2025-04-11,CUST0389,AGT0023,Dodoma,Deposit,"375,890 ","672,572 ",0 ,USSD,18,0,0,1,16,1,180,High Risk,2025-04
TXN3658,2025-05-29,CUST0242,AGT0068,Mwanza,PayBill,"398,144 ","156,029 ",0 ,Smartphone,15,0,0,1,6,1,80,High Risk,2025-05
TXN3659,2025-04-13,CUST0260,AGT0078,Mwanza,PayBill,"31,123 ","154,755 ",0 ,Smartphone,3,0,0,0,8,1,80,High Risk,2025-04
TXN3660,2025-04-07,CUST0349,AGT0189,Mwanza,Send,"180,497 ","35,530 ",0 ,Smartphone,12,0,0,0,8,1,80,High Risk,2025-04
TXN3661,2025-12-28,CUST0277,AGT0116,Arusha,Receive,"286,244 ","185,363 ","260,788 ",Feature Phone,19,0,0,1,1,0,30,Low Risk,2025-12
TXN3662,2025-09-08,CUST0493,AGT0046,Mwanza,Withdraw,"315,645 ","689,165 ",0 ,Smartphone,20,0,0,1,4,1,60,Medium Risk,2025-09
TXN3663,2025-03-30,CUST0268,AGT0127,Dar,Deposit,"274,197 ","582,789 ",0 ,Smartphone,5,0,0,1,7,1,90,High Risk,2025-03
TXN3664,2025-07-13,CUST0318,AGT0148,Dodoma,Deposit,"4,896 ","98,393 ",0 ,Smartphone,22,0,0,0,4,1,40,Medium Risk,2025-07
TXN3665,2025-12-17,CUST0225,AGT0157,Mbeya,Withdraw,"465,248 ","534,701 ",0 ,Smartphone,15,0,0,1,2,0,40,Medium Risk,2025-12
TXN3666,2025-01-08,CUST0404,AGT0151,Arusha,Deposit,"81,602 ","554,342 ",0 ,Web,23,0,0,0,8,1,80,High Risk,2025-01
TXN3667,2025-05-29,CUST0371,AGT0045,Mbeya,PayBill,"27,916 ","833,958 ",0 ,Feature Phone,4,0,0,0,5,1,50,Medium Risk,2025-05
TXN3668,2025-12-31,CUST0279,AGT0055,Arusha,Send,"111,455 ","531,751 ",0 ,USSD,10,0,0,0,1,0,10,Low Risk,2025-12
TXN3669,2025-03-09,CUST0432,AGT0085,Arusha,Withdraw,"273,790 ","988,816 ",0 ,USSD,18,0,0,1,12,1,140,High Risk,2025-03
TXN3670,2025-12-15,CUST0207,AGT0161,Dodoma,Withdraw,"220,123 ","734,183 ",0 ,Smartphone,17,0,0,1,1,0,30,Low Risk,2025-12
TXN3671,2025-11-19,CUST0106,AGT0122,Dar,Deposit,"24,017 ","745,499 ",0 ,USSD,23,0,0,0,2,0,20,Low Risk,2025-11
TXN3672,2025-02-19,CUST0169,AGT0044,Mbeya,Receive,"482,290 ","466,788 ","247,552 ",Web,8,0,0,1,10,1,120,High Risk,2025-02
TXN3673,2025-12-07,CUST0301,AGT0142,Dar,Receive,"95,723 ","519,868 ","366,506 ",Feature Phone,12,0,0,0,1,0,10,Low Risk,2025-12
TXN3674,2025-12-11,CUST0337,AGT0007,Arusha,Deposit,"473,823 ","419,709 ",0 ,Smartphone,0,0,0,1,2,0,40,Medium Risk,2025-12
TXN3675,2025-05-06,CUST0374,AGT0155,Dodoma,BuyAirtime,"383,120 ","145,886 ",0 ,Web,23,0,0,1,9,1,110,High Risk,2025-05
TXN3676,2025-12-29,CUST0209,AGT0139,Mwanza,PayBill,"64,341 ","880,995 ",0 ,Feature Phone,23,0,0,0,1,0,10,Low Risk,2025-12
TXN3677,2025-12-22,CUST0294,AGT0077,Dodoma,Send,"43,316 ","207,927 ",0 ,USSD,8,0,0,0,1,0,10,Low Risk,2025-12
TXN3678,2025-04-21,CUST0439,AGT0187,Dar,Withdraw,"320,826 ","621,411 ",0 ,Smartphone,18,0,0,1,11,1,130,High Risk,2025-04
TXN3679,2025-12-31,CUST0397,AGT0007,Mwanza,Withdraw,"19,964 ","68,420 ",0 ,Smartphone,17,0,0,0,1,0,10,Low Risk,2025-12
TXN3680,2025-02-20,CUST0413,AGT0012,Dar,Deposit,"235,843 ","856,670 ",0 ,Smartphone,6,0,0,1,12,1,140,High Risk,2025-02
TXN3681,2025-08-08,CUST0386,AGT0045,Dodoma,BuyAirtime,"207,164 ","991,846 ",0 ,USSD,20,1,0,1,4,1,110,High Risk,2025-08
TXN3682,2025-02-11,CUST0072,AGT0040,Dar,Receive,"450,575 ","874,184 ","386,461 ",Smartphone,4,0,0,1,9,1,110,High Risk,2025-02
TXN3683,2025-06-28,CUST0206,AGT0073,Arusha,Deposit,"5,030 ","334,788 ",0 ,USSD,8,0,0,0,6,1,60,Medium Risk,2025-06
TXN3684,2025-09-27,CUST0044,AGT0032,Mwanza,Withdraw,"463,562 ","967,852 ",0 ,Smartphone,2,0,0,1,6,1,80,High Risk,2025-09
TXN3685,2025-02-07,CUST0283,AGT0108,Dodoma,BuyAirtime,"51,089 ","586,078 ",0 ,Web,13,0,0,0,12,1,120,High Risk,2025-02
TXN3686,2025-09-29,CUST0301,AGT0095,Arusha,Receive,"437,751 ","99,516 ","285,543 ",Smartphone,8,1,0,1,3,1,100,High Risk,2025-09
TXN3687,2025-07-09,CUST0339,AGT0024,Arusha,Send,"283,124 ","167,528 ",0 ,Web,9,0,0,1,6,1,80,High Risk,2025-07
TXN3688,2025-03-18,CUST0357,AGT0039,Arusha,Send,"366,692 ","115,706 ",0 ,USSD,11,0,0,1,11,1,130,High Risk,2025-03
TXN3689,2025-08-30,CUST0115,AGT0037,Mbeya,Deposit,"204,693 ","712,759 ",0 ,Smartphone,14,0,0,1,4,1,60,Medium Risk,2025-08
TXN3690,2025-03-01,CUST0413,AGT0196,Mbeya,Withdraw,"339,698 ","730,171 ",0 ,USSD,6,0,0,1,11,1,130,High Risk,2025-03
TXN3691,2025-04-10,CUST0015,AGT0090,Mwanza,BuyAirtime,"416,107 ","871,301 ",0 ,Feature Phone,1,0,0,1,9,1,110,High Risk,2025-04
TXN3692,2025-05-27,CUST0425,AGT0185,Dar,BuyAirtime,"2,889 ","483,019 ",0 ,USSD,16,0,0,0,9,1,90,High Risk,2025-05
TXN3693,2025-07-07,CUST0309,AGT0070,Dar,Deposit,"155,223 ","605,225 ",0 ,Smartphone,5,0,0,0,8,1,80,High Risk,2025-07
TXN3694,2025-03-10,CUST0019,AGT0099,Arusha,PayBill,"65,936 ","188,578 ",0 ,Web,0,0,0,0,5,1,50,Medium Risk,2025-03
TXN3695,2025-05-05,CUST0349,AGT0146,Mwanza,Send,"367,694 ","367,927 ",0 ,Feature Phone,1,0,0,1,7,1,90,High Risk,2025-05
TXN3696,2025-12-09,CUST0500,AGT0041,Mwanza,Deposit,"430,044 ","934,122 ",0 ,Web,7,0,0,1,2,0,40,Medium Risk,2025-12
TXN3697,2025-09-19,CUST0375,AGT0010,Mwanza,Send,"396,708 ","510,074 ",0 ,USSD,3,0,0,1,4,1,60,Medium Risk,2025-09
TXN3698,2025-12-04,CUST0243,AGT0115,Mbeya,Deposit,"174,161 ","546,506 ",0 ,Smartphone,12,0,0,0,1,0,10,Low Risk,2025-12
TXN3699,2025-08-25,CUST0446,AGT0110,Dar,BuyAirtime,"474,817 ","837,166 ",0 ,Smartphone,3,0,0,1,5,1,70,High Risk,2025-08
TXN3700,2025-07-27,CUST0147,AGT0037,Mbeya,Receive,"331,888 ","495,239 ","177,743 ",USSD,19,0,0,1,3,1,50,Medium Risk,2025-07
TXN3701,2025-11-20,CUST0487,AGT0155,Dodoma,Withdraw,"283,303 ","628,298 ",0 ,Web,15,0,0,1,1,0,30,Low Risk,2025-11
TXN3702,2025-06-22,CUST0308,AGT0054,Dar,Deposit,"200,855 ","918,966 ",0 ,Web,21,0,0,1,7,1,90,High Risk,2025-06
TXN3703,2025-02-25,CUST0185,AGT0047,Dar,PayBill,"360,095 ","257,951 ",0 ,USSD,0,0,0,1,9,1,110,High Risk,2025-02
TXN3704,2025-06-10,CUST0303,AGT0163,Mwanza,Withdraw,"222,578 ","902,267 ",0 ,Feature Phone,2,0,0,1,6,1,80,High Risk,2025-06
TXN3705,2025-12-24,CUST0065,AGT0081,Arusha,PayBill,"25,201 ","287,520 ",0 ,Smartphone,10,0,0,0,1,0,10,Low Risk,2025-12
TXN3706,2025-06-09,CUST0482,AGT0181,Dodoma,Deposit,"439,614 ","676,881 ",0 ,Web,19,0,0,1,7,1,90,High Risk,2025-06
TXN3707,2025-12-13,CUST0432,AGT0013,Mwanza,PayBill,"392,887 ","400,153 ",0 ,Feature Phone,3,0,0,1,2,0,40,Medium Risk,2025-12
TXN3708,2025-01-17,CUST0241,AGT0044,Mwanza,Send,"416,969 ","58,744 ",0 ,Smartphone,22,0,0,1,8,1,100,High Risk,2025-01
TXN3709,2025-09-19,CUST0174,AGT0134,Arusha,PayBill,"21,809 ","397,154 ",0 ,Smartphone,4,0,0,0,5,1,50,Medium Risk,2025-09
TXN3710,2025-01-20,CUST0461,AGT0008,Dar,Withdraw,"394,395 ","369,495 ",0 ,Feature Phone,18,0,0,1,7,1,90,High Risk,2025-01
TXN3711,2025-08-10,CUST0184,AGT0133,Arusha,Deposit,"210,246 ","727,893 ",0 ,Feature Phone,8,0,0,1,3,1,50,Medium Risk,2025-08
TXN3712,2025-02-21,CUST0420,AGT0194,Arusha,Deposit,"146,573 ","149,248 ",0 ,USSD,16,0,0,0,10,1,100,High Risk,2025-02
TXN3713,2025-01-26,CUST0074,AGT0088,Mwanza,Withdraw,"16,871 ","829,464 ",0 ,Web,21,0,0,0,12,1,120,High Risk,2025-01
TXN3714,2025-12-26,CUST0303,AGT0040,Dodoma,BuyAirtime,"456,951 ","592,377 ",0 ,USSD,12,0,0,1,2,0,40,Medium Risk,2025-12
TXN3715,2025-04-27,CUST0136,AGT0099,Mbeya,Receive,"294,218 ","495,005 ","43,651 ",Web,1,0,0,1,9,1,110,High Risk,2025-04
TXN3716,2025-11-19,CUST0279,AGT0179,Dodoma,Send,"131,786 ","846,029 ",0 ,Feature Phone,21,0,0,0,3,1,30,Low Risk,2025-11
TXN3717,2025-12-06,CUST0165,AGT0004,Mbeya,Receive,"83,559 ","364,486 ","364,463 ",USSD,15,0,0,0,1,0,10,Low Risk,2025-12
TXN3718,2025-03-14,CUST0451,AGT0139,Dodoma,Send,"120,810 ","469,857 ",0 ,Web,15,0,0,0,5,1,50,Medium Risk,2025-03
TXN3719,2025-10-04,CUST0273,AGT0037,Dar,Deposit,"397,180 ","280,383 ",0 ,Smartphone,23,0,0,1,6,1,80,High Risk,2025-10
TXN3720,2025-05-20,CUST0380,AGT0193,Mwanza,Receive,"351,834 ","835,756 ","319,441 ",Smartphone,11,0,0,1,8,1,100,High Risk,2025-05
TXN3721,2025-10-05,CUST0385,AGT0051,Dodoma,Send,"98,057 ","488,957 ",0 ,USSD,12,0,0,0,3,1,30,Low Risk,2025-10
TXN3722,2025-06-09,CUST0273,AGT0108,Dodoma,Send,"167,548 ","711,206 ",0 ,Smartphone,0,0,0,0,8,1,80,High Risk,2025-06
TXN3723,2025-11-19,CUST0087,AGT0148,Arusha,PayBill,"421,138 ","675,367 ",0 ,Feature Phone,1,0,0,1,1,0,30,Low Risk,2025-11
TXN3724,2025-02-08,CUST0275,AGT0133,Mwanza,Send,"115,889 ","664,876 ",0 ,Smartphone,13,0,0,0,14,1,140,High Risk,2025-02
TXN3725,2025-12-07,CUST0408,AGT0017,Dar,Deposit,"261,325 ","766,393 ",0 ,Web,13,0,0,1,3,1,50,Medium Risk,2025-12
TXN3726,2025-09-09,CUST0141,AGT0006,Dar,BuyAirtime,"332,834 ","940,367 ",0 ,Web,3,0,0,1,3,1,50,Medium Risk,2025-09
TXN3727,2025-04-26,CUST0317,AGT0188,Dodoma,Deposit,"490,067 ","281,910 ",0 ,Feature Phone,22,0,0,1,12,1,140,High Risk,2025-04
TXN3728,2025-12-24,CUST0245,AGT0109,Mwanza,PayBill,"79,737 ","767,151 ",0 ,Web,20,0,0,0,1,0,10,Low Risk,2025-12
TXN3729,2025-06-20,CUST0315,AGT0072,Arusha,Deposit,"299,093 ","187,854 ",0 ,Web,23,0,0,1,4,1,60,Medium Risk,2025-06
TXN3730,2025-08-25,CUST0440,AGT0052,Mwanza,PayBill,"487,534 ","571,827 ",0 ,Smartphone,1,0,0,1,11,1,130,High Risk,2025-08
TXN3731,2025-06-02,CUST0497,AGT0157,Mwanza,Deposit,"189,714 ","144,313 ",0 ,Feature Phone,17,0,0,0,3,1,30,Low Risk,2025-06
TXN3732,2025-05-22,CUST0340,AGT0045,Mbeya,PayBill,"311,487 ","749,479 ",0 ,USSD,2,0,0,1,5,1,70,High Risk,2025-05
TXN3733,2025-02-26,CUST0350,AGT0069,Dodoma,Withdraw,"324,259 ","433,325 ",0 ,USSD,13,0,0,1,13,1,150,High Risk,2025-02
TXN3734,2025-05-30,CUST0256,AGT0077,Dodoma,Deposit,"216,422 ","718,017 ",0 ,USSD,13,0,0,1,6,1,80,High Risk,2025-05
TXN3735,2025-01-10,CUST0090,AGT0061,Mwanza,BuyAirtime,"146,975 ","347,840 ",0 ,Web,16,0,0,0,14,1,140,High Risk,2025-01
TXN3736,2025-08-28,CUST0141,AGT0183,Arusha,PayBill,"153,288 ","701,268 ",0 ,Feature Phone,4,0,0,0,4,1,40,Medium Risk,2025-08
TXN3737,2025-03-17,CUST0154,AGT0179,Dodoma,BuyAirtime,"393,342 ","979,818 ",0 ,Feature Phone,5,0,0,1,5,1,70,High Risk,2025-03
TXN3738,2025-06-19,CUST0460,AGT0073,Dodoma,Withdraw,"316,324 ","532,119 ",0 ,USSD,10,0,0,1,7,1,90,High Risk,2025-06
TXN3739,2025-01-06,CUST0275,AGT0047,Dar,Withdraw,"72,147 ","760,382 ",0 ,USSD,2,0,0,0,15,1,150,High Risk,2025-01
TXN3740,2025-05-25,CUST0022,AGT0198,Mbeya,Receive,"348,759 ","81,589 ","351,881 ",USSD,21,0,0,1,8,1,100,High Risk,2025-05
TXN3741,2025-11-04,CUST0371,AGT0146,Dodoma,Withdraw,"338,576 ","507,662 ",0 ,Web,19,0,0,1,1,0,30,Low Risk,2025-11
TXN3742,2025-01-06,CUST0100,AGT0168,Dodoma,PayBill,"277,296 ","76,092 ",0 ,USSD,11,0,0,1,13,1,150,High Risk,2025-01
TXN3743,2025-12-16,CUST0134,AGT0026,Dodoma,Deposit,"228,526 ","953,481 ",0 ,USSD,15,0,0,1,2,0,40,Medium Risk,2025-12
TXN3744,2025-02-11,CUST0478,AGT0175,Dodoma,Send,"300,884 ","319,726 ",0 ,Smartphone,22,0,0,1,10,1,120,High Risk,2025-02
TXN3745,2025-11-12,CUST0479,AGT0140,Mbeya,Send,"402,005 ","791,025 ",0 ,Web,9,0,0,1,2,0,40,Medium Risk,2025-11
TXN3746,2025-02-18,CUST0156,AGT0088,Dar,BuyAirtime,"95,667 ","414,986 ",0 ,USSD,2,0,0,0,12,1,120,High Risk,2025-02
TXN3747,2025-03-29,CUST0371,AGT0173,Mwanza,Deposit,"75,046 ","810,924 ",0 ,USSD,6,0,0,0,6,1,60,Medium Risk,2025-03
TXN3748,2025-02-07,CUST0029,AGT0179,Mbeya,Withdraw,"33,272 ","5,293 ",0 ,Web,10,0,0,0,8,1,80,High Risk,2025-02
TXN3749,2025-11-19,CUST0168,AGT0096,Mwanza,Withdraw,"55,801 ","479,693 ",0 ,Feature Phone,21,0,0,0,3,1,30,Low Risk,2025-11
TXN3750,2025-01-10,CUST0454,AGT0067,Mbeya,Withdraw,"385,335 ","423,891 ",0 ,Web,10,0,0,1,11,1,130,High Risk,2025-01
TXN3751,2025-05-15,CUST0317,AGT0105,Dar,Send,"378,581 ","347,341 ",0 ,Feature Phone,6,0,0,1,10,1,120,High Risk,2025-05
TXN3752,2025-11-08,CUST0044,AGT0129,Mbeya,Receive,"419,750 ","293,823 ","283,231 ",USSD,0,0,0,1,2,0,40,Medium Risk,2025-11
TXN3753,2025-08-02,CUST0088,AGT0133,Dodoma,Receive,"468,723 ","5,110 ","203,929 ",Feature Phone,14,0,0,1,4,1,60,Medium Risk,2025-08
TXN3754,2025-09-03,CUST0300,AGT0107,Mbeya,Receive,"49,955 ","335,462 ","498,370 ",Web,14,0,0,0,4,1,40,Medium Risk,2025-09
TXN3755,2025-02-06,CUST0370,AGT0006,Arusha,Receive,"124,240 ","330,227 ","57,582 ",Feature Phone,19,0,0,0,12,1,120,High Risk,2025-02
TXN3756,2025-09-17,CUST0155,AGT0155,Dodoma,Receive,"80,651 ","580,206 ","288,672 ",Smartphone,4,0,0,0,2,0,20,Low Risk,2025-09
TXN3757,2025-02-10,CUST0336,AGT0061,Arusha,PayBill,"97,498 ","101,468 ",0 ,USSD,11,0,0,0,3,1,30,Low Risk,2025-02
TXN3758,2025-06-24,CUST0353,AGT0023,Dodoma,Send,"15,885 ","108,854 ",0 ,USSD,23,0,0,0,4,1,40,Medium Risk,2025-06
TXN3759,2025-04-24,CUST0286,AGT0053,Mwanza,PayBill,"253,543 ","706,889 ",0 ,Feature Phone,9,0,0,1,8,1,100,High Risk,2025-04
TXN3760,2025-02-18,CUST0454,AGT0043,Mwanza,Withdraw,"372,557 ","719,815 ",0 ,Smartphone,16,0,0,1,10,1,120,High Risk,2025-02
TXN3761,2025-09-19,CUST0056,AGT0002,Dodoma,Send,"244,619 ","596,134 ",0 ,Web,11,0,0,1,3,1,50,Medium Risk,2025-09
TXN3762,2025-03-05,CUST0123,AGT0014,Arusha,BuyAirtime,"461,135 ","87,178 ",0 ,Web,0,0,0,1,11,1,130,High Risk,2025-03
TXN3763,2025-05-04,CUST0093,AGT0010,Mbeya,Deposit,"156,429 ","580,502 ",0 ,Web,2,0,0,0,7,1,70,High Risk,2025-05
TXN3764,2025-09-05,CUST0407,AGT0071,Dodoma,PayBill,"495,621 ","772,116 ",0 ,Smartphone,21,0,0,1,7,1,90,High Risk,2025-09
TXN3765,2025-06-29,CUST0006,AGT0083,Mwanza,BuyAirtime,"438,289 ","343,933 ",0 ,Smartphone,4,0,0,1,3,1,50,Medium Risk,2025-06
TXN3766,2025-05-05,CUST0094,AGT0136,Mbeya,Withdraw,"395,179 ","535,573 ",0 ,Feature Phone,16,0,0,1,5,1,70,High Risk,2025-05
TXN3767,2025-06-18,CUST0271,AGT0106,Dodoma,Receive,"160,062 ","287,137 ","382,242 ",Feature Phone,4,0,0,0,4,1,40,Medium Risk,2025-06
TXN3768,2025-01-03,CUST0204,AGT0151,Dodoma,Receive,"259,454 ","467,069 ","201,329 ",Smartphone,18,0,0,1,14,1,160,High Risk,2025-01
TXN3769,2025-09-30,CUST0033,AGT0065,Arusha,BuyAirtime,"265,444 ","119,473 ",0 ,Feature Phone,14,0,0,1,4,1,60,Medium Risk,2025-09
TXN3770,2025-10-07,CUST0492,AGT0127,Dar,Deposit,"118,454 ","603,215 ",0 ,USSD,0,0,0,0,1,0,10,Low Risk,2025-10
TXN3771,2025-03-16,CUST0302,AGT0039,Mbeya,Send,"48,652 ","87,580 ",0 ,Smartphone,22,0,0,0,10,1,100,High Risk,2025-03
TXN3772,2025-03-23,CUST0338,AGT0191,Mbeya,BuyAirtime,"47,199 ","102,123 ",0 ,Web,20,0,0,0,9,1,90,High Risk,2025-03
TXN3773,2025-03-28,CUST0436,AGT0029,Dar,BuyAirtime,"376,095 ","674,463 ",0 ,Smartphone,10,0,0,1,7,1,90,High Risk,2025-03
TXN3774,2025-02-15,CUST0162,AGT0146,Mwanza,Receive,"373,070 ","811,014 ","293,107 ",USSD,2,0,0,1,10,1,120,High Risk,2025-02
TXN3775,2025-08-21,CUST0183,AGT0041,Mwanza,BuyAirtime,"438,278 ","337,391 ",0 ,Smartphone,14,0,0,1,3,1,50,Medium Risk,2025-08
TXN3776,2025-07-05,CUST0009,AGT0007,Dar,Send,"442,365 ","776,993 ",0 ,Smartphone,4,0,0,1,5,1,70,High Risk,2025-07
TXN3777,2025-09-26,CUST0044,AGT0009,Mwanza,Withdraw,"293,796 ","920,986 ",0 ,USSD,15,0,0,1,7,1,90,High Risk,2025-09
TXN3778,2025-11-07,CUST0350,AGT0056,Dar,Deposit,"66,792 ","252,518 ",0 ,USSD,12,1,0,0,2,0,70,High Risk,2025-11
TXN3779,2025-04-30,CUST0188,AGT0037,Mbeya,Withdraw,"168,271 ","71,060 ",0 ,Smartphone,18,0,0,0,6,1,60,Medium Risk,2025-04
TXN3780,2025-09-29,CUST0230,AGT0034,Dar,Deposit,"178,708 ","139,699 ",0 ,USSD,9,0,0,0,2,0,20,Low Risk,2025-09
TXN3781,2025-02-19,CUST0177,AGT0188,Mwanza,Send,"106,204 ","13,367 ",0 ,Web,1,0,0,0,14,1,140,High Risk,2025-02
TXN3782,2025-09-04,CUST0105,AGT0049,Dar,Send,"175,817 ","948,474 ",0 ,Feature Phone,10,0,0,0,1,0,10,Low Risk,2025-09
TXN3783,2025-08-14,CUST0483,AGT0132,Mwanza,Receive,"20,801 ","371,857 ","326,138 ",Web,7,0,0,0,3,1,30,Low Risk,2025-08
TXN3784,2025-02-02,CUST0005,AGT0177,Dar,Send,"288,974 ","810,581 ",0 ,Feature Phone,0,0,0,1,13,1,150,High Risk,2025-02
TXN3785,2025-05-14,CUST0453,AGT0089,Arusha,BuyAirtime,"454,239 ","902,850 ",0 ,Smartphone,3,0,0,1,7,1,90,High Risk,2025-05
TXN3786,2025-02-18,CUST0471,AGT0168,Mbeya,Deposit,"120,571 ","221,011 ",0 ,Smartphone,18,0,0,0,13,1,130,High Risk,2025-02
TXN3787,2025-10-17,CUST0180,AGT0146,Dar,BuyAirtime,"439,224 ","696,887 ",0 ,Smartphone,18,0,0,1,4,1,60,Medium Risk,2025-10
TXN3788,2025-10-29,CUST0014,AGT0174,Dar,BuyAirtime,"12,621 ","371,187 ",0 ,USSD,23,0,0,0,5,1,50,Medium Risk,2025-10
TXN3789,2025-03-20,CUST0312,AGT0149,Mbeya,BuyAirtime,"86,968 ","553,713 ",0 ,Feature Phone,9,0,0,0,11,1,110,High Risk,2025-03
TXN3790,2025-11-27,CUST0139,AGT0035,Dar,Send,"294,308 ","440,957 ",0 ,Smartphone,2,0,0,1,1,0,30,Low Risk,2025-11
TXN3791,2025-10-01,CUST0417,AGT0112,Arusha,Withdraw,"337,713 ","688,926 ",0 ,Web,10,0,0,1,5,1,70,High Risk,2025-10
TXN3792,2025-09-01,CUST0173,AGT0131,Mbeya,Deposit,"289,979 ","750,791 ",0 ,Smartphone,12,0,0,1,3,1,50,Medium Risk,2025-09
TXN3793,2025-02-01,CUST0473,AGT0030,Dar,Deposit,"102,379 ","884,273 ",0 ,Feature Phone,22,0,0,0,10,1,100,High Risk,2025-02
TXN3794,2025-08-30,CUST0182,AGT0142,Mbeya,Receive,"290,985 ","907,297 ","213,167 ",Web,12,0,0,1,7,1,90,High Risk,2025-08
TXN3795,2025-06-26,CUST0033,AGT0040,Mbeya,BuyAirtime,"356,883 ","365,747 ",0 ,Smartphone,14,0,0,1,8,1,100,High Risk,2025-06
TXN3796,2025-05-28,CUST0217,AGT0036,Dar,Receive,"332,111 ","573,603 ","212,973 ",Smartphone,10,0,0,1,8,1,100,High Risk,2025-05
TXN3797,2025-04-19,CUST0092,AGT0109,Mwanza,Deposit,"218,341 ","354,852 ",0 ,Feature Phone,15,0,0,1,9,1,110,High Risk,2025-04
TXN3798,2025-09-17,CUST0435,AGT0035,Dar,Receive,"446,172 ","354,415 ","398,837 ",Web,4,0,0,1,2,0,40,Medium Risk,2025-09
TXN3799,2025-03-19,CUST0036,AGT0044,Arusha,Deposit,"108,134 ","353,835 ",0 ,Feature Phone,14,0,0,0,11,1,110,High Risk,2025-03
TXN3800,2025-08-20,CUST0237,AGT0002,Dodoma,PayBill,"411,944 ","783,033 ",0 ,USSD,7,0,0,1,3,1,50,Medium Risk,2025-08
TXN3801,2025-08-21,CUST0202,AGT0006,Arusha,PayBill,"299,567 ","680,119 ",0 ,Feature Phone,21,0,0,1,5,1,70,High Risk,2025-08
TXN3802,2025-01-20,CUST0016,AGT0051,Mbeya,Receive,"308,497 ","939,003 ","20,796 ",USSD,21,0,0,1,9,1,110,High Risk,2025-01
TXN3803,2025-09-19,CUST0443,AGT0193,Arusha,Send,"325,109 ","320,528 ",0 ,Smartphone,4,0,0,1,1,0,30,Low Risk,2025-09
TXN3804,2025-07-18,CUST0228,AGT0082,Dar,Withdraw,"453,977 ","265,921 ",0 ,Web,20,0,0,1,7,1,90,High Risk,2025-07
TXN3805,2025-12-05,CUST0418,AGT0148,Dar,PayBill,"461,247 ","798,530 ",0 ,Smartphone,8,0,0,1,6,1,80,High Risk,2025-12
TXN3806,2025-12-06,CUST0171,AGT0163,Dar,BuyAirtime,"245,493 ","426,572 ",0 ,Web,5,0,0,1,1,0,30,Low Risk,2025-12
TXN3807,2025-12-22,CUST0315,AGT0152,Dar,Withdraw,"121,110 ","999,408 ",0 ,Web,4,0,0,0,1,0,10,Low Risk,2025-12
TXN3808,2025-06-05,CUST0153,AGT0053,Dar,Deposit,"310,729 ","165,862 ",0 ,USSD,7,0,0,1,5,1,70,High Risk,2025-06
TXN3809,2025-10-13,CUST0417,AGT0101,Dodoma,Send,"332,258 ","9,148 ",0 ,Web,3,0,0,1,4,1,60,Medium Risk,2025-10
TXN3810,2025-01-26,CUST0201,AGT0158,Mwanza,PayBill,"269,327 ","443,998 ",0 ,Feature Phone,19,0,0,1,11,1,130,High Risk,2025-01
TXN3811,2025-10-18,CUST0191,AGT0121,Arusha,Deposit,"160,014 ","52,008 ",0 ,Feature Phone,21,0,0,0,5,1,50,Medium Risk,2025-10
TXN3812,2025-07-19,CUST0144,AGT0087,Dar,PayBill,"323,290 ","545,210 ",0 ,Smartphone,8,0,0,1,2,0,40,Medium Risk,2025-07
TXN3813,2025-10-16,CUST0327,AGT0056,Arusha,Withdraw,"265,568 ","10,003 ",0 ,Web,17,0,0,1,5,1,70,High Risk,2025-10
TXN3814,2025-08-01,CUST0117,AGT0158,Arusha,Deposit,"245,354 ","726,485 ",0 ,Feature Phone,2,0,0,1,4,1,60,Medium Risk,2025-08
TXN3815,2025-02-17,CUST0238,AGT0163,Arusha,Send,"272,842 ","151,848 ",0 ,Web,8,1,0,1,8,1,150,High Risk,2025-02
TXN3816,2025-08-28,CUST0015,AGT0052,Dodoma,BuyAirtime,"144,111 ","365,054 ",0 ,Smartphone,21,0,0,0,5,1,50,Medium Risk,2025-08
TXN3817,2025-02-24,CUST0417,AGT0159,Mwanza,Send,"279,201 ","381,369 ",0 ,Web,18,0,0,1,16,1,180,High Risk,2025-02
TXN3818,2025-11-11,CUST0181,AGT0054,Dar,Deposit,"239,541 ","825,465 ",0 ,Smartphone,18,0,0,1,1,0,30,Low Risk,2025-11
TXN3819,2025-11-30,CUST0250,AGT0029,Dodoma,Withdraw,"149,847 ","814,861 ",0 ,Smartphone,2,0,0,0,1,0,10,Low Risk,2025-11
TXN3820,2025-10-31,CUST0205,AGT0120,Dodoma,BuyAirtime,"242,663 ","463,037 ",0 ,Feature Phone,4,0,0,1,2,0,40,Medium Risk,2025-10
TXN3821,2025-09-22,CUST0433,AGT0100,Dodoma,Receive,"92,893 ","688,141 ","426,631 ",Feature Phone,4,0,0,0,3,1,30,Low Risk,2025-09
TXN3822,2025-02-26,CUST0486,AGT0035,Mwanza,Send,"283,474 ","536,979 ",0 ,Web,6,0,0,1,7,1,90,High Risk,2025-02
TXN3823,2025-03-14,CUST0415,AGT0164,Arusha,Send,"439,674 ","59,863 ",0 ,Feature Phone,22,0,0,1,10,1,120,High Risk,2025-03
TXN3824,2025-05-01,CUST0325,AGT0165,Mwanza,Receive,"64,070 ","970,379 ","486,454 ",Smartphone,20,0,0,0,8,1,80,High Risk,2025-05
TXN3825,2025-10-12,CUST0076,AGT0185,Mbeya,Deposit,"107,544 ","813,524 ",0 ,Smartphone,19,0,0,0,1,0,10,Low Risk,2025-10
TXN3826,2025-05-07,CUST0425,AGT0128,Arusha,Deposit,"249,380 ","915,565 ",0 ,Web,8,0,0,1,11,1,130,High Risk,2025-05
TXN3827,2025-05-11,CUST0119,AGT0009,Mwanza,PayBill,"248,185 ","403,908 ",0 ,Web,19,0,0,1,8,1,100,High Risk,2025-05
TXN3828,2025-12-16,CUST0270,AGT0034,Dar,Deposit,"490,684 ","630,389 ",0 ,USSD,6,0,0,1,1,0,30,Low Risk,2025-12
TXN3829,2025-10-30,CUST0018,AGT0179,Mbeya,PayBill,"317,887 ","391,409 ",0 ,Feature Phone,7,0,0,1,3,1,50,Medium Risk,2025-10
TXN3830,2025-08-12,CUST0079,AGT0014,Mwanza,Deposit,"218,198 ","566,901 ",0 ,Feature Phone,18,0,0,1,10,1,120,High Risk,2025-08
TXN3831,2025-08-27,CUST0020,AGT0160,Mbeya,Send,"177,839 ","490,975 ",0 ,Feature Phone,4,0,0,0,5,1,50,Medium Risk,2025-08
TXN3832,2025-05-18,CUST0217,AGT0008,Dodoma,Deposit,"253,887 ","454,421 ",0 ,Smartphone,23,0,0,1,9,1,110,High Risk,2025-05
TXN3833,2025-12-21,CUST0364,AGT0032,Mbeya,BuyAirtime,"215,134 ","638,119 ",0 ,USSD,23,0,0,1,1,0,30,Low Risk,2025-12
TXN3834,2025-09-14,CUST0104,AGT0083,Mwanza,Deposit,"63,311 ","140,054 ",0 ,Feature Phone,9,0,0,0,7,1,70,High Risk,2025-09
TXN3835,2025-01-08,CUST0192,AGT0146,Arusha,Withdraw,"80,968 ","180,567 ",0 ,USSD,15,0,0,0,8,1,80,High Risk,2025-01
TXN3836,2025-04-17,CUST0484,AGT0009,Dar,Receive,"216,478 ","869,381 ","359,804 ",Smartphone,9,0,0,1,14,1,160,High Risk,2025-04
TXN3837,2025-10-31,CUST0298,AGT0046,Mwanza,Deposit,"216,372 ","17,899 ",0 ,Feature Phone,9,0,0,1,4,1,60,Medium Risk,2025-10
TXN3838,2025-12-13,CUST0268,AGT0087,Arusha,Withdraw,"466,794 ","4,052 ",0 ,Feature Phone,20,0,0,1,1,0,30,Low Risk,2025-12
TXN3839,2025-03-17,CUST0105,AGT0036,Mbeya,Send,"72,001 ","773,636 ",0 ,Web,0,0,0,0,9,1,90,High Risk,2025-03
TXN3840,2025-05-04,CUST0293,AGT0099,Dar,PayBill,"466,288 ","35,260 ",0 ,Feature Phone,16,0,0,1,8,1,100,High Risk,2025-05
TXN3841,2025-12-27,CUST0017,AGT0196,Arusha,BuyAirtime,"343,137 ","601,492 ",0 ,Web,13,0,0,1,1,0,30,Low Risk,2025-12
TXN3842,2025-09-27,CUST0162,AGT0073,Mbeya,PayBill,"218,051 ","677,753 ",0 ,Feature Phone,18,0,0,1,3,1,50,Medium Risk,2025-09
TXN3843,2025-03-16,CUST0066,AGT0127,Dodoma,Receive,"282,992 ","184,938 ","37,517 ",USSD,14,0,0,1,3,1,50,Medium Risk,2025-03
TXN3844,2025-11-28,CUST0035,AGT0199,Dodoma,Deposit,"419,659 ","266,558 ",0 ,Web,21,0,0,1,3,1,50,Medium Risk,2025-11
TXN3845,2025-09-30,CUST0083,AGT0124,Dar,Send,"387,250 ","369,605 ",0 ,Web,2,0,0,1,2,0,40,Medium Risk,2025-09
TXN3846,2025-02-18,CUST0324,AGT0103,Dar,PayBill,"23,596 ","190,175 ",0 ,Web,14,0,0,0,13,1,130,High Risk,2025-02
TXN3847,2025-03-21,CUST0407,AGT0048,Dodoma,BuyAirtime,"205,888 ","542,302 ",0 ,Feature Phone,14,0,0,1,16,1,180,High Risk,2025-03
TXN3848,2025-05-11,CUST0385,AGT0159,Arusha,BuyAirtime,"419,345 ","634,962 ",0 ,Feature Phone,8,0,0,1,7,1,90,High Risk,2025-05
TXN3849,2025-05-21,CUST0033,AGT0136,Mwanza,Send,"426,277 ","686,778 ",0 ,Feature Phone,8,0,0,1,10,1,120,High Risk,2025-05
TXN3850,2025-03-01,CUST0459,AGT0114,Mwanza,Receive,"471,361 ","998,339 ","260,198 ",Web,19,0,0,1,11,1,130,High Risk,2025-03
TXN3851,2025-06-06,CUST0428,AGT0161,Dodoma,BuyAirtime,"114,404 ","658,916 ",0 ,Feature Phone,10,0,0,0,6,1,60,Medium Risk,2025-06
TXN3852,2025-07-16,CUST0224,AGT0195,Dar,Withdraw,"184,044 ","591,890 ",0 ,Web,1,0,0,0,4,1,40,Medium Risk,2025-07
TXN3853,2025-04-07,CUST0113,AGT0041,Arusha,Withdraw,"383,145 ","943,229 ",0 ,Web,12,1,0,1,6,1,130,High Risk,2025-04
TXN3854,2025-01-16,CUST0231,AGT0078,Arusha,BuyAirtime,"21,077 ","792,023 ",0 ,Smartphone,0,0,0,0,9,1,90,High Risk,2025-01
TXN3855,2025-12-16,CUST0419,AGT0050,Mbeya,Deposit,"317,298 ","534,262 ",0 ,Smartphone,1,0,0,1,1,0,30,Low Risk,2025-12
TXN3856,2025-07-23,CUST0076,AGT0010,Mbeya,BuyAirtime,"235,169 ","337,786 ",0 ,Feature Phone,20,0,0,1,4,1,60,Medium Risk,2025-07
TXN3857,2025-11-10,CUST0014,AGT0150,Dar,Deposit,"40,303 ","357,138 ",0 ,Web,15,0,0,0,4,1,40,Medium Risk,2025-11
TXN3858,2025-06-29,CUST0133,AGT0075,Dodoma,Deposit,"488,737 ","817,410 ",0 ,USSD,7,0,0,1,4,1,60,Medium Risk,2025-06
TXN3859,2025-12-07,CUST0370,AGT0065,Mwanza,Deposit,"197,486 ","369,681 ",0 ,Feature Phone,15,0,0,0,2,0,20,Low Risk,2025-12
TXN3860,2025-05-24,CUST0135,AGT0007,Mwanza,Withdraw,"472,839 ","601,758 ",0 ,USSD,7,0,0,1,4,1,60,Medium Risk,2025-05
TXN3861,2025-09-16,CUST0226,AGT0168,Dodoma,PayBill,"491,383 ","297,722 ",0 ,Smartphone,0,0,0,1,7,1,90,High Risk,2025-09
TXN3862,2025-04-10,CUST0066,AGT0154,Mwanza,Receive,"259,563 ","153,363 ","117,375 ",Smartphone,4,0,0,1,2,0,40,Medium Risk,2025-04
TXN3863,2025-05-17,CUST0342,AGT0031,Arusha,Receive,"60,004 ","23,481 ","316,109 ",Feature Phone,11,0,0,0,7,1,70,High Risk,2025-05
TXN3864,2025-06-13,CUST0406,AGT0168,Mbeya,Withdraw,"245,974 ","735,615 ",0 ,Web,23,0,0,1,5,1,70,High Risk,2025-06
TXN3865,2025-09-09,CUST0039,AGT0078,Arusha,PayBill,"326,328 ","118,334 ",0 ,Web,22,0,0,1,3,1,50,Medium Risk,2025-09
TXN3866,2025-01-04,CUST0283,AGT0115,Dar,BuyAirtime,"113,076 ","600,279 ",0 ,Smartphone,5,0,0,0,14,1,140,High Risk,2025-01
TXN3867,2025-09-13,CUST0053,AGT0085,Arusha,Deposit,"225,413 ","375,523 ",0 ,USSD,20,0,0,1,2,0,40,Medium Risk,2025-09
TXN3868,2025-10-24,CUST0226,AGT0134,Arusha,Send,"409,781 ","850,681 ",0 ,Web,5,0,0,1,5,1,70,High Risk,2025-10
TXN3869,2025-07-03,CUST0307,AGT0084,Dodoma,Send,"490,405 ","490,486 ",0 ,Feature Phone,16,0,0,1,2,0,40,Medium Risk,2025-07
TXN3870,2025-08-10,CUST0411,AGT0183,Dodoma,Send,"153,169 ","905,491 ",0 ,Smartphone,21,0,0,0,4,1,40,Medium Risk,2025-08
TXN3871,2025-04-10,CUST0333,AGT0015,Dar,PayBill,"431,363 ","422,062 ",0 ,Feature Phone,16,0,0,1,9,1,110,High Risk,2025-04
TXN3872,2025-07-14,CUST0274,AGT0003,Arusha,BuyAirtime,"22,323 ","463,035 ",0 ,Web,14,0,0,0,4,1,40,Medium Risk,2025-07
TXN3873,2025-09-07,CUST0159,AGT0133,Dar,BuyAirtime,"354,296 ","395,696 ",0 ,Feature Phone,2,0,0,1,5,1,70,High Risk,2025-09
TXN3874,2025-02-27,CUST0251,AGT0029,Mbeya,Withdraw,"27,045 ","172,920 ",0 ,USSD,14,0,0,0,7,1,70,High Risk,2025-02
TXN3875,2025-05-18,CUST0272,AGT0101,Arusha,Withdraw,"60,351 ","318,058 ",0 ,Smartphone,20,0,0,0,6,1,60,Medium Risk,2025-05
TXN3876,2025-07-10,CUST0282,AGT0061,Dodoma,Send,"19,786 ","452,871 ",0 ,Feature Phone,9,0,0,0,4,1,40,Medium Risk,2025-07
TXN3877,2025-06-27,CUST0211,AGT0107,Dar,PayBill,"480,067 ","886,046 ",0 ,Web,6,0,0,1,2,0,40,Medium Risk,2025-06
TXN3878,2025-07-24,CUST0483,AGT0036,Dar,BuyAirtime,"5,301 ","135,046 ",0 ,Web,12,0,0,0,7,1,70,High Risk,2025-07
TXN3879,2025-02-08,CUST0151,AGT0112,Mbeya,Withdraw,"101,026 ","731,955 ",0 ,Smartphone,1,0,0,0,5,1,50,Medium Risk,2025-02
TXN3880,2025-11-06,CUST0139,AGT0176,Dar,PayBill,"260,976 ","242,324 ",0 ,USSD,5,0,0,1,2,0,40,Medium Risk,2025-11
TXN3881,2025-05-18,CUST0303,AGT0070,Arusha,Withdraw,"3,930 ","79,042 ",0 ,Feature Phone,6,0,0,0,8,1,80,High Risk,2025-05
TXN3882,2025-06-08,CUST0376,AGT0187,Dar,Receive,"2,146 ","599,755 ","36,138 ",USSD,14,0,0,0,7,1,70,High Risk,2025-06
TXN3883,2025-11-22,CUST0150,AGT0144,Mwanza,PayBill,"114,948 ","70,260 ",0 ,USSD,18,0,0,0,4,1,40,Medium Risk,2025-11
TXN3884,2025-02-13,CUST0066,AGT0173,Mwanza,PayBill,"54,031 ","89,657 ",0 ,Web,0,0,0,0,5,1,50,Medium Risk,2025-02
TXN3885,2025-10-05,CUST0367,AGT0103,Dar,Receive,"145,652 ","904,052 ","283,502 ",USSD,2,0,0,0,3,1,30,Low Risk,2025-10
TXN3886,2025-04-21,CUST0095,AGT0156,Dodoma,BuyAirtime,"399,819 ","315,035 ",0 ,Feature Phone,1,0,0,1,12,1,140,High Risk,2025-04
TXN3887,2025-04-22,CUST0257,AGT0040,Arusha,Receive,"128,685 ","795,883 ","476,269 ",USSD,22,0,0,0,8,1,80,High Risk,2025-04
TXN3888,2025-01-06,CUST0444,AGT0016,Dodoma,Receive,"268,371 ","940,910 ","6,690 ",USSD,8,0,0,1,7,1,90,High Risk,2025-01
TXN3889,2025-12-29,CUST0327,AGT0200,Dodoma,Deposit,"121,725 ","713,210 ",0 ,Web,17,0,0,0,1,0,10,Low Risk,2025-12
TXN3890,2025-09-07,CUST0404,AGT0126,Mwanza,BuyAirtime,"243,139 ","410,056 ",0 ,USSD,17,0,0,1,3,1,50,Medium Risk,2025-09
TXN3891,2025-09-21,CUST0203,AGT0007,Dar,Withdraw,"337,602 ","200,588 ",0 ,USSD,16,0,0,1,3,1,50,Medium Risk,2025-09
TXN3892,2025-11-02,CUST0273,AGT0086,Dar,Withdraw,"408,796 ","437,345 ",0 ,USSD,19,0,0,1,4,1,60,Medium Risk,2025-11
TXN3893,2025-04-09,CUST0021,AGT0093,Dodoma,Send,"227,513 ","573,401 ",0 ,Smartphone,21,0,0,1,10,1,120,High Risk,2025-04
TXN3894,2025-09-03,CUST0129,AGT0144,Mbeya,Receive,"52,432 ","264,800 ","395,855 ",Smartphone,9,0,0,0,5,1,50,Medium Risk,2025-09
TXN3895,2025-03-25,CUST0063,AGT0077,Mwanza,PayBill,"243,761 ","885,074 ",0 ,Smartphone,22,1,0,1,11,1,180,High Risk,2025-03
TXN3896,2025-09-06,CUST0407,AGT0069,Mwanza,Withdraw,"255,630 ","939,027 ",0 ,USSD,9,0,0,1,6,1,80,High Risk,2025-09
TXN3897,2025-01-26,CUST0178,AGT0083,Mwanza,Receive,"383,639 ","912,879 ","363,060 ",Feature Phone,2,0,0,1,7,1,90,High Risk,2025-01
TXN3898,2025-11-30,CUST0461,AGT0102,Mbeya,Deposit,"139,645 ","997,950 ",0 ,Web,7,0,0,0,2,0,20,Low Risk,2025-11
TXN3899,2025-05-05,CUST0467,AGT0084,Dar,Send,"112,097 ","37,257 ",0 ,USSD,8,0,0,0,12,1,120,High Risk,2025-05
TXN3900,2025-03-04,CUST0276,AGT0185,Dodoma,Withdraw,"233,711 ","854,671 ",0 ,Web,2,0,0,1,8,1,100,High Risk,2025-03
TXN3901,2025-01-15,CUST0414,AGT0179,Dar,Withdraw,"331,369 ","977,871 ",0 ,Feature Phone,19,0,0,1,9,1,110,High Risk,2025-01
TXN3902,2025-05-01,CUST0193,AGT0124,Dar,Deposit,"355,876 ","307,321 ",0 ,Smartphone,19,0,0,1,5,1,70,High Risk,2025-05
TXN3903,2025-08-23,CUST0264,AGT0091,Mbeya,BuyAirtime,"72,658 ","768,057 ",0 ,Web,2,0,0,0,4,1,40,Medium Risk,2025-08
TXN3904,2025-07-25,CUST0406,AGT0056,Arusha,Deposit,"89,902 ","793,312 ",0 ,USSD,22,0,0,0,4,1,40,Medium Risk,2025-07
TXN3905,2025-06-03,CUST0374,AGT0023,Dar,Receive,"80,874 ","618,409 ","455,661 ",Smartphone,8,0,0,0,7,1,70,High Risk,2025-06
TXN3906,2025-07-15,CUST0383,AGT0138,Mwanza,Withdraw,"341,450 ","491,624 ",0 ,Web,19,0,0,1,3,1,50,Medium Risk,2025-07
TXN3907,2025-07-29,CUST0177,AGT0028,Mbeya,Deposit,"129,067 ","242,720 ",0 ,Web,11,0,0,0,6,1,60,Medium Risk,2025-07
TXN3908,2025-09-24,CUST0467,AGT0175,Mbeya,PayBill,"96,788 ","282,728 ",0 ,USSD,14,0,0,0,7,1,70,High Risk,2025-09
TXN3909,2025-09-29,CUST0009,AGT0041,Mbeya,PayBill,"459,597 ","56,856 ",0 ,Web,1,0,0,1,3,1,50,Medium Risk,2025-09
TXN3910,2025-10-10,CUST0079,AGT0124,Mbeya,Send,"381,133 ","244,555 ",0 ,Web,6,0,0,1,5,1,70,High Risk,2025-10
TXN3911,2025-12-23,CUST0075,AGT0117,Arusha,Withdraw,"484,097 ","676,159 ",0 ,Smartphone,5,0,0,1,1,0,30,Low Risk,2025-12
TXN3912,2025-04-24,CUST0428,AGT0040,Arusha,Withdraw,"370,328 ","328,252 ",0 ,Web,8,0,0,1,10,1,120,High Risk,2025-04
TXN3913,2025-11-04,CUST0229,AGT0031,Dodoma,Withdraw,"417,519 ","997,271 ",0 ,USSD,1,0,0,1,5,1,70,High Risk,2025-11
TXN3914,2025-01-25,CUST0367,AGT0115,Mwanza,Send,"225,173 ","157,971 ",0 ,Smartphone,14,0,0,1,11,1,130,High Risk,2025-01
TXN3915,2025-06-07,CUST0257,AGT0031,Dodoma,Withdraw,"370,180 ","153,975 ",0 ,Web,21,0,0,1,7,1,90,High Risk,2025-06
TXN3916,2025-03-21,CUST0397,AGT0124,Mwanza,Send,"306,293 ","501,381 ",0 ,Smartphone,4,0,0,1,7,1,90,High Risk,2025-03
TXN3917,2025-07-09,CUST0346,AGT0085,Dodoma,Receive,"268,663 ","219,781 ","256,681 ",Feature Phone,2,0,0,1,8,1,100,High Risk,2025-07
TXN3918,2025-09-19,CUST0215,AGT0102,Mbeya,Receive,"293,877 ","245,849 ","68,789 ",USSD,12,0,0,1,2,0,40,Medium Risk,2025-09
TXN3919,2025-07-28,CUST0491,AGT0033,Arusha,PayBill,"426,625 ","271,852 ",0 ,USSD,1,0,0,1,1,0,30,Low Risk,2025-07
TXN3920,2025-08-01,CUST0288,AGT0171,Mbeya,BuyAirtime,"270,439 ","615,181 ",0 ,Web,20,0,0,1,5,1,70,High Risk,2025-08
TXN3921,2025-10-18,CUST0292,AGT0125,Dodoma,BuyAirtime,"289,192 ","809,945 ",0 ,USSD,21,0,0,1,1,0,30,Low Risk,2025-10
TXN3922,2025-06-02,CUST0104,AGT0191,Dar,PayBill,"333,763 ","908,103 ",0 ,Web,17,0,0,1,12,1,140,High Risk,2025-06
TXN3923,2025-09-05,CUST0412,AGT0076,Mbeya,Withdraw,"2,914 ","644,170 ",0 ,Web,1,0,0,0,2,0,20,Low Risk,2025-09
TXN3924,2025-09-26,CUST0367,AGT0030,Dar,Withdraw,"91,564 ","473,104 ",0 ,Feature Phone,15,0,0,0,4,1,40,Medium Risk,2025-09
TXN3925,2025-07-04,CUST0257,AGT0017,Dar,Receive,"259,183 ","884,457 ","494,009 ",Feature Phone,3,0,0,1,6,1,80,High Risk,2025-07
TXN3926,2025-08-10,CUST0258,AGT0110,Mbeya,Withdraw,"125,911 ","936,875 ",0 ,Web,14,0,0,0,3,1,30,Low Risk,2025-08
TXN3927,2025-03-07,CUST0321,AGT0037,Mbeya,BuyAirtime,"227,411 ","164,372 ",0 ,Web,6,0,0,1,13,1,150,High Risk,2025-03
TXN3928,2025-01-29,CUST0242,AGT0158,Dodoma,PayBill,"444,674 ","266,507 ",0 ,USSD,22,0,0,1,12,1,140,High Risk,2025-01
TXN3929,2025-08-14,CUST0257,AGT0030,Arusha,Withdraw,"242,746 ","818,339 ",0 ,USSD,23,0,0,1,5,1,70,High Risk,2025-08
TXN3930,2025-07-03,CUST0335,AGT0072,Mwanza,Receive,"440,310 ","631,871 ","45,875 ",Smartphone,20,0,0,1,11,1,130,High Risk,2025-07
TXN3931,2025-12-23,CUST0033,AGT0160,Dodoma,Deposit,"371,947 ","305,160 ",0 ,Feature Phone,8,0,0,1,1,0,30,Low Risk,2025-12
TXN3932,2025-05-19,CUST0288,AGT0060,Mwanza,BuyAirtime,"419,562 ","952,915 ",0 ,Web,9,0,0,1,7,1,90,High Risk,2025-05
TXN3933,2025-08-30,CUST0085,AGT0096,Mbeya,Receive,"137,117 ","245,024 ","344,481 ",USSD,5,0,0,0,3,1,30,Low Risk,2025-08
TXN3934,2025-11-01,CUST0240,AGT0155,Mwanza,Receive,"463,004 ","906,011 ","197,098 ",Web,14,0,0,1,3,1,50,Medium Risk,2025-11
TXN3935,2025-10-16,CUST0467,AGT0084,Dar,Send,"333,174 ","208,582 ",0 ,USSD,6,0,0,1,3,1,50,Medium Risk,2025-10
TXN3936,2025-09-23,CUST0446,AGT0112,Mwanza,Receive,"206,877 ","340,955 ","272,811 ",Smartphone,23,0,0,1,3,1,50,Medium Risk,2025-09
TXN3937,2025-10-31,CUST0270,AGT0139,Mbeya,Send,"221,270 ","849,671 ",0 ,Web,10,0,0,1,3,1,50,Medium Risk,2025-10
TXN3938,2025-11-15,CUST0010,AGT0103,Arusha,Withdraw,"22,663 ","980,835 ",0 ,USSD,20,0,0,0,2,0,20,Low Risk,2025-11
TXN3939,2025-12-31,CUST0044,AGT0188,Dar,Withdraw,"170,783 ","963,565 ",0 ,Feature Phone,14,0,0,0,1,0,10,Low Risk,2025-12
TXN3940,2025-05-10,CUST0298,AGT0063,Arusha,Receive,"214,265 ","475,163 ","130,710 ",Smartphone,4,0,0,1,7,1,90,High Risk,2025-05
TXN3941,2025-03-24,CUST0085,AGT0130,Arusha,PayBill,"206,132 ","568,046 ",0 ,USSD,21,0,0,1,8,1,100,High Risk,2025-03
TXN3942,2025-09-23,CUST0197,AGT0039,Dar,Deposit,"371,745 ","206,593 ",0 ,Feature Phone,19,0,0,1,5,1,70,High Risk,2025-09
TXN3943,2025-12-22,CUST0247,AGT0096,Dar,Deposit,"304,013 ","289,915 ",0 ,Feature Phone,11,0,0,1,2,0,40,Medium Risk,2025-12
TXN3944,2025-05-12,CUST0122,AGT0159,Mbeya,Send,"400,726 ","588,908 ",0 ,Web,6,0,0,1,8,1,100,High Risk,2025-05
TXN3945,2025-01-10,CUST0267,AGT0024,Dar,Receive,"63,934 ","136,429 ","428,099 ",Web,7,0,0,0,9,1,90,High Risk,2025-01
TXN3946,2025-01-11,CUST0009,AGT0190,Mwanza,Deposit,"410,202 ","431,306 ",0 ,USSD,20,0,0,1,13,1,150,High Risk,2025-01
TXN3947,2025-04-29,CUST0212,AGT0078,Mbeya,PayBill,"485,356 ","292,287 ",0 ,Feature Phone,15,0,0,1,7,1,90,High Risk,2025-04
TXN3948,2025-04-23,CUST0418,AGT0109,Dar,Withdraw,"127,317 ","647,757 ",0 ,USSD,16,0,0,0,9,1,90,High Risk,2025-04
TXN3949,2025-12-16,CUST0158,AGT0056,Dodoma,Receive,"29,219 ","925,071 ","406,045 ",Web,0,0,0,0,1,0,10,Low Risk,2025-12
TXN3950,2025-04-13,CUST0401,AGT0110,Dodoma,Withdraw,"272,900 ","765,600 ",0 ,Web,16,0,0,1,10,1,120,High Risk,2025-04
TXN3951,2025-06-09,CUST0283,AGT0137,Mwanza,BuyAirtime,"281,014 ","317,953 ",0 ,Smartphone,13,0,0,1,9,1,110,High Risk,2025-06
TXN3952,2025-07-21,CUST0275,AGT0100,Mbeya,Receive,"394,831 ","624,243 ","463,649 ",Feature Phone,13,0,0,1,8,1,100,High Risk,2025-07
TXN3953,2025-08-28,CUST0061,AGT0152,Dar,Send,"45,009 ","80,163 ",0 ,USSD,7,0,0,0,3,1,30,Low Risk,2025-08
TXN3954,2025-09-19,CUST0498,AGT0105,Mbeya,PayBill,"54,722 ","94,184 ",0 ,Feature Phone,18,0,0,0,7,1,70,High Risk,2025-09
TXN3955,2025-11-20,CUST0313,AGT0109,Dar,Deposit,"25,434 ","631,238 ",0 ,USSD,23,0,0,0,3,1,30,Low Risk,2025-11
TXN3956,2025-12-07,CUST0153,AGT0172,Mwanza,BuyAirtime,"65,290 ","14,872 ",0 ,Smartphone,22,0,0,0,2,0,20,Low Risk,2025-12
TXN3957,2025-07-08,CUST0230,AGT0075,Dar,Withdraw,"165,912 ","881,521 ",0 ,USSD,16,0,0,0,5,1,50,Medium Risk,2025-07
TXN3958,2025-07-04,CUST0165,AGT0150,Dodoma,Deposit,"249,886 ","488,305 ",0 ,Feature Phone,22,0,0,1,7,1,90,High Risk,2025-07
TXN3959,2025-10-13,CUST0420,AGT0146,Dar,Receive,"228,805 ","660,844 ","401,878 ",Feature Phone,17,0,0,1,2,0,40,Medium Risk,2025-10
TXN3960,2025-11-17,CUST0358,AGT0190,Dar,Send,"92,300 ","667,856 ",0 ,USSD,7,0,0,0,3,1,30,Low Risk,2025-11
TXN3961,2025-01-14,CUST0466,AGT0179,Mbeya,PayBill,"184,788 ","655,052 ",0 ,USSD,18,0,0,0,11,1,110,High Risk,2025-01
TXN3962,2025-12-23,CUST0472,AGT0026,Mwanza,PayBill,"325,912 ","449,794 ",0 ,Feature Phone,16,0,0,1,1,0,30,Low Risk,2025-12
TXN3963,2025-12-27,CUST0306,AGT0087,Arusha,Deposit,"88,659 ","607,311 ",0 ,Feature Phone,9,0,0,0,1,0,10,Low Risk,2025-12
TXN3964,2025-08-20,CUST0317,AGT0029,Mwanza,Withdraw,"347,647 ","714,413 ",0 ,USSD,5,0,0,1,6,1,80,High Risk,2025-08
TXN3965,2025-07-11,CUST0450,AGT0134,Arusha,Send,"162,377 ","942,693 ",0 ,Smartphone,19,0,0,0,6,1,60,Medium Risk,2025-07
TXN3966,2025-02-24,CUST0471,AGT0114,Mbeya,Withdraw,"377,740 ","418,403 ",0 ,Smartphone,0,0,0,1,12,1,140,High Risk,2025-02
TXN3967,2025-11-24,CUST0358,AGT0139,Dodoma,Send,"360,448 ","772,696 ",0 ,Feature Phone,18,0,0,1,2,0,40,Medium Risk,2025-11
TXN3968,2025-04-30,CUST0242,AGT0125,Arusha,Withdraw,"262,692 ","473,955 ",0 ,Feature Phone,2,0,0,1,8,1,100,High Risk,2025-04
TXN3969,2025-12-05,CUST0245,AGT0041,Arusha,Receive,"161,753 ","97,880 ","392,127 ",USSD,19,0,0,0,2,0,20,Low Risk,2025-12
TXN3970,2025-10-25,CUST0497,AGT0135,Dar,Send,"202,721 ","754,559 ",0 ,USSD,23,0,0,1,1,0,30,Low Risk,2025-10
TXN3971,2025-10-29,CUST0456,AGT0157,Dar,BuyAirtime,"105,513 ","301,718 ",0 ,USSD,9,0,0,0,3,1,30,Low Risk,2025-10
TXN3972,2025-12-23,CUST0168,AGT0022,Dodoma,PayBill,"250,850 ","586,171 ",0 ,Web,18,0,0,1,1,0,30,Low Risk,2025-12
TXN3973,2025-11-22,CUST0001,AGT0174,Mbeya,Withdraw,"488,687 ","74,948 ",0 ,Feature Phone,2,0,0,1,1,0,30,Low Risk,2025-11
TXN3974,2025-07-01,CUST0141,AGT0073,Dar,BuyAirtime,"274,718 ","611,617 ",0 ,USSD,11,0,0,1,7,1,90,High Risk,2025-07
TXN3975,2025-12-28,CUST0179,AGT0036,Mwanza,Send,"187,318 ","394,367 ",0 ,USSD,2,0,0,0,1,0,10,Low Risk,2025-12
TXN3976,2025-11-11,CUST0203,AGT0107,Mbeya,BuyAirtime,"353,259 ","118,099 ",0 ,Feature Phone,1,0,0,1,1,0,30,Low Risk,2025-11
TXN3977,2025-02-27,CUST0084,AGT0159,Dar,PayBill,"280,622 ","723,175 ",0 ,Web,11,0,0,1,10,1,120,High Risk,2025-02
TXN3978,2025-03-01,CUST0065,AGT0016,Mwanza,Receive,"493,366 ","327,170 ","286,840 ",Web,12,0,0,1,17,1,190,High Risk,2025-03
TXN3979,2025-08-10,CUST0233,AGT0176,Mwanza,Deposit,"429,066 ","947,065 ",0 ,Smartphone,14,0,0,1,5,1,70,High Risk,2025-08
TXN3980,2025-06-20,CUST0199,AGT0030,Dodoma,Withdraw,"390,528 ","186,380 ",0 ,Web,3,0,0,1,3,1,50,Medium Risk,2025-06
TXN3981,2025-04-14,CUST0234,AGT0066,Mbeya,PayBill,"295,080 ","532,338 ",0 ,Web,3,0,0,1,7,1,90,High Risk,2025-04
TXN3982,2025-12-14,CUST0259,AGT0081,Arusha,Receive,"357,400 ","420,681 ","409,960 ",Feature Phone,5,0,0,1,3,1,50,Medium Risk,2025-12
TXN3983,2025-05-26,CUST0101,AGT0023,Arusha,BuyAirtime,"40,124 ","421,163 ",0 ,Web,3,0,0,0,7,1,70,High Risk,2025-05
TXN3984,2025-02-14,CUST0105,AGT0153,Dodoma,Send,"10,562 ","971,240 ",0 ,Feature Phone,16,0,0,0,11,1,110,High Risk,2025-02
TXN3985,2025-12-09,CUST0228,AGT0117,Dar,Send,"214,181 ","498,168 ",0 ,USSD,0,0,0,1,1,0,30,Low Risk,2025-12
TXN3986,2025-09-04,CUST0457,AGT0092,Dodoma,BuyAirtime,"207,481 ","940,875 ",0 ,Smartphone,6,0,0,1,3,1,50,Medium Risk,2025-09
TXN3987,2025-11-19,CUST0317,AGT0074,Dar,Deposit,"49,210 ","987,014 ",0 ,USSD,18,0,0,0,3,1,30,Low Risk,2025-11
TXN3988,2025-10-08,CUST0047,AGT0156,Mbeya,Receive,"301,379 ","668,402 ","191,669 ",Smartphone,16,0,0,1,5,1,70,High Risk,2025-10
TXN3989,2025-07-29,CUST0297,AGT0180,Mbeya,Withdraw,"63,039 ","877,811 ",0 ,USSD,6,0,0,0,4,1,40,Medium Risk,2025-07
TXN3990,2025-08-08,CUST0379,AGT0102,Dodoma,Withdraw,"234,529 ","811,893 ",0 ,Smartphone,13,0,0,1,2,0,40,Medium Risk,2025-08
TXN3991,2025-09-17,CUST0210,AGT0179,Arusha,Deposit,"443,878 ","302,185 ",0 ,Web,17,0,0,1,3,1,50,Medium Risk,2025-09
TXN3992,2025-08-19,CUST0433,AGT0024,Arusha,Receive,"469,283 ","723,457 ","223,592 ",Web,18,0,0,1,5,1,70,High Risk,2025-08
TXN3993,2025-06-17,CUST0435,AGT0021,Dar,Receive,"457,183 ","606,392 ","426,159 ",Smartphone,1,0,0,1,6,1,80,High Risk,2025-06
TXN3994,2025-08-10,CUST0111,AGT0180,Dodoma,Send,"122,705 ","844,642 ",0 ,Feature Phone,23,0,0,0,3,1,30,Low Risk,2025-08
TXN3995,2025-05-17,CUST0245,AGT0184,Dodoma,Withdraw,"114,701 ","220,182 ",0 ,Smartphone,12,0,0,0,5,1,50,Medium Risk,2025-05
TXN3996,2025-07-19,CUST0492,AGT0190,Dar,PayBill,"348,643 ","655,894 ",0 ,Feature Phone,11,0,0,1,3,1,50,Medium Risk,2025-07
TXN3997,2025-12-19,CUST0278,AGT0156,Dar,PayBill,"252,246 ","742,742 ",0 ,Web,16,0,0,1,2,0,40,Medium Risk,2025-12
TXN3998,2025-07-03,CUST0352,AGT0161,Arusha,Send,"382,518 ","522,353 ",0 ,USSD,10,0,0,1,7,1,90,High Risk,2025-07
TXN3999,2025-08-26,CUST0023,AGT0032,Dodoma,Deposit,"419,872 ","457,799 ",0 ,Feature Phone,3,0,0,1,1,0,30,Low Risk,2025-08
TXN4000,2025-09-29,CUST0246,AGT0018,Mbeya,Receive,"375,370 ","112,695 ","75,683 ",USSD,15,0,0,1,6,1,80,High Risk,2025-09
TXN4001,2025-01-31,CUST0457,AGT0008,Dar,Send,"307,640 ","436,661 ",0 ,Feature Phone,11,0,0,1,10,1,120,High Risk,2025-01
TXN4002,2025-12-07,CUST0453,AGT0141,Mwanza,PayBill,"221,438 ","505,631 ",0 ,Web,11,0,0,1,2,0,40,Medium Risk,2025-12
TXN4003,2025-07-05,CUST0254,AGT0120,Dar,BuyAirtime,"258,263 ","87,504 ",0 ,Smartphone,23,0,0,1,5,1,70,High Risk,2025-07
TXN4004,2025-01-08,CUST0307,AGT0068,Dodoma,Deposit,"355,578 ","955,829 ",0 ,Web,22,0,0,1,9,1,110,High Risk,2025-01
TXN4005,2025-08-20,CUST0144,AGT0033,Mwanza,Withdraw,"366,294 ","199,009 ",0 ,Smartphone,11,0,0,1,1,0,30,Low Risk,2025-08
TXN4006,2025-09-03,CUST0209,AGT0048,Dar,PayBill,"47,135 ","35,535 ",0 ,Smartphone,13,0,0,0,5,1,50,Medium Risk,2025-09
TXN4007,2025-05-01,CUST0262,AGT0145,Dodoma,Withdraw,"73,184 ","822,121 ",0 ,Smartphone,6,0,0,0,9,1,90,High Risk,2025-05
TXN4008,2025-08-05,CUST0133,AGT0062,Mwanza,Send,"489,070 ","758,179 ",0 ,Web,11,0,0,1,3,1,50,Medium Risk,2025-08
TXN4009,2025-09-15,CUST0304,AGT0163,Mwanza,Send,"467,396 ","333,206 ",0 ,Feature Phone,9,0,0,1,2,0,40,Medium Risk,2025-09
TXN4010,2025-08-19,CUST0357,AGT0103,Mbeya,PayBill,"248,287 ","876,628 ",0 ,Smartphone,15,0,0,1,8,1,100,High Risk,2025-08
TXN4011,2025-03-21,CUST0379,AGT0145,Arusha,Deposit,"369,419 ","2,550 ",0 ,Web,0,0,0,1,4,1,60,Medium Risk,2025-03
TXN4012,2025-06-19,CUST0071,AGT0183,Mwanza,BuyAirtime,"289,105 ","506,652 ",0 ,Feature Phone,12,0,0,1,6,1,80,High Risk,2025-06
TXN4013,2025-05-19,CUST0482,AGT0031,Dodoma,Deposit,"371,512 ","608,152 ",0 ,USSD,12,0,0,1,8,1,100,High Risk,2025-05
TXN4014,2025-04-12,CUST0378,AGT0029,Arusha,BuyAirtime,"173,622 ","412,805 ",0 ,USSD,14,0,0,0,8,1,80,High Risk,2025-04
TXN4015,2025-04-15,CUST0139,AGT0026,Dodoma,Withdraw,"57,695 ","926,092 ",0 ,USSD,2,0,0,0,8,1,80,High Risk,2025-04
TXN4016,2025-01-28,CUST0422,AGT0195,Mwanza,Deposit,"308,601 ","360,806 ",0 ,USSD,8,0,0,1,10,1,120,High Risk,2025-01
TXN4017,2025-07-24,CUST0083,AGT0002,Mbeya,Send,"370,555 ","71,292 ",0 ,Smartphone,18,0,0,1,4,1,60,Medium Risk,2025-07
TXN4018,2025-09-26,CUST0362,AGT0070,Mbeya,Withdraw,"72,966 ","519,790 ",0 ,Smartphone,10,0,0,0,4,1,40,Medium Risk,2025-09
TXN4019,2025-11-24,CUST0235,AGT0034,Mbeya,Receive,"279,008 ","427,561 ","121,036 ",Web,0,0,0,1,1,0,30,Low Risk,2025-11
TXN4020,2025-04-04,CUST0307,AGT0063,Mwanza,Deposit,"182,523 ","582,557 ",0 ,Web,15,0,0,0,7,1,70,High Risk,2025-04
TXN4021,2025-10-21,CUST0063,AGT0136,Dodoma,BuyAirtime,"142,951 ","734,344 ",0 ,Web,23,0,0,0,2,0,20,Low Risk,2025-10
TXN4022,2025-11-12,CUST0009,AGT0172,Dodoma,Receive,"153,100 ","918,429 ","182,092 ",Feature Phone,14,0,0,0,2,0,20,Low Risk,2025-11
TXN4023,2025-11-04,CUST0229,AGT0004,Arusha,Deposit,"154,234 ","963,966 ",0 ,Web,0,0,0,0,5,1,50,Medium Risk,2025-11
TXN4024,2025-08-27,CUST0383,AGT0198,Dodoma,Deposit,"445,091 ","167,821 ",0 ,Smartphone,23,0,0,1,2,0,40,Medium Risk,2025-08
TXN4025,2025-04-06,CUST0130,AGT0154,Mwanza,PayBill,"42,274 ","975,196 ",0 ,Web,18,0,0,0,8,1,80,High Risk,2025-04
TXN4026,2025-09-28,CUST0323,AGT0038,Arusha,Receive,"78,879 ","664,714 ","157,576 ",Smartphone,5,0,0,0,8,1,80,High Risk,2025-09
TXN4027,2025-12-21,CUST0042,AGT0123,Mwanza,Send,"296,851 ","748,869 ",0 ,Feature Phone,3,0,0,1,2,0,40,Medium Risk,2025-12
TXN4028,2025-11-01,CUST0011,AGT0117,Mbeya,Send,"235,943 ","501,946 ",0 ,Smartphone,17,0,0,1,4,1,60,Medium Risk,2025-11
TXN4029,2025-04-13,CUST0071,AGT0020,Dar,Withdraw,"446,483 ","924,156 ",0 ,Feature Phone,16,0,0,1,9,1,110,High Risk,2025-04
TXN4030,2025-04-14,CUST0478,AGT0098,Mwanza,PayBill,"318,241 ","732,756 ",0 ,Feature Phone,22,0,0,1,9,1,110,High Risk,2025-04
TXN4031,2025-01-23,CUST0402,AGT0101,Mbeya,Receive,"474,504 ","459,279 ","351,321 ",USSD,7,0,0,1,5,1,70,High Risk,2025-01
TXN4032,2025-02-05,CUST0372,AGT0059,Dodoma,BuyAirtime,"345,967 ","997,896 ",0 ,Smartphone,10,0,0,1,13,1,150,High Risk,2025-02
TXN4033,2025-04-10,CUST0488,AGT0108,Dodoma,Deposit,"461,984 ","951,128 ",0 ,Web,2,0,0,1,15,1,170,High Risk,2025-04
TXN4034,2025-04-30,CUST0253,AGT0003,Arusha,Deposit,"41,354 ","396,801 ",0 ,Web,13,0,0,0,7,1,70,High Risk,2025-04
TXN4035,2025-12-11,CUST0077,AGT0102,Dar,Send,"225,425 ","491,166 ",0 ,Feature Phone,9,0,0,1,2,0,40,Medium Risk,2025-12
TXN4036,2025-01-28,CUST0074,AGT0198,Mwanza,PayBill,"186,823 ","617,034 ",0 ,Web,13,0,0,0,11,1,110,High Risk,2025-01
TXN4037,2025-08-05,CUST0417,AGT0056,Mbeya,Withdraw,"245,379 ","783,437 ",0 ,USSD,23,0,0,1,9,1,110,High Risk,2025-08
TXN4038,2025-12-31,CUST0394,AGT0146,Mwanza,Deposit,"369,571 ","907,799 ",0 ,USSD,18,0,0,1,1,0,30,Low Risk,2025-12
TXN4039,2025-09-04,CUST0326,AGT0065,Mbeya,PayBill,"326,164 ","92,532 ",0 ,USSD,16,0,0,1,3,1,50,Medium Risk,2025-09
TXN4040,2025-07-08,CUST0332,AGT0168,Arusha,BuyAirtime,"109,765 ","906,804 ",0 ,Web,6,0,0,0,7,1,70,High Risk,2025-07
TXN4041,2025-04-02,CUST0442,AGT0130,Mbeya,Withdraw,"372,018 ","850,647 ",0 ,Web,22,0,0,1,8,1,100,High Risk,2025-04
TXN4042,2025-01-15,CUST0497,AGT0119,Dodoma,Receive,"289,922 ","580,873 ","302,511 ",USSD,16,0,0,1,7,1,90,High Risk,2025-01
TXN4043,2025-08-04,CUST0179,AGT0103,Arusha,Send,"337,347 ","796,878 ",0 ,Feature Phone,7,0,0,1,4,1,60,Medium Risk,2025-08
TXN4044,2025-08-04,CUST0172,AGT0180,Arusha,Deposit,"147,972 ","190,091 ",0 ,Feature Phone,15,0,0,0,3,1,30,Low Risk,2025-08
TXN4045,2025-10-15,CUST0446,AGT0143,Mbeya,PayBill,"136,553 ","458,613 ",0 ,Web,14,0,0,0,2,0,20,Low Risk,2025-10
TXN4046,2025-09-22,CUST0380,AGT0141,Dodoma,BuyAirtime,"476,199 ","280,370 ",0 ,USSD,11,0,0,1,5,1,70,High Risk,2025-09
TXN4047,2025-12-20,CUST0257,AGT0064,Dodoma,BuyAirtime,"308,186 ","947,828 ",0 ,Smartphone,5,0,0,1,1,0,30,Low Risk,2025-12
TXN4048,2025-11-12,CUST0174,AGT0152,Mbeya,PayBill,"472,946 ","129,874 ",0 ,Web,17,0,0,1,2,0,40,Medium Risk,2025-11
TXN4049,2025-08-06,CUST0021,AGT0007,Mbeya,Deposit,"267,418 ","661,230 ",0 ,USSD,10,0,0,1,6,1,80,High Risk,2025-08
TXN4050,2025-07-05,CUST0489,AGT0106,Dar,Receive,"196,984 ","469,686 ","318,491 ",Web,5,0,0,0,5,1,50,Medium Risk,2025-07
TXN4051,2025-12-05,CUST0332,AGT0153,Dar,Send,"235,293 ","989,139 ",0 ,Smartphone,11,0,0,1,1,0,30,Low Risk,2025-12
TXN4052,2025-08-11,CUST0199,AGT0050,Mbeya,PayBill,"36,609 ","457,962 ",0 ,Web,4,0,0,0,2,0,20,Low Risk,2025-08
TXN4053,2025-06-12,CUST0080,AGT0182,Mbeya,Send,"203,893 ","45,224 ",0 ,Feature Phone,6,0,0,1,7,1,90,High Risk,2025-06
TXN4054,2025-09-01,CUST0161,AGT0121,Mbeya,BuyAirtime,"77,839 ","711,868 ",0 ,USSD,9,0,0,0,2,0,20,Low Risk,2025-09
TXN4055,2025-08-25,CUST0022,AGT0168,Mwanza,Receive,"32,383 ","45,428 ","332,674 ",USSD,19,0,0,0,5,1,50,Medium Risk,2025-08
TXN4056,2025-07-26,CUST0236,AGT0045,Mwanza,Send,"403,516 ","120,040 ",0 ,Web,18,0,0,1,8,1,100,High Risk,2025-07
TXN4057,2025-06-06,CUST0474,AGT0019,Dodoma,Send,"393,412 ","192,188 ",0 ,Smartphone,20,0,0,1,9,1,110,High Risk,2025-06
TXN4058,2025-04-22,CUST0284,AGT0108,Mbeya,Deposit,"430,744 ","321,129 ",0 ,Feature Phone,23,0,0,1,5,1,70,High Risk,2025-04
TXN4059,2025-11-25,CUST0078,AGT0030,Dar,Send,"248,498 ","975,426 ",0 ,USSD,17,0,0,1,2,0,40,Medium Risk,2025-11
TXN4060,2025-05-06,CUST0392,AGT0191,Arusha,BuyAirtime,"136,019 ","38,346 ",0 ,USSD,5,0,0,0,10,1,100,High Risk,2025-05
TXN4061,2025-05-18,CUST0500,AGT0110,Mbeya,Receive,"111,626 ","74,171 ","34,798 ",Feature Phone,22,0,0,0,6,1,60,Medium Risk,2025-05
TXN4062,2025-05-24,CUST0439,AGT0185,Mbeya,Deposit,"339,449 ","528,787 ",0 ,USSD,17,0,0,1,8,1,100,High Risk,2025-05
TXN4063,2025-09-25,CUST0008,AGT0105,Dodoma,Withdraw,"341,973 ","884,941 ",0 ,Smartphone,8,0,0,1,4,1,60,Medium Risk,2025-09
TXN4064,2025-06-25,CUST0002,AGT0009,Dar,BuyAirtime,"156,801 ","314,540 ",0 ,Smartphone,11,0,0,0,5,1,50,Medium Risk,2025-06
TXN4065,2025-05-04,CUST0144,AGT0060,Dodoma,Receive,"355,107 ","575,812 ","242,438 ",USSD,22,0,0,1,5,1,70,High Risk,2025-05
TXN4066,2025-08-07,CUST0102,AGT0173,Mbeya,BuyAirtime,"449,784 ","909,958 ",0 ,Web,9,0,0,1,5,1,70,High Risk,2025-08
TXN4067,2025-08-04,CUST0201,AGT0084,Mbeya,Withdraw,"1,570 ","258,044 ",0 ,Web,5,0,0,0,5,1,50,Medium Risk,2025-08
TXN4068,2025-05-28,CUST0414,AGT0005,Dar,Deposit,"493,383 ","40,702 ",0 ,USSD,9,0,0,1,5,1,70,High Risk,2025-05
TXN4069,2025-10-06,CUST0349,AGT0107,Dodoma,PayBill,"253,161 ","965,271 ",0 ,Smartphone,8,0,0,1,2,0,40,Medium Risk,2025-10
TXN4070,2025-04-07,CUST0049,AGT0093,Dodoma,BuyAirtime,"481,781 ","971,693 ",0 ,Feature Phone,17,0,0,1,8,1,100,High Risk,2025-04
TXN4071,2025-08-04,CUST0280,AGT0132,Mbeya,Receive,"279,036 ","837,580 ","190,590 ",Web,20,0,0,1,4,1,60,Medium Risk,2025-08
TXN4072,2025-03-10,CUST0108,AGT0182,Dar,Receive,"182,968 ","528,078 ","1,080 ",USSD,14,0,0,0,9,1,90,High Risk,2025-03
TXN4073,2025-05-22,CUST0230,AGT0044,Dar,BuyAirtime,"295,928 ","556,453 ",0 ,Web,0,0,0,1,7,1,90,High Risk,2025-05
TXN4074,2025-03-04,CUST0043,AGT0079,Mbeya,PayBill,"241,466 ","412,320 ",0 ,Feature Phone,13,0,0,1,7,1,90,High Risk,2025-03
TXN4075,2025-07-03,CUST0370,AGT0071,Arusha,PayBill,"189,517 ","889,088 ",0 ,Feature Phone,11,0,0,0,6,1,60,Medium Risk,2025-07
TXN4076,2025-10-27,CUST0440,AGT0053,Mwanza,BuyAirtime,"491,755 ","575,595 ",0 ,Smartphone,11,0,0,1,3,1,50,Medium Risk,2025-10
TXN4077,2025-09-25,CUST0213,AGT0023,Dodoma,BuyAirtime,"159,421 ","317,775 ",0 ,Smartphone,23,0,0,0,1,0,10,Low Risk,2025-09
TXN4078,2025-06-05,CUST0042,AGT0019,Mbeya,Send,"313,111 ","273,356 ",0 ,Web,8,0,0,1,10,1,120,High Risk,2025-06
TXN4079,2025-04-17,CUST0037,AGT0073,Arusha,Withdraw,"452,968 ","178,025 ",0 ,Feature Phone,23,0,0,1,8,1,100,High Risk,2025-04
TXN4080,2025-05-12,CUST0412,AGT0069,Arusha,BuyAirtime,"457,923 ","640,175 ",0 ,Web,12,0,0,1,7,1,90,High Risk,2025-05
TXN4081,2025-06-23,CUST0434,AGT0063,Mwanza,Send,"393,130 ","373,146 ",0 ,Web,6,0,0,1,8,1,100,High Risk,2025-06
TXN4082,2025-12-16,CUST0188,AGT0147,Dodoma,PayBill,"453,480 ","350,821 ",0 ,Web,17,0,0,1,2,0,40,Medium Risk,2025-12
TXN4083,2025-03-17,CUST0023,AGT0193,Mbeya,Send,"488,102 ","715,788 ",0 ,Web,22,0,0,1,7,1,90,High Risk,2025-03
TXN4084,2025-11-23,CUST0068,AGT0030,Dar,Deposit,"450,574 ","404,014 ",0 ,Smartphone,14,0,0,1,2,0,40,Medium Risk,2025-11
TXN4085,2025-06-06,CUST0218,AGT0034,Dar,Send,"196,206 ","26,470 ",0 ,USSD,5,0,0,0,7,1,70,High Risk,2025-06
TXN4086,2025-02-01,CUST0278,AGT0089,Dar,Deposit,"219,447 ","347,973 ",0 ,USSD,6,0,0,1,10,1,120,High Risk,2025-02
TXN4087,2025-12-20,CUST0423,AGT0101,Arusha,Receive,"336,986 ","682,540 ","67,920 ",Smartphone,21,0,0,1,2,0,40,Medium Risk,2025-12
TXN4088,2025-08-01,CUST0376,AGT0197,Arusha,BuyAirtime,"413,682 ","706,751 ",0 ,Web,7,0,0,1,5,1,70,High Risk,2025-08
TXN4089,2025-11-17,CUST0185,AGT0077,Dodoma,BuyAirtime,"456,502 ","647,471 ",0 ,USSD,18,0,0,1,3,1,50,Medium Risk,2025-11
TXN4090,2025-04-20,CUST0267,AGT0100,Arusha,BuyAirtime,"59,850 ","473,097 ",0 ,Feature Phone,2,0,0,0,8,1,80,High Risk,2025-04
TXN4091,2025-10-17,CUST0049,AGT0029,Mwanza,Receive,"160,412 ","183,763 ","61,772 ",Smartphone,2,0,0,0,5,1,50,Medium Risk,2025-10
TXN4092,2025-06-24,CUST0371,AGT0126,Mbeya,Deposit,"225,013 ","517,340 ",0 ,USSD,0,0,0,1,4,1,60,Medium Risk,2025-06
TXN4093,2025-09-14,CUST0407,AGT0170,Mbeya,BuyAirtime,"181,954 ","678,191 ",0 ,Web,1,0,0,0,5,1,50,Medium Risk,2025-09
TXN4094,2025-10-19,CUST0422,AGT0106,Mwanza,PayBill,"116,660 ","625,321 ",0 ,Web,9,0,0,0,2,0,20,Low Risk,2025-10
TXN4095,2025-02-03,CUST0127,AGT0045,Mwanza,Send,"372,013 ","989,277 ",0 ,USSD,14,0,0,1,8,1,100,High Risk,2025-02
TXN4096,2025-10-18,CUST0196,AGT0053,Arusha,Receive,"147,177 ","376,522 ","378,077 ",USSD,5,0,0,0,3,1,30,Low Risk,2025-10
TXN4097,2025-01-28,CUST0371,AGT0067,Dodoma,Send,"443,682 ","921,282 ",0 ,Smartphone,10,1,0,1,8,1,150,High Risk,2025-01
TXN4098,2025-03-30,CUST0303,AGT0129,Dodoma,BuyAirtime,"413,816 ","378,666 ",0 ,USSD,18,0,0,1,9,1,110,High Risk,2025-03
TXN4099,2025-06-06,CUST0112,AGT0172,Dodoma,Receive,"415,303 ","272,042 ","66,018 ",Smartphone,1,0,0,1,7,1,90,High Risk,2025-06
TXN4100,2025-05-01,CUST0213,AGT0012,Dodoma,PayBill,"75,525 ","593,206 ",0 ,Web,10,0,0,0,4,1,40,Medium Risk,2025-05
TXN4101,2025-06-28,CUST0250,AGT0062,Dodoma,Deposit,"255,084 ","859,204 ",0 ,Web,18,0,0,1,3,1,50,Medium Risk,2025-06
TXN4102,2025-04-12,CUST0080,AGT0015,Mwanza,Withdraw,"358,550 ","236,743 ",0 ,USSD,18,0,0,1,8,1,100,High Risk,2025-04
TXN4103,2025-08-18,CUST0407,AGT0038,Mwanza,Send,"417,998 ","557,010 ",0 ,Web,15,0,0,1,8,1,100,High Risk,2025-08
TXN4104,2025-02-01,CUST0311,AGT0186,Dar,BuyAirtime,"485,508 ","996,985 ",0 ,USSD,10,0,0,1,5,1,70,High Risk,2025-02
TXN4105,2025-10-12,CUST0329,AGT0019,Arusha,BuyAirtime,"391,295 ","587,253 ",0 ,Smartphone,16,0,0,1,5,1,70,High Risk,2025-10
TXN4106,2025-05-23,CUST0248,AGT0129,Arusha,Deposit,"81,284 ","178,689 ",0 ,Web,0,0,0,0,7,1,70,High Risk,2025-05
TXN4107,2025-04-08,CUST0071,AGT0120,Arusha,Deposit,"329,947 ","714,148 ",0 ,Feature Phone,13,0,0,1,10,1,120,High Risk,2025-04
TXN4108,2025-04-14,CUST0088,AGT0019,Dodoma,BuyAirtime,"274,149 ","595,265 ",0 ,Web,11,0,0,1,8,1,100,High Risk,2025-04
TXN4109,2025-04-12,CUST0296,AGT0198,Mbeya,PayBill,"289,264 ","85,287 ",0 ,Web,0,0,0,1,4,1,60,Medium Risk,2025-04
TXN4110,2025-09-08,CUST0050,AGT0038,Arusha,PayBill,"339,983 ","73,831 ",0 ,Web,18,0,0,1,2,0,40,Medium Risk,2025-09
TXN4111,2025-07-08,CUST0031,AGT0111,Dar,Deposit,"186,047 ","342,621 ",0 ,Web,13,0,0,0,7,1,70,High Risk,2025-07
TXN4112,2025-01-08,CUST0393,AGT0105,Dar,Deposit,"361,373 ","211,710 ",0 ,Smartphone,14,0,0,1,8,1,100,High Risk,2025-01
TXN4113,2025-11-13,CUST0020,AGT0060,Dar,PayBill,"204,260 ","526,890 ",0 ,Web,20,0,0,1,1,0,30,Low Risk,2025-11
TXN4114,2025-05-16,CUST0077,AGT0027,Dodoma,PayBill,"470,249 ","778,639 ",0 ,Smartphone,20,0,0,1,6,1,80,High Risk,2025-05
TXN4115,2025-05-01,CUST0130,AGT0042,Dodoma,Deposit,"210,775 ","68,536 ",0 ,Smartphone,6,0,0,1,6,1,80,High Risk,2025-05
TXN4116,2025-03-03,CUST0433,AGT0045,Mwanza,Deposit,"212,846 ","481,242 ",0 ,Smartphone,10,0,0,1,8,1,100,High Risk,2025-03
TXN4117,2025-01-23,CUST0342,AGT0188,Arusha,Deposit,"487,565 ","669,635 ",0 ,Web,18,0,0,1,11,1,130,High Risk,2025-01
TXN4118,2025-02-01,CUST0386,AGT0151,Arusha,PayBill,"6,591 ","167,739 ",0 ,Smartphone,4,0,0,0,7,1,70,High Risk,2025-02
TXN4119,2025-05-06,CUST0364,AGT0150,Dar,Withdraw,"146,859 ","591,376 ",0 ,Feature Phone,1,0,0,0,8,1,80,High Risk,2025-05
TXN4120,2025-07-20,CUST0293,AGT0076,Arusha,Withdraw,"372,000 ","413,676 ",0 ,Smartphone,8,0,0,1,4,1,60,Medium Risk,2025-07
TXN4121,2025-08-01,CUST0008,AGT0143,Mbeya,Send,"104,047 ","324,604 ",0 ,Smartphone,10,0,0,0,5,1,50,Medium Risk,2025-08
TXN4122,2025-08-22,CUST0342,AGT0061,Mwanza,Send,"326,597 ","978,942 ",0 ,Feature Phone,7,0,0,1,3,1,50,Medium Risk,2025-08
TXN4123,2025-02-08,CUST0166,AGT0166,Mbeya,Receive,"496,918 ","485,712 ","370,328 ",Web,22,0,0,1,14,1,160,High Risk,2025-02
TXN4124,2025-05-06,CUST0088,AGT0159,Mwanza,Send,"409,938 ","470,375 ",0 ,USSD,16,0,0,1,6,1,80,High Risk,2025-05
TXN4125,2025-10-21,CUST0450,AGT0070,Arusha,PayBill,"463,018 ","210,115 ",0 ,USSD,21,0,0,1,4,1,60,Medium Risk,2025-10
TXN4126,2025-03-25,CUST0225,AGT0006,Dar,Receive,"253,641 ","596,745 ","475,422 ",Smartphone,21,0,0,1,7,1,90,High Risk,2025-03
TXN4127,2025-07-02,CUST0010,AGT0167,Dar,BuyAirtime,"355,413 ","640,437 ",0 ,Web,5,0,0,1,4,1,60,Medium Risk,2025-07
TXN4128,2025-07-05,CUST0177,AGT0151,Dar,Send,"361,885 ","203,470 ",0 ,USSD,12,0,0,1,7,1,90,High Risk,2025-07
TXN4129,2025-05-23,CUST0381,AGT0094,Mbeya,Receive,"59,229 ","997,423 ","66,161 ",Web,10,0,0,0,8,1,80,High Risk,2025-05
TXN4130,2025-12-15,CUST0295,AGT0139,Arusha,Deposit,"489,100 ","772,751 ",0 ,USSD,16,0,0,1,3,1,50,Medium Risk,2025-12
TXN4131,2025-03-05,CUST0272,AGT0091,Mbeya,Withdraw,"244,735 ","982,579 ",0 ,USSD,8,0,0,1,8,1,100,High Risk,2025-03
TXN4132,2025-04-29,CUST0447,AGT0189,Mbeya,Withdraw,"59,364 ","321,418 ",0 ,Smartphone,23,0,0,0,7,1,70,High Risk,2025-04
TXN4133,2025-11-30,CUST0269,AGT0139,Dar,Send,"366,606 ","512,272 ",0 ,USSD,6,0,0,1,4,1,60,Medium Risk,2025-11
TXN4134,2025-04-05,CUST0101,AGT0191,Mbeya,Deposit,"477,709 ","252,454 ",0 ,Feature Phone,20,0,0,1,10,1,120,High Risk,2025-04
TXN4135,2025-02-15,CUST0070,AGT0188,Arusha,Send,"107,436 ","212,613 ",0 ,USSD,20,0,0,0,8,1,80,High Risk,2025-02
TXN4136,2025-05-10,CUST0443,AGT0077,Mwanza,Receive,"240,632 ","244,942 ","247,157 ",Web,0,0,0,1,4,1,60,Medium Risk,2025-05
TXN4137,2025-10-30,CUST0190,AGT0170,Dodoma,Deposit,"239,627 ","933,664 ",0 ,Web,21,0,0,1,2,0,40,Medium Risk,2025-10
TXN4138,2025-12-04,CUST0382,AGT0076,Mbeya,Deposit,"231,606 ","575,630 ",0 ,Web,20,0,0,1,1,0,30,Low Risk,2025-12
TXN4139,2025-06-11,CUST0401,AGT0113,Mbeya,PayBill,"243,480 ","769,449 ",0 ,Smartphone,17,0,0,1,5,1,70,High Risk,2025-06
TXN4140,2025-03-03,CUST0274,AGT0078,Dar,BuyAirtime,"163,488 ","633,029 ",0 ,Feature Phone,5,0,0,0,11,1,110,High Risk,2025-03
TXN4141,2025-01-09,CUST0388,AGT0073,Arusha,BuyAirtime,"127,156 ","123,762 ",0 ,USSD,23,0,0,0,11,1,110,High Risk,2025-01
TXN4142,2025-11-30,CUST0319,AGT0006,Mwanza,PayBill,"368,737 ","230,059 ",0 ,USSD,19,0,0,1,1,0,30,Low Risk,2025-11
TXN4143,2025-04-23,CUST0256,AGT0087,Dodoma,Send,"232,603 ","262,498 ",0 ,Web,4,0,0,1,8,1,100,High Risk,2025-04
TXN4144,2025-08-18,CUST0209,AGT0104,Dar,PayBill,"268,635 ","604,641 ",0 ,USSD,7,0,0,1,6,1,80,High Risk,2025-08
TXN4145,2025-11-24,CUST0222,AGT0055,Dar,BuyAirtime,"234,641 ","453,470 ",0 ,Smartphone,18,0,0,1,4,1,60,Medium Risk,2025-11
TXN4146,2025-11-29,CUST0184,AGT0150,Dodoma,Receive,"473,384 ","216,077 ","83,330 ",Web,18,0,0,1,1,0,30,Low Risk,2025-11
TXN4147,2025-03-11,CUST0387,AGT0021,Mbeya,Receive,"340,821 ","205,558 ","364,996 ",Smartphone,21,0,0,1,6,1,80,High Risk,2025-03
TXN4148,2025-04-22,CUST0479,AGT0038,Dodoma,Send,"87,611 ","918,201 ",0 ,USSD,3,0,0,0,10,1,100,High Risk,2025-04
TXN4149,2025-09-25,CUST0435,AGT0007,Dodoma,Receive,"199,359 ","748,286 ","160,186 ",USSD,12,0,0,0,1,0,10,Low Risk,2025-09
TXN4150,2025-07-09,CUST0012,AGT0060,Arusha,Deposit,"66,273 ","978,236 ",0 ,Smartphone,10,0,0,0,4,1,40,Medium Risk,2025-07
TXN4151,2025-08-15,CUST0069,AGT0148,Arusha,PayBill,"46,773 ","349,810 ",0 ,Web,16,0,0,0,5,1,50,Medium Risk,2025-08
TXN4152,2025-04-23,CUST0105,AGT0079,Mwanza,BuyAirtime,"128,310 ","97,826 ",0 ,Feature Phone,16,0,0,0,8,1,80,High Risk,2025-04
TXN4153,2025-12-17,CUST0182,AGT0052,Mwanza,Send,"270,580 ","772,265 ",0 ,Web,2,0,0,1,1,0,30,Low Risk,2025-12
TXN4154,2025-02-07,CUST0258,AGT0160,Dodoma,Withdraw,"107,924 ","375,522 ",0 ,Web,5,0,0,0,7,1,70,High Risk,2025-02
TXN4155,2025-03-21,CUST0495,AGT0042,Arusha,Withdraw,"350,592 ","215,651 ",0 ,Feature Phone,6,0,0,1,9,1,110,High Risk,2025-03
TXN4156,2025-05-04,CUST0310,AGT0123,Mbeya,Withdraw,"450,963 ","683,129 ",0 ,Smartphone,8,0,0,1,4,1,60,Medium Risk,2025-05
TXN4157,2025-03-08,CUST0178,AGT0040,Arusha,Deposit,"159,961 ","927,610 ",0 ,USSD,5,0,0,0,4,1,40,Medium Risk,2025-03
TXN4158,2025-08-21,CUST0444,AGT0003,Arusha,PayBill,"260,293 ","864,485 ",0 ,Feature Phone,8,0,0,1,4,1,60,Medium Risk,2025-08
TXN4159,2025-05-25,CUST0115,AGT0148,Dodoma,PayBill,"154,026 ","242,352 ",0 ,Web,23,0,0,0,7,1,70,High Risk,2025-05
TXN4160,2025-09-03,CUST0108,AGT0090,Dodoma,Receive,"60,415 ","714,608 ","75,289 ",Smartphone,10,0,0,0,4,1,40,Medium Risk,2025-09
TXN4161,2025-10-15,CUST0299,AGT0072,Dar,Withdraw,"456,495 ","421,378 ",0 ,USSD,13,0,0,1,2,0,40,Medium Risk,2025-10
TXN4162,2025-06-21,CUST0216,AGT0090,Dodoma,PayBill,"223,164 ","89,353 ",0 ,Web,10,0,0,1,8,1,100,High Risk,2025-06
TXN4163,2025-08-02,CUST0130,AGT0198,Arusha,PayBill,"342,863 ","295,550 ",0 ,USSD,18,0,0,1,4,1,60,Medium Risk,2025-08
TXN4164,2025-11-05,CUST0468,AGT0051,Arusha,BuyAirtime,"352,816 ","893,935 ",0 ,USSD,8,0,0,1,1,0,30,Low Risk,2025-11
TXN4165,2025-10-26,CUST0341,AGT0096,Mwanza,Send,"360,811 ","357,376 ",0 ,Web,1,0,0,1,3,1,50,Medium Risk,2025-10
TXN4166,2025-02-11,CUST0067,AGT0191,Dar,PayBill,"32,556 ","772,397 ",0 ,Web,12,0,0,0,11,1,110,High Risk,2025-02
TXN4167,2025-09-07,CUST0329,AGT0084,Mbeya,BuyAirtime,"415,937 ","927,720 ",0 ,USSD,4,0,0,1,7,1,90,High Risk,2025-09
TXN4168,2025-07-16,CUST0445,AGT0134,Mbeya,Deposit,"105,000 ","782,018 ",0 ,USSD,9,0,0,0,6,1,60,Medium Risk,2025-07
TXN4169,2025-11-04,CUST0087,AGT0074,Dar,Deposit,"111,342 ","317,542 ",0 ,Web,22,0,0,0,3,1,30,Low Risk,2025-11
TXN4170,2025-06-07,CUST0067,AGT0080,Arusha,Deposit,"373,161 ","200,361 ",0 ,Smartphone,16,0,0,1,7,1,90,High Risk,2025-06
TXN4171,2025-09-23,CUST0020,AGT0097,Mbeya,Send,"200,389 ","673,667 ",0 ,Smartphone,10,0,0,1,2,0,40,Medium Risk,2025-09
TXN4172,2025-09-01,CUST0423,AGT0187,Mwanza,Send,"364,587 ","967,857 ",0 ,Smartphone,19,0,0,1,6,1,80,High Risk,2025-09
TXN4173,2025-04-05,CUST0130,AGT0026,Mwanza,Deposit,"368,705 ","662,164 ",0 ,Web,6,0,0,1,9,1,110,High Risk,2025-04
TXN4174,2025-04-01,CUST0164,AGT0118,Mbeya,Receive,"272,463 ","385,373 ","32,042 ",Web,6,0,0,1,11,1,130,High Risk,2025-04
TXN4175,2025-12-17,CUST0054,AGT0182,Mbeya,Withdraw,"491,722 ","432,067 ",0 ,USSD,21,0,0,1,2,0,40,Medium Risk,2025-12
TXN4176,2025-08-09,CUST0261,AGT0187,Mwanza,Receive,"163,025 ","599,240 ","412,805 ",Feature Phone,9,0,0,0,6,1,60,Medium Risk,2025-08
TXN4177,2025-10-15,CUST0466,AGT0117,Mwanza,PayBill,"440,955 ","216,612 ",0 ,USSD,7,0,0,1,3,1,50,Medium Risk,2025-10
TXN4178,2025-11-01,CUST0365,AGT0130,Mbeya,PayBill,"71,183 ","480,719 ",0 ,Feature Phone,4,0,0,0,3,1,30,Low Risk,2025-11
TXN4179,2025-01-24,CUST0045,AGT0134,Mwanza,BuyAirtime,"337,528 ","836,186 ",0 ,Smartphone,13,0,0,1,14,1,160,High Risk,2025-01
TXN4180,2025-12-15,CUST0469,AGT0041,Mwanza,BuyAirtime,"280,845 ","194,635 ",0 ,USSD,1,0,0,1,2,0,40,Medium Risk,2025-12
TXN4181,2025-09-19,CUST0293,AGT0098,Dar,BuyAirtime,"129,281 ","584,035 ",0 ,Smartphone,4,0,0,0,2,0,20,Low Risk,2025-09
TXN4182,2025-01-28,CUST0276,AGT0099,Mwanza,PayBill,"38,808 ","844,901 ",0 ,Web,5,0,0,0,10,1,100,High Risk,2025-01
TXN4183,2025-02-15,CUST0250,AGT0115,Arusha,Send,"370,379 ","828,587 ",0 ,Feature Phone,7,0,0,1,5,1,70,High Risk,2025-02
TXN4184,2025-11-30,CUST0456,AGT0107,Arusha,Deposit,"228,547 ","458,212 ",0 ,Feature Phone,0,0,0,1,2,0,40,Medium Risk,2025-11
TXN4185,2025-07-31,CUST0392,AGT0061,Mwanza,Send,"365,950 ","470,181 ",0 ,Smartphone,2,0,0,1,5,1,70,High Risk,2025-07
TXN4186,2025-05-13,CUST0475,AGT0028,Mwanza,Deposit,"48,329 ","601,136 ",0 ,USSD,4,0,0,0,7,1,70,High Risk,2025-05
TXN4187,2025-05-23,CUST0166,AGT0124,Arusha,Deposit,"418,863 ","72,128 ",0 ,Web,12,0,0,1,10,1,120,High Risk,2025-05
TXN4188,2025-11-11,CUST0087,AGT0097,Dar,PayBill,"36,561 ","952,281 ",0 ,Web,5,0,0,0,2,0,20,Low Risk,2025-11
TXN4189,2025-03-09,CUST0344,AGT0149,Arusha,Deposit,"377,793 ","482,914 ",0 ,Feature Phone,18,0,0,1,6,1,80,High Risk,2025-03
TXN4190,2025-10-28,CUST0220,AGT0004,Dodoma,PayBill,"139,470 ","154,318 ",0 ,Web,21,0,0,0,1,0,10,Low Risk,2025-10
TXN4191,2025-10-27,CUST0123,AGT0028,Mwanza,BuyAirtime,"66,765 ","158,847 ",0 ,Web,23,0,0,0,3,1,30,Low Risk,2025-10
TXN4192,2025-05-20,CUST0394,AGT0072,Mwanza,Withdraw,"177,607 ","620,450 ",0 ,Web,19,0,0,0,4,1,40,Medium Risk,2025-05
TXN4193,2025-12-25,CUST0423,AGT0006,Arusha,Send,"466,086 ","887,635 ",0 ,Feature Phone,10,0,0,1,1,0,30,Low Risk,2025-12
TXN4194,2025-09-14,CUST0197,AGT0044,Mbeya,Send,"216,459 ","224,464 ",0 ,Smartphone,22,0,0,1,7,1,90,High Risk,2025-09
TXN4195,2025-08-04,CUST0111,AGT0156,Mwanza,BuyAirtime,"336,752 ","682,015 ",0 ,Web,8,0,0,1,4,1,60,Medium Risk,2025-08
TXN4196,2025-03-24,CUST0251,AGT0171,Mwanza,BuyAirtime,"223,172 ","476,368 ",0 ,Smartphone,15,0,0,1,5,1,70,High Risk,2025-03
TXN4197,2025-04-04,CUST0309,AGT0011,Dar,Send,"157,570 ","813,442 ",0 ,USSD,14,0,0,0,12,1,120,High Risk,2025-04
TXN4198,2025-07-07,CUST0409,AGT0188,Dodoma,Deposit,"271,325 ","353,555 ",0 ,Feature Phone,3,0,0,1,4,1,60,Medium Risk,2025-07
TXN4199,2025-06-14,CUST0447,AGT0064,Arusha,Send,"67,688 ","720,004 ",0 ,Web,0,0,0,0,5,1,50,Medium Risk,2025-06
TXN4200,2025-11-07,CUST0099,AGT0050,Arusha,Withdraw,"138,303 ","804,583 ",0 ,Smartphone,22,0,0,0,2,0,20,Low Risk,2025-11
TXN4201,2025-11-11,CUST0190,AGT0026,Mbeya,Send,"448,014 ","230,999 ",0 ,USSD,17,0,0,1,1,0,30,Low Risk,2025-11
TXN4202,2025-07-05,CUST0405,AGT0199,Arusha,PayBill,"57,062 ","862,316 ",0 ,USSD,2,0,0,0,6,1,60,Medium Risk,2025-07
TXN4203,2025-06-19,CUST0191,AGT0148,Dodoma,Deposit,"398,922 ","278,202 ",0 ,Smartphone,7,0,0,1,7,1,90,High Risk,2025-06
TXN4204,2025-12-04,CUST0217,AGT0148,Mbeya,Receive,"98,456 ","652,378 ","49,626 ",Smartphone,13,0,0,0,1,0,10,Low Risk,2025-12
TXN4205,2025-02-04,CUST0414,AGT0122,Dodoma,Receive,"206,980 ","551,946 ","459,920 ",Smartphone,14,0,0,1,8,1,100,High Risk,2025-02
TXN4206,2025-02-18,CUST0131,AGT0007,Dar,Receive,"151,892 ","741,748 ","495,337 ",Web,1,0,0,0,12,1,120,High Risk,2025-02
TXN4207,2025-09-19,CUST0381,AGT0187,Mwanza,Send,"335,533 ","826,589 ",0 ,Feature Phone,7,0,0,1,4,1,60,Medium Risk,2025-09
TXN4208,2025-04-25,CUST0234,AGT0138,Dar,Receive,"210,514 ","657,737 ","76,487 ",Web,0,0,0,1,6,1,80,High Risk,2025-04
TXN4209,2025-07-08,CUST0287,AGT0027,Mwanza,PayBill,"265,954 ","567,905 ",0 ,Web,6,0,0,1,7,1,90,High Risk,2025-07
TXN4210,2025-01-11,CUST0468,AGT0133,Dodoma,PayBill,"29,776 ","849,435 ",0 ,Web,11,0,0,0,10,1,100,High Risk,2025-01
TXN4211,2025-04-25,CUST0425,AGT0129,Mwanza,BuyAirtime,"215,780 ","800,799 ",0 ,Smartphone,19,0,0,1,12,1,140,High Risk,2025-04
TXN4212,2025-05-06,CUST0045,AGT0144,Mwanza,Receive,"415,805 ","409,140 ","244,929 ",Feature Phone,3,0,0,1,11,1,130,High Risk,2025-05
TXN4213,2025-02-24,CUST0338,AGT0179,Dodoma,Send,"274,850 ","574,308 ",0 ,USSD,0,0,0,1,10,1,120,High Risk,2025-02
TXN4214,2025-07-13,CUST0375,AGT0022,Dodoma,Send,"144,648 ","119,246 ",0 ,Smartphone,7,0,0,0,5,1,50,Medium Risk,2025-07
TXN4215,2025-11-30,CUST0108,AGT0187,Arusha,Withdraw,"356,808 ","967,576 ",0 ,Web,22,0,0,1,1,0,30,Low Risk,2025-11
TXN4216,2025-08-10,CUST0483,AGT0177,Arusha,Deposit,"326,669 ","682,054 ",0 ,Feature Phone,0,0,0,1,4,1,60,Medium Risk,2025-08
TXN4217,2025-06-22,CUST0266,AGT0183,Mwanza,Deposit,"491,009 ","309,052 ",0 ,USSD,1,0,0,1,2,0,40,Medium Risk,2025-06
TXN4218,2025-10-28,CUST0140,AGT0012,Arusha,PayBill,"392,174 ","770,607 ",0 ,USSD,2,0,0,1,3,1,50,Medium Risk,2025-10
TXN4219,2025-12-28,CUST0303,AGT0114,Mwanza,Deposit,"468,103 ","920,779 ",0 ,Smartphone,6,0,0,1,1,0,30,Low Risk,2025-12
TXN4220,2025-12-21,CUST0070,AGT0100,Mwanza,Send,"407,079 ","557,547 ",0 ,Feature Phone,14,0,0,1,1,0,30,Low Risk,2025-12
TXN4221,2025-01-26,CUST0495,AGT0001,Dar,Send,"455,049 ","678,715 ",0 ,Feature Phone,18,0,0,1,11,1,130,High Risk,2025-01
TXN4222,2025-09-22,CUST0197,AGT0121,Mbeya,BuyAirtime,"170,966 ","942,291 ",0 ,Smartphone,15,0,0,0,6,1,60,Medium Risk,2025-09
TXN4223,2025-05-07,CUST0274,AGT0182,Arusha,BuyAirtime,"489,106 ","492,268 ",0 ,Smartphone,18,0,0,1,10,1,120,High Risk,2025-05
TXN4224,2025-04-29,CUST0236,AGT0009,Dodoma,BuyAirtime,"342,251 ","734,414 ",0 ,Smartphone,23,0,0,1,12,1,140,High Risk,2025-04
TXN4225,2025-09-01,CUST0219,AGT0175,Mwanza,PayBill,"38,829 ","572,471 ",0 ,Smartphone,8,0,0,0,4,1,40,Medium Risk,2025-09
TXN4226,2025-10-02,CUST0396,AGT0015,Dodoma,Receive,"5,111 ","946,421 ","355,844 ",Feature Phone,8,0,0,0,3,1,30,Low Risk,2025-10
TXN4227,2025-03-17,CUST0498,AGT0107,Mbeya,BuyAirtime,"214,270 ","594,464 ",0 ,Web,22,0,0,1,13,1,150,High Risk,2025-03
TXN4228,2025-04-10,CUST0332,AGT0014,Dar,Deposit,"344,688 ","235,081 ",0 ,Smartphone,11,0,0,1,8,1,100,High Risk,2025-04
TXN4229,2025-07-25,CUST0376,AGT0199,Mbeya,Receive,"135,098 ","72,987 ","136,143 ",USSD,4,0,0,0,6,1,60,Medium Risk,2025-07
TXN4230,2025-09-18,CUST0080,AGT0085,Mbeya,Receive,"323,498 ","951,240 ","319,148 ",Web,12,0,0,1,3,1,50,Medium Risk,2025-09
TXN4231,2025-03-31,CUST0291,AGT0088,Dar,Send,"481,006 ","629,905 ",0 ,Web,11,0,0,1,6,1,80,High Risk,2025-03
TXN4232,2025-12-02,CUST0086,AGT0088,Arusha,Withdraw,"167,681 ","754,864 ",0 ,USSD,14,0,0,0,1,0,10,Low Risk,2025-12
TXN4233,2025-02-10,CUST0198,AGT0198,Dar,Receive,"15,949 ","848,229 ","143,266 ",Smartphone,0,0,0,0,6,1,60,Medium Risk,2025-02
TXN4234,2025-05-08,CUST0390,AGT0136,Dar,BuyAirtime,"330,473 ","960,313 ",0 ,Feature Phone,1,0,0,1,7,1,90,High Risk,2025-05
TXN4235,2025-02-10,CUST0448,AGT0166,Mbeya,PayBill,"491,988 ","816,481 ",0 ,Web,9,0,0,1,8,1,100,High Risk,2025-02
TXN4236,2025-01-25,CUST0376,AGT0158,Arusha,Send,"83,850 ","668,508 ",0 ,Smartphone,20,0,0,0,10,1,100,High Risk,2025-01
TXN4237,2025-01-05,CUST0387,AGT0067,Dodoma,PayBill,"457,656 ","564,116 ",0 ,Smartphone,22,0,0,1,8,1,100,High Risk,2025-01
TXN4238,2025-09-22,CUST0395,AGT0110,Dodoma,Receive,"34,056 ","153,164 ","416,093 ",Feature Phone,21,0,0,0,4,1,40,Medium Risk,2025-09
TXN4239,2025-11-10,CUST0202,AGT0147,Arusha,Receive,"37,463 ","643,916 ","472,731 ",Web,17,0,0,0,3,1,30,Low Risk,2025-11
TXN4240,2025-10-07,CUST0312,AGT0119,Dodoma,Send,"473,493 ","244,127 ",0 ,Smartphone,16,0,0,1,3,1,50,Medium Risk,2025-10
TXN4241,2025-01-06,CUST0293,AGT0168,Arusha,Receive,"39,017 ","694,225 ","32,360 ",Smartphone,1,0,0,0,9,1,90,High Risk,2025-01
TXN4242,2025-10-24,CUST0396,AGT0007,Dodoma,Send,"411,264 ","114,464 ",0 ,Smartphone,15,0,0,1,2,0,40,Medium Risk,2025-10
TXN4243,2025-01-17,CUST0436,AGT0095,Arusha,Deposit,"197,214 ","739,787 ",0 ,Smartphone,0,0,0,0,12,1,120,High Risk,2025-01
TXN4244,2025-09-23,CUST0256,AGT0072,Mbeya,Deposit,"118,590 ","800,286 ",0 ,Feature Phone,12,0,0,0,3,1,30,Low Risk,2025-09
TXN4245,2025-09-08,CUST0324,AGT0072,Dodoma,PayBill,"420,768 ","840,928 ",0 ,Smartphone,3,0,0,1,7,1,90,High Risk,2025-09
TXN4246,2025-05-04,CUST0323,AGT0126,Arusha,Receive,"47,030 ","651,362 ","182,310 ",USSD,8,0,0,0,13,1,130,High Risk,2025-05
TXN4247,2025-03-20,CUST0245,AGT0083,Mbeya,PayBill,"244,481 ","849,808 ",0 ,Smartphone,23,0,0,1,7,1,90,High Risk,2025-03
TXN4248,2025-04-23,CUST0065,AGT0138,Mbeya,Withdraw,"303,140 ","66,805 ",0 ,Feature Phone,17,0,0,1,16,1,180,High Risk,2025-04
TXN4249,2025-09-19,CUST0466,AGT0076,Mwanza,Receive,"3,350 ","998,307 ","400,295 ",Smartphone,6,0,0,0,4,1,40,Medium Risk,2025-09
TXN4250,2025-10-22,CUST0398,AGT0116,Dodoma,Send,"291,082 ","432,842 ",0 ,Feature Phone,6,0,0,1,3,1,50,Medium Risk,2025-10
TXN4251,2025-08-20,CUST0088,AGT0127,Dar,Receive,"83,094 ","281,960 ","65,443 ",Smartphone,6,0,0,0,3,1,30,Low Risk,2025-08
TXN4252,2025-07-09,CUST0277,AGT0196,Mwanza,Send,"17,631 ","424,210 ",0 ,Feature Phone,12,0,0,0,7,1,70,High Risk,2025-07
TXN4253,2025-02-18,CUST0316,AGT0028,Dar,Deposit,"262,972 ","316,043 ",0 ,Feature Phone,22,0,0,1,4,1,60,Medium Risk,2025-02
TXN4254,2025-08-07,CUST0416,AGT0005,Dodoma,PayBill,"4,714 ","146,926 ",0 ,Smartphone,12,0,0,0,5,1,50,Medium Risk,2025-08
TXN4255,2025-10-10,CUST0037,AGT0136,Dar,Deposit,"499,156 ","562,227 ",0 ,USSD,0,0,0,1,1,0,30,Low Risk,2025-10
TXN4256,2025-08-30,CUST0342,AGT0065,Arusha,BuyAirtime,"278,139 ","58,843 ",0 ,Smartphone,8,0,0,1,2,0,40,Medium Risk,2025-08
TXN4257,2025-05-29,CUST0254,AGT0027,Dar,BuyAirtime,"24,053 ","93,506 ",0 ,Smartphone,1,0,0,0,7,1,70,High Risk,2025-05
TXN4258,2025-03-25,CUST0306,AGT0173,Dodoma,Receive,"209,533 ","538,786 ","189,370 ",Web,2,0,0,1,8,1,100,High Risk,2025-03
TXN4259,2025-08-08,CUST0251,AGT0175,Arusha,Deposit,"495,914 ","190,836 ",0 ,Feature Phone,1,0,0,1,2,0,40,Medium Risk,2025-08
TXN4260,2025-10-16,CUST0405,AGT0048,Dar,Deposit,"293,343 ","568,190 ",0 ,Feature Phone,3,0,0,1,2,0,40,Medium Risk,2025-10
TXN4261,2025-05-06,CUST0483,AGT0056,Arusha,Receive,"246,994 ","623,602 ","415,353 ",Web,14,0,0,1,10,1,120,High Risk,2025-05
TXN4262,2025-12-04,CUST0237,AGT0135,Dar,Withdraw,"313,403 ","533,452 ",0 ,Feature Phone,19,0,0,1,1,0,30,Low Risk,2025-12
TXN4263,2025-08-16,CUST0048,AGT0099,Arusha,PayBill,"474,056 ","388,335 ",0 ,Smartphone,13,0,0,1,7,1,90,High Risk,2025-08
TXN4264,2025-07-27,CUST0172,AGT0005,Dodoma,Send,"414,625 ","163,661 ",0 ,USSD,14,0,0,1,4,1,60,Medium Risk,2025-07
TXN4265,2025-11-14,CUST0065,AGT0119,Arusha,BuyAirtime,"391,867 ","670,976 ",0 ,USSD,9,0,0,1,2,0,40,Medium Risk,2025-11
TXN4266,2025-12-23,CUST0488,AGT0138,Mbeya,Deposit,"398,975 ","38,871 ",0 ,Smartphone,18,0,0,1,1,0,30,Low Risk,2025-12
TXN4267,2025-07-06,CUST0500,AGT0066,Dodoma,Deposit,"291,324 ","43,557 ",0 ,Smartphone,4,0,0,1,5,1,70,High Risk,2025-07
TXN4268,2025-10-14,CUST0088,AGT0039,Mbeya,Deposit,"164,964 ","182,098 ",0 ,Web,18,0,0,0,2,0,20,Low Risk,2025-10
TXN4269,2025-01-11,CUST0201,AGT0050,Mwanza,Withdraw,"247,269 ","282,282 ",0 ,Feature Phone,17,0,0,1,14,1,160,High Risk,2025-01
TXN4270,2025-09-18,CUST0209,AGT0197,Mwanza,Withdraw,"210,451 ","881,345 ",0 ,Smartphone,19,0,0,1,3,1,50,Medium Risk,2025-09
TXN4271,2025-09-02,CUST0488,AGT0139,Mwanza,Receive,"409,518 ","262,544 ","204,008 ",Web,7,0,0,1,7,1,90,High Risk,2025-09
TXN4272,2025-08-09,CUST0283,AGT0065,Arusha,BuyAirtime,"289,169 ","425,312 ",0 ,Smartphone,3,0,0,1,5,1,70,High Risk,2025-08
TXN4273,2025-06-04,CUST0359,AGT0048,Dar,Deposit,"466,913 ","108,500 ",0 ,USSD,19,0,0,1,2,0,40,Medium Risk,2025-06
TXN4274,2025-01-17,CUST0392,AGT0177,Dodoma,PayBill,"441,670 ","539,615 ",0 ,Feature Phone,11,0,0,1,13,1,150,High Risk,2025-01
TXN4275,2025-02-06,CUST0101,AGT0169,Dodoma,Receive,"304,906 ","703,366 ","410,851 ",Feature Phone,19,0,0,1,13,1,150,High Risk,2025-02
TXN4276,2025-12-11,CUST0389,AGT0084,Mbeya,Withdraw,"404,687 ","663,577 ",0 ,USSD,16,0,0,1,3,1,50,Medium Risk,2025-12
TXN4277,2025-03-05,CUST0348,AGT0038,Dar,Deposit,"206,579 ","481,880 ",0 ,Smartphone,21,0,0,1,10,1,120,High Risk,2025-03
TXN4278,2025-03-03,CUST0173,AGT0021,Mbeya,PayBill,"302,471 ","836,019 ",0 ,Web,4,0,0,1,8,1,100,High Risk,2025-03
TXN4279,2025-03-23,CUST0348,AGT0194,Arusha,Deposit,"472,683 ","516,039 ",0 ,Feature Phone,10,0,0,1,9,1,110,High Risk,2025-03
TXN4280,2025-09-18,CUST0122,AGT0145,Arusha,Withdraw,"360,216 ","473,504 ",0 ,USSD,23,0,0,1,4,1,60,Medium Risk,2025-09
TXN4281,2025-03-11,CUST0476,AGT0184,Mbeya,BuyAirtime,"434,643 ","753,236 ",0 ,USSD,3,0,0,1,4,1,60,Medium Risk,2025-03
TXN4282,2025-04-06,CUST0238,AGT0075,Dodoma,PayBill,"307,413 ","400,337 ",0 ,Feature Phone,15,0,0,1,6,1,80,High Risk,2025-04
TXN4283,2025-10-05,CUST0164,AGT0135,Mwanza,Send,"390,616 ","819,793 ",0 ,Feature Phone,15,0,0,1,4,1,60,Medium Risk,2025-10
TXN4284,2025-06-25,CUST0284,AGT0083,Arusha,Withdraw,"431,708 ","498,016 ",0 ,Smartphone,13,0,0,1,4,1,60,Medium Risk,2025-06
TXN4285,2025-02-01,CUST0415,AGT0128,Mwanza,Send,"294,058 ","30,175 ",0 ,Web,22,0,0,1,13,1,150,High Risk,2025-02
TXN4286,2025-03-31,CUST0496,AGT0074,Dodoma,Send,"449,103 ","597,648 ",0 ,Feature Phone,6,0,0,1,10,1,120,High Risk,2025-03
TXN4287,2025-10-05,CUST0214,AGT0175,Mwanza,Send,"432,420 ","784,200 ",0 ,Web,22,0,0,1,1,0,30,Low Risk,2025-10
TXN4288,2025-11-24,CUST0405,AGT0172,Dodoma,Deposit,"482,486 ","434,678 ",0 ,Smartphone,10,0,0,1,1,0,30,Low Risk,2025-11
TXN4289,2025-02-24,CUST0337,AGT0163,Dodoma,PayBill,"368,373 ","56,569 ",0 ,Feature Phone,10,0,0,1,8,1,100,High Risk,2025-02
TXN4290,2025-09-26,CUST0187,AGT0011,Mbeya,Send,"426,393 ","197,093 ",0 ,Feature Phone,20,0,0,1,4,1,60,Medium Risk,2025-09
TXN4291,2025-06-14,CUST0127,AGT0058,Dodoma,PayBill,"195,945 ","867,018 ",0 ,Web,2,0,0,0,5,1,50,Medium Risk,2025-06
TXN4292,2025-05-13,CUST0131,AGT0015,Dar,Send,"398,880 ","503,660 ",0 ,Feature Phone,23,0,0,1,8,1,100,High Risk,2025-05
TXN4293,2025-11-27,CUST0385,AGT0086,Dar,Receive,"244,659 ","288,160 ","24,707 ",Web,5,0,0,1,1,0,30,Low Risk,2025-11
TXN4294,2025-04-08,CUST0305,AGT0083,Arusha,Send,"255,979 ","696,636 ",0 ,Web,7,0,0,1,13,1,150,High Risk,2025-04
TXN4295,2025-07-14,CUST0319,AGT0019,Arusha,Withdraw,"192,732 ","518,519 ",0 ,Feature Phone,6,0,0,0,4,1,40,Medium Risk,2025-07
TXN4296,2025-08-29,CUST0098,AGT0038,Mbeya,Deposit,"482,934 ","112,026 ",0 ,Smartphone,1,0,0,1,3,1,50,Medium Risk,2025-08
TXN4297,2025-07-22,CUST0325,AGT0009,Dar,Receive,"352,392 ","86,883 ","463,223 ",Web,20,0,0,1,6,1,80,High Risk,2025-07
TXN4298,2025-08-29,CUST0069,AGT0185,Mwanza,BuyAirtime,"284,015 ","341,470 ",0 ,Web,5,0,0,1,4,1,60,Medium Risk,2025-08
TXN4299,2025-03-15,CUST0063,AGT0018,Mwanza,Send,"243,704 ","755,782 ",0 ,USSD,6,0,0,1,13,1,150,High Risk,2025-03
TXN4300,2025-06-23,CUST0375,AGT0086,Dar,Receive,"235,732 ","872,620 ","225,636 ",Feature Phone,23,0,0,1,7,1,90,High Risk,2025-06
TXN4301,2025-01-09,CUST0199,AGT0075,Dodoma,Receive,"460,594 ","186,429 ","315,545 ",Web,16,0,0,1,11,1,130,High Risk,2025-01
TXN4302,2025-03-24,CUST0435,AGT0002,Dodoma,BuyAirtime,"195,067 ","698,205 ",0 ,Web,19,0,0,0,8,1,80,High Risk,2025-03
TXN4303,2025-10-16,CUST0357,AGT0038,Mbeya,PayBill,"366,357 ","150,279 ",0 ,Smartphone,8,0,0,1,3,1,50,Medium Risk,2025-10
TXN4304,2025-02-20,CUST0263,AGT0198,Dar,Receive,"30,757 ","974,613 ","43,412 ",USSD,14,0,0,0,13,1,130,High Risk,2025-02
TXN4305,2025-06-23,CUST0465,AGT0182,Mbeya,Withdraw,"487,538 ","996,591 ",0 ,Smartphone,8,0,0,1,6,1,80,High Risk,2025-06
TXN4306,2025-07-02,CUST0408,AGT0134,Mwanza,Send,"59,944 ","303,881 ",0 ,Web,13,0,0,0,9,1,90,High Risk,2025-07
TXN4307,2025-08-21,CUST0374,AGT0047,Mbeya,PayBill,"123,616 ","475,965 ",0 ,Web,5,0,0,0,4,1,40,Medium Risk,2025-08
TXN4308,2025-10-28,CUST0185,AGT0091,Mbeya,Deposit,"456,979 ","978,007 ",0 ,Web,4,0,0,1,4,1,60,Medium Risk,2025-10
TXN4309,2025-02-23,CUST0041,AGT0060,Mwanza,Withdraw,"472,195 ","882,974 ",0 ,Smartphone,6,0,0,1,9,1,110,High Risk,2025-02
TXN4310,2025-11-14,CUST0332,AGT0100,Mwanza,BuyAirtime,"327,656 ","714,341 ",0 ,Feature Phone,1,0,0,1,4,1,60,Medium Risk,2025-11
TXN4311,2025-11-16,CUST0254,AGT0121,Mwanza,PayBill,"276,298 ","906,482 ",0 ,Feature Phone,8,0,0,1,1,0,30,Low Risk,2025-11
TXN4312,2025-10-03,CUST0141,AGT0088,Dodoma,Send,"118,714 ","868,245 ",0 ,Web,12,0,0,0,2,0,20,Low Risk,2025-10
TXN4313,2025-05-12,CUST0022,AGT0140,Dodoma,Withdraw,"340,955 ","593,650 ",0 ,Smartphone,21,0,0,1,9,1,110,High Risk,2025-05
TXN4314,2025-09-16,CUST0223,AGT0101,Dodoma,Deposit,"393,913 ","721,942 ",0 ,Feature Phone,20,0,0,1,4,1,60,Medium Risk,2025-09
TXN4315,2025-11-13,CUST0400,AGT0001,Dodoma,Receive,"364,216 ","230,386 ","250,126 ",USSD,12,0,0,1,2,0,40,Medium Risk,2025-11
TXN4316,2025-10-30,CUST0182,AGT0136,Arusha,Receive,"248,434 ","657,029 ","3,963 ",USSD,8,0,0,1,4,1,60,Medium Risk,2025-10
TXN4317,2025-01-27,CUST0190,AGT0075,Mwanza,BuyAirtime,"367,991 ","813,807 ",0 ,Smartphone,20,0,0,1,10,1,120,High Risk,2025-01
TXN4318,2025-07-28,CUST0493,AGT0035,Dar,Withdraw,"55,309 ","436,443 ",0 ,Feature Phone,14,1,0,0,5,1,100,High Risk,2025-07
TXN4319,2025-04-27,CUST0388,AGT0105,Mbeya,BuyAirtime,"488,088 ","167,484 ",0 ,Feature Phone,13,0,0,1,8,1,100,High Risk,2025-04
TXN4320,2025-11-26,CUST0458,AGT0061,Dar,Receive,"146,849 ","892,906 ","452,995 ",Smartphone,2,0,0,0,1,0,10,Low Risk,2025-11
TXN4321,2025-01-30,CUST0186,AGT0061,Dodoma,Send,"228,894 ","959,889 ",0 ,USSD,10,0,0,1,4,1,60,Medium Risk,2025-01
TXN4322,2025-11-20,CUST0209,AGT0043,Arusha,Send,"2,089 ","780,592 ",0 ,USSD,13,0,0,0,2,0,20,Low Risk,2025-11
TXN4323,2025-09-14,CUST0382,AGT0169,Arusha,BuyAirtime,"252,039 ","618,658 ",0 ,USSD,0,0,0,1,3,1,50,Medium Risk,2025-09
TXN4324,2025-10-22,CUST0235,AGT0007,Mwanza,Deposit,"388,034 ","384,911 ",0 ,Smartphone,0,0,0,1,4,1,60,Medium Risk,2025-10
TXN4325,2025-11-03,CUST0044,AGT0087,Mwanza,Deposit,"344,776 ","614,565 ",0 ,Feature Phone,15,0,0,1,4,1,60,Medium Risk,2025-11
TXN4326,2025-04-18,CUST0008,AGT0190,Dodoma,BuyAirtime,"126,633 ","225,257 ",0 ,Web,9,0,0,0,11,1,110,High Risk,2025-04
TXN4327,2025-07-26,CUST0076,AGT0149,Mbeya,Receive,"213,727 ","27,791 ","101,665 ",Feature Phone,16,0,0,1,3,1,50,Medium Risk,2025-07
TXN4328,2025-10-01,CUST0339,AGT0022,Dar,PayBill,"23,948 ","663,794 ",0 ,USSD,23,0,0,0,1,0,10,Low Risk,2025-10
TXN4329,2025-11-17,CUST0458,AGT0168,Mwanza,Send,"341,718 ","610,949 ",0 ,Web,20,0,0,1,2,0,40,Medium Risk,2025-11
TXN4330,2025-10-09,CUST0008,AGT0176,Mbeya,Withdraw,"317,467 ","851,462 ",0 ,Feature Phone,8,0,0,1,3,1,50,Medium Risk,2025-10
TXN4331,2025-03-24,CUST0115,AGT0022,Mbeya,Send,"176,285 ","306,362 ",0 ,USSD,4,0,0,0,9,1,90,High Risk,2025-03
TXN4332,2025-07-31,CUST0333,AGT0190,Mbeya,Send,"25,252 ","201,125 ",0 ,Smartphone,22,0,0,0,8,1,80,High Risk,2025-07
TXN4333,2025-09-03,CUST0096,AGT0050,Dodoma,Receive,"242,081 ","871,635 ","75,383 ",Feature Phone,0,0,0,1,5,1,70,High Risk,2025-09
TXN4334,2025-08-18,CUST0281,AGT0123,Arusha,BuyAirtime,"45,613 ","768,341 ",0 ,Smartphone,20,0,0,0,8,1,80,High Risk,2025-08
TXN4335,2025-08-31,CUST0460,AGT0133,Mwanza,Send,"173,594 ","976,557 ",0 ,Feature Phone,4,0,0,0,6,1,60,Medium Risk,2025-08
TXN4336,2025-11-14,CUST0287,AGT0198,Dodoma,Deposit,"111,141 ","601,766 ",0 ,Smartphone,16,0,0,0,4,1,40,Medium Risk,2025-11
TXN4337,2025-08-31,CUST0268,AGT0047,Arusha,PayBill,"73,468 ","944,679 ",0 ,Feature Phone,2,0,0,0,4,1,40,Medium Risk,2025-08
TXN4338,2025-06-11,CUST0454,AGT0016,Dodoma,Deposit,"135,193 ","316,209 ",0 ,Web,20,0,0,0,5,1,50,Medium Risk,2025-06
TXN4339,2025-10-07,CUST0263,AGT0075,Dar,Receive,"179,729 ","883,372 ","289,499 ",Feature Phone,10,0,0,0,5,1,50,Medium Risk,2025-10
TXN4340,2025-08-05,CUST0114,AGT0106,Dar,Send,"289,028 ","719,106 ",0 ,Feature Phone,21,0,0,1,5,1,70,High Risk,2025-08
TXN4341,2025-12-12,CUST0163,AGT0076,Dodoma,Receive,"412,426 ","680,852 ","422,140 ",Feature Phone,2,0,0,1,1,0,30,Low Risk,2025-12
TXN4342,2025-03-06,CUST0408,AGT0006,Dodoma,PayBill,"38,460 ","272,989 ",0 ,Web,3,0,0,0,13,1,130,High Risk,2025-03
TXN4343,2025-06-02,CUST0164,AGT0033,Dodoma,BuyAirtime,"79,882 ","56,879 ",0 ,Smartphone,4,0,0,0,10,1,100,High Risk,2025-06
TXN4344,2025-03-18,CUST0081,AGT0113,Arusha,Deposit,"415,931 ","559,443 ",0 ,Feature Phone,22,0,0,1,4,1,60,Medium Risk,2025-03
TXN4345,2025-08-10,CUST0241,AGT0194,Dar,BuyAirtime,"351,152 ","872,501 ",0 ,USSD,7,0,0,1,3,1,50,Medium Risk,2025-08
TXN4346,2025-12-19,CUST0128,AGT0105,Mbeya,Deposit,"437,507 ","206,836 ",0 ,Web,13,0,0,1,1,0,30,Low Risk,2025-12
TXN4347,2025-07-10,CUST0057,AGT0003,Dar,BuyAirtime,"263,511 ","923,485 ",0 ,USSD,15,0,0,1,12,1,140,High Risk,2025-07
TXN4348,2025-04-21,CUST0356,AGT0038,Mwanza,PayBill,"83,577 ","657,015 ",0 ,Feature Phone,9,0,0,0,6,1,60,Medium Risk,2025-04
TXN4349,2025-12-10,CUST0484,AGT0115,Dar,BuyAirtime,"387,133 ","403,084 ",0 ,Feature Phone,20,0,0,1,2,0,40,Medium Risk,2025-12
TXN4350,2025-09-30,CUST0099,AGT0074,Dar,Receive,"115,308 ","231,743 ","18,708 ",Web,9,0,0,0,4,1,40,Medium Risk,2025-09
TXN4351,2025-03-12,CUST0414,AGT0113,Mwanza,PayBill,"116,970 ","503,469 ",0 ,Smartphone,19,0,0,0,7,1,70,High Risk,2025-03
TXN4352,2025-05-26,CUST0063,AGT0190,Arusha,Deposit,"67,269 ","694,242 ",0 ,Feature Phone,11,0,0,0,9,1,90,High Risk,2025-05
TXN4353,2025-10-12,CUST0136,AGT0172,Mbeya,Receive,"277,114 ","141,250 ","397,714 ",Web,18,0,0,1,2,0,40,Medium Risk,2025-10
TXN4354,2025-04-23,CUST0009,AGT0143,Mwanza,Send,"94,640 ","813,587 ",0 ,USSD,8,0,0,0,8,1,80,High Risk,2025-04
TXN4355,2025-01-21,CUST0101,AGT0096,Arusha,BuyAirtime,"148,372 ","336,213 ",0 ,Web,9,0,0,0,16,1,160,High Risk,2025-01
TXN4356,2025-10-20,CUST0306,AGT0176,Dodoma,Send,"57,065 ","920,820 ",0 ,Feature Phone,8,0,0,0,3,1,30,Low Risk,2025-10
TXN4357,2025-07-22,CUST0481,AGT0027,Dar,Send,"299,110 ","22,180 ",0 ,Smartphone,0,0,0,1,5,1,70,High Risk,2025-07
TXN4358,2025-11-15,CUST0152,AGT0196,Dodoma,PayBill,"374,579 ","926,832 ",0 ,Web,4,0,0,1,2,0,40,Medium Risk,2025-11
TXN4359,2025-10-09,CUST0482,AGT0015,Arusha,Receive,"179,036 ","421,153 ","330,271 ",USSD,7,0,0,0,4,1,40,Medium Risk,2025-10
TXN4360,2025-09-14,CUST0458,AGT0031,Dodoma,PayBill,"381,279 ","129,314 ",0 ,Smartphone,2,0,0,1,4,1,60,Medium Risk,2025-09
TXN4361,2025-12-31,CUST0002,AGT0067,Dar,Withdraw,"126,072 ","419,233 ",0 ,Web,1,0,0,0,1,0,10,Low Risk,2025-12
TXN4362,2025-12-30,CUST0189,AGT0151,Dodoma,Receive,"332,047 ","351,237 ","228,618 ",Feature Phone,16,0,0,1,1,0,30,Low Risk,2025-12
TXN4363,2025-07-12,CUST0057,AGT0141,Mwanza,Deposit,"497,847 ","733,986 ",0 ,USSD,17,0,0,1,11,1,130,High Risk,2025-07
TXN4364,2025-08-26,CUST0118,AGT0039,Dodoma,PayBill,"18,927 ","281,839 ",0 ,USSD,2,0,0,0,6,1,60,Medium Risk,2025-08
TXN4365,2025-10-23,CUST0417,AGT0153,Mbeya,Send,"468,337 ","463,513 ",0 ,Web,17,0,0,1,3,1,50,Medium Risk,2025-10
TXN4366,2025-09-09,CUST0300,AGT0191,Arusha,PayBill,"388,494 ","527,790 ",0 ,USSD,8,0,0,1,3,1,50,Medium Risk,2025-09
TXN4367,2025-07-11,CUST0327,AGT0079,Arusha,Withdraw,"179,411 ","137,615 ",0 ,Smartphone,12,0,0,0,8,1,80,High Risk,2025-07
TXN4368,2025-01-08,CUST0119,AGT0068,Dodoma,Receive,"195,947 ","518,451 ","171,202 ",Feature Phone,2,0,0,0,12,1,120,High Risk,2025-01
TXN4369,2025-02-01,CUST0329,AGT0149,Arusha,PayBill,"408,480 ","935,457 ",0 ,USSD,11,0,0,1,11,1,130,High Risk,2025-02
TXN4370,2025-06-22,CUST0023,AGT0074,Arusha,Deposit,"3,758 ","66,456 ",0 ,Feature Phone,8,0,0,0,3,1,30,Low Risk,2025-06
TXN4371,2025-12-25,CUST0279,AGT0014,Dodoma,Deposit,"442,199 ","866,762 ",0 ,Smartphone,20,0,0,1,2,0,40,Medium Risk,2025-12
TXN4372,2025-03-05,CUST0268,AGT0165,Arusha,BuyAirtime,"175,205 ","772,369 ",0 ,Feature Phone,16,1,0,0,8,1,130,High Risk,2025-03
TXN4373,2025-05-27,CUST0200,AGT0099,Mbeya,Receive,"312,315 ","395,397 ","357,207 ",USSD,12,0,0,1,6,1,80,High Risk,2025-05
TXN4374,2025-04-12,CUST0129,AGT0126,Dodoma,Receive,"25,591 ","514,784 ","94,497 ",USSD,4,0,0,0,10,1,100,High Risk,2025-04
TXN4375,2025-09-24,CUST0283,AGT0109,Arusha,BuyAirtime,"60,687 ","286,498 ",0 ,Smartphone,17,0,0,0,3,1,30,Low Risk,2025-09
TXN4376,2025-05-29,CUST0430,AGT0142,Mbeya,Send,"155,203 ","746,137 ",0 ,Feature Phone,9,0,0,0,7,1,70,High Risk,2025-05
TXN4377,2025-10-03,CUST0224,AGT0012,Dodoma,Receive,"163,137 ","927,782 ","220,916 ",Smartphone,19,0,0,0,1,0,10,Low Risk,2025-10
TXN4378,2025-05-23,CUST0236,AGT0040,Mbeya,Receive,"145,849 ","624,706 ","298,369 ",Feature Phone,18,0,0,0,11,1,110,High Risk,2025-05
TXN4379,2025-02-10,CUST0266,AGT0177,Dar,BuyAirtime,"257,662 ","134,643 ",0 ,Feature Phone,18,0,0,1,8,1,100,High Risk,2025-02
TXN4380,2025-11-12,CUST0048,AGT0136,Dodoma,Deposit,"485,583 ","383,337 ",0 ,Feature Phone,6,0,0,1,2,0,40,Medium Risk,2025-11
TXN4381,2025-09-20,CUST0324,AGT0086,Dar,Deposit,"199,870 ","17,195 ",0 ,USSD,15,0,0,0,6,1,60,Medium Risk,2025-09
TXN4382,2025-12-09,CUST0494,AGT0130,Dodoma,Send,"494,593 ","706,249 ",0 ,USSD,19,0,0,1,1,0,30,Low Risk,2025-12
TXN4383,2025-08-28,CUST0121,AGT0149,Mbeya,Send,"415,429 ","830,952 ",0 ,Feature Phone,0,0,0,1,2,0,40,Medium Risk,2025-08
TXN4384,2025-09-12,CUST0027,AGT0141,Arusha,Withdraw,"341,268 ","925,285 ",0 ,USSD,21,0,0,1,4,1,60,Medium Risk,2025-09
TXN4385,2025-03-26,CUST0378,AGT0086,Mwanza,Receive,"264,619 ","598,911 ","272,397 ",Feature Phone,7,0,0,1,9,1,110,High Risk,2025-03
TXN4386,2025-02-14,CUST0075,AGT0154,Dar,BuyAirtime,"184,310 ","473,485 ",0 ,Feature Phone,21,0,0,0,8,1,80,High Risk,2025-02
TXN4387,2025-05-12,CUST0321,AGT0115,Dodoma,PayBill,"52,629 ","820,182 ",0 ,Feature Phone,13,0,0,0,8,1,80,High Risk,2025-05
TXN4388,2025-09-02,CUST0268,AGT0092,Mbeya,PayBill,"300,088 ","178,684 ",0 ,Smartphone,8,0,0,1,3,1,50,Medium Risk,2025-09
TXN4389,2025-02-11,CUST0224,AGT0169,Dar,Receive,"342,671 ","839,941 ","31,108 ",Smartphone,20,0,0,1,7,1,90,High Risk,2025-02
TXN4390,2025-02-03,CUST0449,AGT0118,Mwanza,Deposit,"393,652 ","563,166 ",0 ,Smartphone,23,0,0,1,9,1,110,High Risk,2025-02
TXN4391,2025-07-07,CUST0498,AGT0077,Dar,Deposit,"383,821 ","490,019 ",0 ,Smartphone,16,0,0,1,10,1,120,High Risk,2025-07
TXN4392,2025-04-23,CUST0226,AGT0056,Dar,Deposit,"386,469 ","930,689 ",0 ,USSD,14,0,0,1,12,1,140,High Risk,2025-04
TXN4393,2025-09-27,CUST0110,AGT0154,Mwanza,BuyAirtime,"209,909 ","99,831 ",0 ,USSD,5,0,0,1,2,0,40,Medium Risk,2025-09
TXN4394,2025-10-10,CUST0228,AGT0090,Arusha,Withdraw,"337,490 ","939,344 ",0 ,Feature Phone,5,0,0,1,4,1,60,Medium Risk,2025-10
TXN4395,2025-02-01,CUST0472,AGT0038,Mbeya,BuyAirtime,"111,504 ","580,672 ",0 ,USSD,11,0,0,0,5,1,50,Medium Risk,2025-02
TXN4396,2025-07-05,CUST0263,AGT0026,Dar,BuyAirtime,"94,056 ","953,745 ",0 ,Web,19,0,0,0,10,1,100,High Risk,2025-07
TXN4397,2025-03-14,CUST0365,AGT0090,Mbeya,Receive,"484,987 ","644,616 ","139,596 ",Feature Phone,0,0,0,1,11,1,130,High Risk,2025-03
TXN4398,2025-10-31,CUST0301,AGT0096,Dodoma,BuyAirtime,"426,064 ","772,683 ",0 ,USSD,21,0,0,1,2,0,40,Medium Risk,2025-10
TXN4399,2025-04-28,CUST0011,AGT0179,Dar,Receive,"294,968 ","828,263 ","476,492 ",Feature Phone,19,0,0,1,8,1,100,High Risk,2025-04
TXN4400,2025-11-01,CUST0375,AGT0164,Mwanza,Deposit,"238,584 ","38,268 ",0 ,Web,1,0,0,1,2,0,40,Medium Risk,2025-11
TXN4401,2025-09-24,CUST0104,AGT0153,Dodoma,Withdraw,"174,957 ","41,579 ",0 ,Feature Phone,14,0,0,0,6,1,60,Medium Risk,2025-09
TXN4402,2025-11-22,CUST0310,AGT0039,Mwanza,PayBill,"109,261 ","897,759 ",0 ,Web,5,0,0,0,1,0,10,Low Risk,2025-11
TXN4403,2025-09-09,CUST0095,AGT0051,Arusha,BuyAirtime,"490,465 ","795,031 ",0 ,Web,17,0,0,1,7,1,90,High Risk,2025-09
TXN4404,2025-07-13,CUST0122,AGT0103,Arusha,Receive,"82,405 ","759,405 ","426,951 ",Smartphone,14,0,0,0,6,1,60,Medium Risk,2025-07
TXN4405,2025-08-02,CUST0033,AGT0019,Dodoma,BuyAirtime,"464,083 ","885,248 ",0 ,Smartphone,4,0,0,1,7,1,90,High Risk,2025-08
TXN4406,2025-05-14,CUST0468,AGT0078,Dar,Deposit,"244,401 ","889,579 ",0 ,USSD,20,0,0,1,8,1,100,High Risk,2025-05
TXN4407,2025-10-17,CUST0386,AGT0017,Dodoma,Send,"297,182 ","345,893 ",0 ,Web,23,0,0,1,1,0,30,Low Risk,2025-10
TXN4408,2025-12-20,CUST0010,AGT0083,Dodoma,Receive,"481,313 ","237,842 ","146,891 ",Feature Phone,0,0,0,1,1,0,30,Low Risk,2025-12
TXN4409,2025-04-29,CUST0469,AGT0045,Mbeya,PayBill,"104,935 ","878,551 ",0 ,Feature Phone,9,0,0,0,5,1,50,Medium Risk,2025-04
TXN4410,2025-10-16,CUST0466,AGT0156,Arusha,PayBill,"408,089 ","367,859 ",0 ,USSD,20,0,0,1,2,0,40,Medium Risk,2025-10
TXN4411,2025-01-07,CUST0074,AGT0180,Dodoma,Receive,"357,394 ","207,976 ","496,723 ",Web,15,0,0,1,13,1,150,High Risk,2025-01
TXN4412,2025-07-12,CUST0118,AGT0197,Dodoma,PayBill,"255,764 ","59,905 ",0 ,Feature Phone,5,0,0,1,7,1,90,High Risk,2025-07
TXN4413,2025-02-10,CUST0153,AGT0001,Arusha,Send,"23,226 ","518,666 ",0 ,Web,23,0,0,0,9,1,90,High Risk,2025-02
TXN4414,2025-01-09,CUST0249,AGT0034,Mwanza,Deposit,"133,176 ","284,529 ",0 ,Feature Phone,17,0,0,0,13,1,130,High Risk,2025-01
TXN4415,2025-09-30,CUST0495,AGT0167,Mwanza,Deposit,"379,943 ","495,713 ",0 ,Smartphone,17,0,0,1,4,1,60,Medium Risk,2025-09
TXN4416,2025-09-27,CUST0275,AGT0034,Dar,Receive,"79,050 ","198,417 ","374,526 ",Web,0,0,0,0,3,1,30,Low Risk,2025-09
TXN4417,2025-08-04,CUST0105,AGT0003,Dodoma,Receive,"289,835 ","797,993 ","226,976 ",Web,2,0,0,1,3,1,50,Medium Risk,2025-08
TXN4418,2025-04-26,CUST0382,AGT0119,Mbeya,BuyAirtime,"132,513 ","774,589 ",0 ,Smartphone,9,0,0,0,7,1,70,High Risk,2025-04
TXN4419,2025-05-29,CUST0317,AGT0154,Dodoma,Deposit,"397,038 ","851,887 ",0 ,USSD,10,0,0,1,9,1,110,High Risk,2025-05
TXN4420,2025-10-26,CUST0460,AGT0078,Dar,Send,"266,034 ","6,003 ",0 ,Feature Phone,11,0,0,1,3,1,50,Medium Risk,2025-10
TXN4421,2025-03-23,CUST0156,AGT0123,Mbeya,Send,"382,359 ","590,861 ",0 ,Feature Phone,5,0,0,1,9,1,110,High Risk,2025-03
TXN4422,2025-06-09,CUST0047,AGT0010,Arusha,BuyAirtime,"313,533 ","747,608 ",0 ,Web,22,0,0,1,6,1,80,High Risk,2025-06
TXN4423,2025-04-14,CUST0315,AGT0078,Dodoma,Receive,"312,094 ","500,566 ","38,407 ",Web,4,0,0,1,7,1,90,High Risk,2025-04
TXN4424,2025-01-20,CUST0088,AGT0102,Arusha,PayBill,"100,643 ","65,556 ",0 ,Feature Phone,2,0,0,0,12,1,120,High Risk,2025-01
TXN4425,2025-05-08,CUST0401,AGT0069,Mbeya,BuyAirtime,"196,244 ","921,031 ",0 ,Feature Phone,7,0,0,0,7,1,70,High Risk,2025-05
TXN4426,2025-09-23,CUST0202,AGT0134,Arusha,Deposit,"461,842 ","788,289 ",0 ,USSD,17,0,0,1,4,1,60,Medium Risk,2025-09
TXN4427,2025-05-18,CUST0483,AGT0048,Arusha,Send,"423,498 ","330,682 ",0 ,Smartphone,23,0,0,1,9,1,110,High Risk,2025-05
TXN4428,2025-04-03,CUST0156,AGT0072,Arusha,Receive,"333,389 ","747,161 ","26,456 ",USSD,9,0,0,1,7,1,90,High Risk,2025-04
TXN4429,2025-05-07,CUST0267,AGT0118,Dodoma,Receive,"361,814 ","554,276 ","452,594 ",Feature Phone,16,0,0,1,7,1,90,High Risk,2025-05
TXN4430,2025-10-25,CUST0326,AGT0079,Mbeya,BuyAirtime,"115,961 ","25,956 ",0 ,Smartphone,21,0,0,0,2,0,20,Low Risk,2025-10
TXN4431,2025-04-15,CUST0458,AGT0068,Arusha,Send,"131,307 ","445,117 ",0 ,USSD,17,0,0,0,9,1,90,High Risk,2025-04
TXN4432,2025-08-03,CUST0313,AGT0083,Mwanza,Withdraw,"207,066 ","441,228 ",0 ,Web,3,0,0,1,5,1,70,High Risk,2025-08
TXN4433,2025-12-22,CUST0381,AGT0067,Arusha,Withdraw,"84,281 ","66,273 ",0 ,Feature Phone,23,0,0,0,2,0,20,Low Risk,2025-12
TXN4434,2025-12-08,CUST0377,AGT0113,Dodoma,PayBill,"477,689 ","50,807 ",0 ,Smartphone,1,0,0,1,1,0,30,Low Risk,2025-12
TXN4435,2025-01-13,CUST0306,AGT0102,Mbeya,Deposit,"139,893 ","669,898 ",0 ,Feature Phone,23,0,0,0,13,1,130,High Risk,2025-01
TXN4436,2025-06-28,CUST0410,AGT0022,Mbeya,Withdraw,"391,388 ","358,358 ",0 ,Smartphone,19,0,0,1,4,1,60,Medium Risk,2025-06
TXN4437,2025-12-18,CUST0014,AGT0096,Dodoma,Withdraw,"161,306 ","878,306 ",0 ,Smartphone,0,0,0,0,2,0,20,Low Risk,2025-12
TXN4438,2025-05-26,CUST0309,AGT0172,Dodoma,Withdraw,"394,793 ","783,157 ",0 ,Smartphone,18,0,0,1,10,1,120,High Risk,2025-05
TXN4439,2025-12-21,CUST0459,AGT0096,Dar,PayBill,"227,884 ","85,472 ",0 ,USSD,13,0,0,1,2,0,40,Medium Risk,2025-12
TXN4440,2025-01-12,CUST0411,AGT0003,Mbeya,Deposit,"307,989 ","12,229 ",0 ,Web,9,0,0,1,13,1,150,High Risk,2025-01
TXN4441,2025-01-04,CUST0439,AGT0077,Arusha,Send,"392,365 ","853,445 ",0 ,USSD,11,0,0,1,17,1,190,High Risk,2025-01
TXN4442,2025-01-07,CUST0481,AGT0055,Arusha,BuyAirtime,"33,012 ","558,794 ",0 ,Web,4,0,0,0,11,1,110,High Risk,2025-01
TXN4443,2025-09-02,CUST0176,AGT0016,Mwanza,BuyAirtime,"190,341 ","279,764 ",0 ,USSD,13,1,0,0,6,1,110,High Risk,2025-09
TXN4444,2025-08-15,CUST0217,AGT0124,Dodoma,Receive,"236,914 ","293,256 ","260,474 ",Feature Phone,13,0,0,1,4,1,60,Medium Risk,2025-08
TXN4445,2025-06-02,CUST0281,AGT0171,Arusha,Withdraw,"317,894 ","229,170 ",0 ,Smartphone,0,0,0,1,9,1,110,High Risk,2025-06
TXN4446,2025-12-23,CUST0267,AGT0098,Arusha,BuyAirtime,"278,699 ","825,736 ",0 ,Feature Phone,11,0,0,1,1,0,30,Low Risk,2025-12
TXN4447,2025-03-02,CUST0117,AGT0099,Dodoma,Deposit,"150,198 ","555,425 ",0 ,Feature Phone,14,0,0,0,10,1,100,High Risk,2025-03
TXN4448,2025-11-30,CUST0056,AGT0182,Arusha,Receive,"187,536 ","279,220 ","124,671 ",Web,7,0,0,0,1,0,10,Low Risk,2025-11
TXN4449,2025-09-06,CUST0046,AGT0184,Dar,Send,"52,525 ","611,160 ",0 ,Feature Phone,12,0,0,0,4,1,40,Medium Risk,2025-09
TXN4450,2025-03-27,CUST0457,AGT0058,Mwanza,BuyAirtime,"236,522 ","226,484 ",0 ,Smartphone,6,0,0,1,7,1,90,High Risk,2025-03
TXN4451,2025-12-25,CUST0464,AGT0127,Mbeya,Send,"132,484 ","558,788 ",0 ,Web,0,0,0,0,1,0,10,Low Risk,2025-12
TXN4452,2025-05-25,CUST0252,AGT0004,Mwanza,Send,"256,738 ","6,812 ",0 ,Feature Phone,19,0,0,1,2,0,40,Medium Risk,2025-05
TXN4453,2025-06-28,CUST0382,AGT0137,Arusha,Send,"57,325 ","919,404 ",0 ,Feature Phone,9,0,0,0,6,1,60,Medium Risk,2025-06
TXN4454,2025-05-26,CUST0082,AGT0116,Mwanza,Deposit,"227,261 ","696,811 ",0 ,USSD,9,0,0,1,3,1,50,Medium Risk,2025-05
TXN4455,2025-09-14,CUST0376,AGT0163,Arusha,Deposit,"487,843 ","5,687 ",0 ,USSD,20,0,0,1,4,1,60,Medium Risk,2025-09
TXN4456,2025-11-23,CUST0143,AGT0058,Arusha,Send,"477,901 ","154,811 ",0 ,Smartphone,1,0,0,1,2,0,40,Medium Risk,2025-11
TXN4457,2025-12-13,CUST0451,AGT0080,Dar,Receive,"353,073 ","546,203 ","482,243 ",USSD,9,0,0,1,1,0,30,Low Risk,2025-12
TXN4458,2025-05-20,CUST0006,AGT0037,Dodoma,Send,"126,253 ","343,047 ",0 ,Feature Phone,12,0,0,0,4,1,40,Medium Risk,2025-05
TXN4459,2025-08-27,CUST0149,AGT0044,Dar,BuyAirtime,"34,061 ","480,269 ",0 ,Feature Phone,12,0,0,0,5,1,50,Medium Risk,2025-08
TXN4460,2025-02-28,CUST0342,AGT0166,Dodoma,Receive,"134,682 ","891,416 ","411,997 ",Web,9,0,0,0,9,1,90,High Risk,2025-02
TXN4461,2025-05-05,CUST0003,AGT0103,Dar,Receive,"165,062 ","389,040 ","127,436 ",Web,15,0,0,0,4,1,40,Medium Risk,2025-05
TXN4462,2025-11-06,CUST0191,AGT0179,Mwanza,Send,"11,435 ","73,218 ",0 ,Smartphone,0,0,0,0,3,1,30,Low Risk,2025-11
TXN4463,2025-03-21,CUST0406,AGT0126,Dodoma,Send,"358,543 ","274,068 ",0 ,Web,8,0,0,1,8,1,100,High Risk,2025-03
TXN4464,2025-05-28,CUST0283,AGT0073,Dar,Send,"190,691 ","600,657 ",0 ,USSD,1,0,0,0,11,1,110,High Risk,2025-05
TXN4465,2025-05-21,CUST0060,AGT0150,Mwanza,Send,"8,809 ","895,672 ",0 ,USSD,6,0,0,0,4,1,40,Medium Risk,2025-05
TXN4466,2025-06-17,CUST0293,AGT0156,Dar,BuyAirtime,"78,609 ","434,086 ",0 ,Web,9,0,0,0,5,1,50,Medium Risk,2025-06
TXN4467,2025-11-07,CUST0024,AGT0106,Arusha,Receive,"7,288 ","842,548 ","82,243 ",Feature Phone,17,0,0,0,3,1,30,Low Risk,2025-11
TXN4468,2025-05-17,CUST0237,AGT0024,Mbeya,Send,"413,460 ","520,646 ",0 ,USSD,10,0,0,1,7,1,90,High Risk,2025-05
TXN4469,2025-06-07,CUST0367,AGT0023,Dar,Withdraw,"201,212 ","97,958 ",0 ,Web,17,0,0,1,8,1,100,High Risk,2025-06
TXN4470,2025-08-07,CUST0181,AGT0082,Dar,Send,"413,052 ","707,425 ",0 ,Feature Phone,14,0,0,1,4,1,60,Medium Risk,2025-08
TXN4471,2025-08-09,CUST0350,AGT0091,Arusha,PayBill,"64,373 ","823,585 ",0 ,USSD,6,0,0,0,6,1,60,Medium Risk,2025-08
TXN4472,2025-03-09,CUST0027,AGT0115,Mbeya,Deposit,"362,126 ","588,201 ",0 ,Smartphone,19,0,0,1,8,1,100,High Risk,2025-03
TXN4473,2025-08-26,CUST0198,AGT0125,Dar,Deposit,"135,089 ","39,595 ",0 ,Feature Phone,22,0,0,0,3,1,30,Low Risk,2025-08
TXN4474,2025-04-10,CUST0373,AGT0127,Dodoma,PayBill,"287,499 ","756,979 ",0 ,Web,18,0,0,1,7,1,90,High Risk,2025-04
TXN4475,2025-03-30,CUST0142,AGT0048,Mwanza,Deposit,"57,966 ","90,947 ",0 ,Smartphone,21,0,0,0,8,1,80,High Risk,2025-03
TXN4476,2025-03-21,CUST0102,AGT0197,Dodoma,BuyAirtime,"135,572 ","929,043 ",0 ,USSD,6,1,0,0,8,1,130,High Risk,2025-03
TXN4477,2025-05-09,CUST0377,AGT0118,Arusha,Receive,"439,512 ","219,626 ","280,545 ",Feature Phone,8,0,0,1,10,1,120,High Risk,2025-05
TXN4478,2025-03-23,CUST0444,AGT0142,Arusha,Receive,"121,128 ","746,692 ","472,439 ",Smartphone,1,0,0,0,5,1,50,Medium Risk,2025-03
TXN4479,2025-01-15,CUST0263,AGT0128,Arusha,Send,"270,696 ","217,707 ",0 ,Feature Phone,17,0,0,1,15,1,170,High Risk,2025-01
TXN4480,2025-10-12,CUST0112,AGT0139,Mbeya,Withdraw,"410,990 ","782,732 ",0 ,USSD,9,0,0,1,2,0,40,Medium Risk,2025-10
TXN4481,2025-08-10,CUST0457,AGT0111,Mbeya,Send,"147,788 ","621,213 ",0 ,Feature Phone,23,0,0,0,4,1,40,Medium Risk,2025-08
TXN4482,2025-04-07,CUST0461,AGT0013,Mwanza,Withdraw,"248,004 ","122,691 ",0 ,Feature Phone,3,0,0,1,5,1,70,High Risk,2025-04
TXN4483,2025-03-21,CUST0126,AGT0090,Arusha,BuyAirtime,"388,225 ","15,028 ",0 ,Web,8,0,0,1,5,1,70,High Risk,2025-03
TXN4484,2025-12-23,CUST0378,AGT0163,Mwanza,BuyAirtime,"80,172 ","811,595 ",0 ,USSD,14,0,0,0,1,0,10,Low Risk,2025-12
TXN4485,2025-09-15,CUST0302,AGT0005,Mbeya,Send,"322,078 ","443,885 ",0 ,Feature Phone,1,0,0,1,4,1,60,Medium Risk,2025-09
TXN4486,2025-11-10,CUST0138,AGT0093,Arusha,Deposit,"379,441 ","176,342 ",0 ,Web,9,0,0,1,4,1,60,Medium Risk,2025-11
TXN4487,2025-02-17,CUST0143,AGT0105,Arusha,Deposit,"175,838 ","32,897 ",0 ,Web,14,0,0,0,9,1,90,High Risk,2025-02
TXN4488,2025-07-20,CUST0411,AGT0131,Dodoma,BuyAirtime,"73,215 ","737,123 ",0 ,Web,10,0,0,0,6,1,60,Medium Risk,2025-07
TXN4489,2025-11-04,CUST0022,AGT0123,Dodoma,Deposit,"217,230 ","921,981 ",0 ,Feature Phone,22,0,0,1,2,0,40,Medium Risk,2025-11
TXN4490,2025-03-10,CUST0311,AGT0097,Mbeya,BuyAirtime,"422,314 ","366,649 ",0 ,Web,20,0,0,1,4,1,60,Medium Risk,2025-03
TXN4491,2025-03-11,CUST0396,AGT0192,Dar,BuyAirtime,"145,632 ","204,011 ",0 ,Smartphone,11,0,0,0,9,1,90,High Risk,2025-03
TXN4492,2025-08-18,CUST0032,AGT0096,Dar,BuyAirtime,"168,237 ","551,361 ",0 ,USSD,19,0,0,0,4,1,40,Medium Risk,2025-08
TXN4493,2025-04-06,CUST0291,AGT0043,Dodoma,Withdraw,"202,013 ","742,045 ",0 ,Web,17,0,0,1,5,1,70,High Risk,2025-04
TXN4494,2025-03-28,CUST0152,AGT0021,Dodoma,Receive,"14,079 ","215,865 ","431,682 ",Web,19,0,0,0,8,1,80,High Risk,2025-03
TXN4495,2025-02-06,CUST0391,AGT0091,Arusha,Withdraw,"406,391 ","966,683 ",0 ,Web,18,0,0,1,7,1,90,High Risk,2025-02
TXN4496,2025-11-16,CUST0019,AGT0140,Arusha,Send,"433,662 ","985,452 ",0 ,Smartphone,11,0,0,1,2,0,40,Medium Risk,2025-11
TXN4497,2025-06-24,CUST0083,AGT0187,Dodoma,BuyAirtime,"285,336 ","876,130 ",0 ,Web,4,0,0,1,5,1,70,High Risk,2025-06
TXN4498,2025-12-19,CUST0284,AGT0123,Arusha,Deposit,"35,547 ","777,955 ",0 ,Web,20,0,0,0,1,0,10,Low Risk,2025-12
TXN4499,2025-10-05,CUST0166,AGT0194,Arusha,BuyAirtime,"226,549 ","126,076 ",0 ,Web,21,0,0,1,4,1,60,Medium Risk,2025-10
TXN4500,2025-03-17,CUST0147,AGT0016,Mwanza,Send,"101,346 ","622,362 ",0 ,Feature Phone,19,0,0,0,6,1,60,Medium Risk,2025-03
TXN4501,2025-11-13,CUST0408,AGT0177,Dar,Send,"377,779 ","902,231 ",0 ,Smartphone,14,0,0,1,4,1,60,Medium Risk,2025-11
TXN4502,2025-04-05,CUST0422,AGT0128,Mbeya,Receive,"391,589 ","269,378 ","436,034 ",USSD,8,0,0,1,8,1,100,High Risk,2025-04
TXN4503,2025-08-29,CUST0304,AGT0118,Dodoma,Withdraw,"437,972 ","230,443 ",0 ,Smartphone,7,0,0,1,5,1,70,High Risk,2025-08
TXN4504,2025-02-02,CUST0072,AGT0102,Dodoma,Send,"13,096 ","4,747 ",0 ,Feature Phone,6,0,0,0,10,1,100,High Risk,2025-02
TXN4505,2025-05-08,CUST0328,AGT0105,Mbeya,Deposit,"109,836 ","435,182 ",0 ,Smartphone,22,0,0,0,4,1,40,Medium Risk,2025-05
TXN4506,2025-03-08,CUST0013,AGT0200,Mwanza,BuyAirtime,"217,335 ","752,524 ",0 ,Feature Phone,3,0,0,1,11,1,130,High Risk,2025-03
TXN4507,2025-09-13,CUST0339,AGT0005,Dodoma,Send,"220,233 ","265,856 ",0 ,Web,20,0,0,1,3,1,50,Medium Risk,2025-09
TXN4508,2025-03-23,CUST0302,AGT0159,Dodoma,Withdraw,"403,666 ","297,167 ",0 ,Smartphone,17,0,0,1,9,1,110,High Risk,2025-03
TXN4509,2025-05-09,CUST0034,AGT0112,Dar,Withdraw,"391,712 ","84,566 ",0 ,Web,0,0,0,1,6,1,80,High Risk,2025-05
TXN4510,2025-07-13,CUST0486,AGT0058,Mbeya,Receive,"116,273 ","27,857 ","420,642 ",Smartphone,18,0,0,0,4,1,40,Medium Risk,2025-07
TXN4511,2025-11-09,CUST0165,AGT0189,Mbeya,PayBill,"278,701 ","195,741 ",0 ,Smartphone,6,0,0,1,2,0,40,Medium Risk,2025-11
TXN4512,2025-12-17,CUST0427,AGT0016,Arusha,Deposit,"451,312 ","469,269 ",0 ,Feature Phone,14,0,0,1,1,0,30,Low Risk,2025-12
TXN4513,2025-09-02,CUST0233,AGT0183,Mwanza,Send,"19,432 ","914,231 ",0 ,Feature Phone,9,0,0,0,3,1,30,Low Risk,2025-09
TXN4514,2025-04-25,CUST0176,AGT0109,Dar,Deposit,"380,234 ","115,034 ",0 ,Smartphone,3,0,0,1,10,1,120,High Risk,2025-04
TXN4515,2025-08-11,CUST0217,AGT0038,Dar,BuyAirtime,"394,913 ","683,230 ",0 ,USSD,8,0,0,1,5,1,70,High Risk,2025-08
TXN4516,2025-02-06,CUST0199,AGT0017,Dar,Receive,"69,050 ","717,667 ","160,513 ",USSD,9,0,0,0,9,1,90,High Risk,2025-02
TXN4517,2025-03-03,CUST0321,AGT0015,Dodoma,Withdraw,"191,655 ","842,259 ",0 ,Feature Phone,2,0,0,0,14,1,140,High Risk,2025-03
TXN4518,2025-07-11,CUST0445,AGT0061,Dar,Withdraw,"376,063 ","989,125 ",0 ,Feature Phone,0,0,0,1,7,1,90,High Risk,2025-07
TXN4519,2025-12-04,CUST0391,AGT0199,Dar,Withdraw,"174,389 ","209,256 ",0 ,Feature Phone,12,0,0,0,1,0,10,Low Risk,2025-12
TXN4520,2025-07-02,CUST0243,AGT0116,Arusha,BuyAirtime,"398,256 ","813,043 ",0 ,USSD,1,0,0,1,3,1,50,Medium Risk,2025-07
TXN4521,2025-08-06,CUST0233,AGT0015,Arusha,Deposit,"438,460 ","713,737 ",0 ,USSD,5,0,0,1,6,1,80,High Risk,2025-08
TXN4522,2025-08-28,CUST0042,AGT0058,Mwanza,Withdraw,"407,432 ","316,377 ",0 ,Feature Phone,1,0,0,1,5,1,70,High Risk,2025-08
TXN4523,2025-09-19,CUST0029,AGT0169,Dodoma,Send,"234,612 ","280,690 ",0 ,USSD,8,0,0,1,1,0,30,Low Risk,2025-09
TXN4524,2025-08-14,CUST0219,AGT0106,Dar,Deposit,"59,314 ","304,470 ",0 ,USSD,21,0,0,0,5,1,50,Medium Risk,2025-08
TXN4525,2025-10-21,CUST0228,AGT0184,Mwanza,BuyAirtime,"168,873 ","947,637 ",0 ,Web,16,0,0,0,3,1,30,Low Risk,2025-10
TXN4526,2025-03-12,CUST0349,AGT0134,Mbeya,BuyAirtime,"248,499 ","861,812 ",0 ,Web,6,0,0,1,10,1,120,High Risk,2025-03
TXN4527,2025-09-11,CUST0148,AGT0066,Mbeya,BuyAirtime,"137,194 ","363,197 ",0 ,USSD,22,0,0,0,3,1,30,Low Risk,2025-09
TXN4528,2025-01-28,CUST0101,AGT0157,Dodoma,PayBill,"108,590 ","649,140 ",0 ,Web,2,0,0,0,15,1,150,High Risk,2025-01
TXN4529,2025-08-07,CUST0184,AGT0033,Mbeya,PayBill,"104,538 ","759,249 ",0 ,Feature Phone,14,0,0,0,4,1,40,Medium Risk,2025-08
TXN4530,2025-03-13,CUST0445,AGT0125,Mwanza,BuyAirtime,"291,665 ","655,039 ",0 ,Smartphone,10,0,0,1,8,1,100,High Risk,2025-03
TXN4531,2025-05-11,CUST0228,AGT0185,Dar,Receive,"312,510 ","767,451 ","164,427 ",Smartphone,5,0,0,1,10,1,120,High Risk,2025-05
TXN4532,2025-08-12,CUST0299,AGT0158,Dar,Withdraw,"281,462 ","578,971 ",0 ,Smartphone,21,0,0,1,3,1,50,Medium Risk,2025-08
TXN4533,2025-11-29,CUST0222,AGT0075,Mwanza,Deposit,"374,341 ","843,483 ",0 ,USSD,12,0,0,1,3,1,50,Medium Risk,2025-11
TXN4534,2025-08-20,CUST0393,AGT0199,Arusha,PayBill,"105,193 ","401,973 ",0 ,Smartphone,20,0,0,0,3,1,30,Low Risk,2025-08
TXN4535,2025-11-01,CUST0157,AGT0078,Arusha,Send,"40,255 ","433,069 ",0 ,Smartphone,9,0,0,0,3,1,30,Low Risk,2025-11
TXN4536,2025-07-10,CUST0484,AGT0027,Mbeya,BuyAirtime,"27,675 ","73,696 ",0 ,USSD,0,0,0,0,10,1,100,High Risk,2025-07
TXN4537,2025-03-12,CUST0291,AGT0164,Mwanza,BuyAirtime,"2,555 ","910,567 ",0 ,Feature Phone,15,0,0,0,7,1,70,High Risk,2025-03
TXN4538,2025-06-15,CUST0367,AGT0152,Mwanza,Deposit,"370,984 ","106,664 ",0 ,Smartphone,14,0,0,1,6,1,80,High Risk,2025-06
TXN4539,2025-10-03,CUST0474,AGT0080,Dar,Withdraw,"232,433 ","647,636 ",0 ,Web,14,0,0,1,2,0,40,Medium Risk,2025-10
TXN4540,2025-05-17,CUST0076,AGT0122,Mwanza,BuyAirtime,"494,903 ","346,313 ",0 ,Feature Phone,13,0,0,1,8,1,100,High Risk,2025-05
TXN4541,2025-11-02,CUST0008,AGT0186,Arusha,Withdraw,"250,513 ","742,769 ",0 ,Smartphone,17,0,0,1,1,0,30,Low Risk,2025-11
TXN4542,2025-05-13,CUST0380,AGT0101,Arusha,PayBill,"428,425 ","921,400 ",0 ,Smartphone,20,0,0,1,9,1,110,High Risk,2025-05
TXN4543,2025-08-01,CUST0130,AGT0182,Dodoma,Withdraw,"364,639 ","888,321 ",0 ,Feature Phone,4,0,0,1,5,1,70,High Risk,2025-08
TXN4544,2025-02-02,CUST0403,AGT0040,Dar,Withdraw,"134,501 ","327,909 ",0 ,USSD,19,0,0,0,8,1,80,High Risk,2025-02
TXN4545,2025-07-19,CUST0438,AGT0068,Arusha,Deposit,"251,077 ","934,104 ",0 ,USSD,20,0,0,1,3,1,50,Medium Risk,2025-07
TXN4546,2025-08-19,CUST0489,AGT0164,Dodoma,Deposit,"199,369 ","212,566 ",0 ,USSD,5,0,0,0,2,0,20,Low Risk,2025-08
TXN4547,2025-07-30,CUST0059,AGT0124,Mwanza,Withdraw,"68,545 ","76,898 ",0 ,Feature Phone,16,0,0,0,3,1,30,Low Risk,2025-07
TXN4548,2025-11-16,CUST0013,AGT0044,Dodoma,Deposit,"169,813 ","37,835 ",0 ,Feature Phone,2,0,0,0,1,0,10,Low Risk,2025-11
TXN4549,2025-05-14,CUST0149,AGT0190,Dodoma,Withdraw,"314,509 ","940,323 ",0 ,Web,15,0,0,1,9,1,110,High Risk,2025-05
TXN4550,2025-06-22,CUST0496,AGT0004,Mwanza,Deposit,"287,415 ","583,031 ",0 ,Feature Phone,13,0,0,1,7,1,90,High Risk,2025-06
TXN4551,2025-04-24,CUST0399,AGT0178,Arusha,Send,"169,934 ","180,973 ",0 ,USSD,10,0,0,0,4,1,40,Medium Risk,2025-04
TXN4552,2025-03-13,CUST0262,AGT0159,Arusha,Withdraw,"427,096 ","21,155 ",0 ,Smartphone,13,0,0,1,10,1,120,High Risk,2025-03
TXN4553,2025-12-01,CUST0189,AGT0044,Arusha,Deposit,"370,921 ","85,498 ",0 ,Web,7,0,0,1,3,1,50,Medium Risk,2025-12
TXN4554,2025-01-16,CUST0356,AGT0041,Arusha,Withdraw,"84,416 ","988,739 ",0 ,Smartphone,17,0,0,0,8,1,80,High Risk,2025-01
TXN4555,2025-07-08,CUST0456,AGT0085,Mwanza,Deposit,"312,771 ","784,727 ",0 ,USSD,11,0,0,1,8,1,100,High Risk,2025-07
TXN4556,2025-11-05,CUST0036,AGT0131,Mwanza,Send,"460,172 ","797,407 ",0 ,Feature Phone,23,0,0,1,4,1,60,Medium Risk,2025-11
TXN4557,2025-03-22,CUST0044,AGT0185,Mwanza,PayBill,"106,060 ","7,267 ",0 ,Feature Phone,14,0,0,0,13,1,130,High Risk,2025-03
TXN4558,2025-06-22,CUST0292,AGT0030,Mwanza,PayBill,"346,898 ","108,838 ",0 ,USSD,21,0,0,1,3,1,50,Medium Risk,2025-06
TXN4559,2025-05-31,CUST0340,AGT0113,Mbeya,Send,"33,625 ","715,565 ",0 ,Feature Phone,21,0,0,0,4,1,40,Medium Risk,2025-05
TXN4560,2025-07-06,CUST0452,AGT0004,Dar,Deposit,"196,792 ","266,308 ",0 ,Web,21,0,0,0,4,1,40,Medium Risk,2025-07
TXN4561,2025-12-26,CUST0032,AGT0053,Mbeya,Receive,"293,081 ","130,994 ","292,721 ",Smartphone,0,0,0,1,1,0,30,Low Risk,2025-12
TXN4562,2025-05-12,CUST0484,AGT0135,Mbeya,Send,"466,906 ","889,865 ",0 ,USSD,4,0,0,1,13,1,150,High Risk,2025-05
TXN4563,2025-10-12,CUST0330,AGT0117,Dodoma,Send,"11,042 ","664,355 ",0 ,Web,16,0,0,0,3,1,30,Low Risk,2025-10
TXN4564,2025-12-19,CUST0260,AGT0192,Mwanza,Receive,"49,909 ","767,166 ","219,095 ",Web,3,0,0,0,1,0,10,Low Risk,2025-12
TXN4565,2025-01-07,CUST0448,AGT0161,Mbeya,Deposit,"44,390 ","421,348 ",0 ,Web,2,0,0,0,9,1,90,High Risk,2025-01
TXN4566,2025-01-18,CUST0419,AGT0047,Dodoma,Receive,"391,193 ","800,820 ","101,785 ",Web,6,0,0,1,12,1,140,High Risk,2025-01
TXN4567,2025-11-26,CUST0024,AGT0170,Arusha,Receive,"80,833 ","783,479 ","110,405 ",USSD,10,0,0,0,2,0,20,Low Risk,2025-11
TXN4568,2025-11-10,CUST0143,AGT0185,Dodoma,Deposit,"356,270 ","708,822 ",0 ,Web,18,0,0,1,5,1,70,High Risk,2025-11
TXN4569,2025-05-07,CUST0377,AGT0167,Mwanza,Deposit,"48,904 ","366,992 ",0 ,Web,16,0,0,0,11,1,110,High Risk,2025-05
TXN4570,2025-04-30,CUST0365,AGT0074,Mbeya,Withdraw,"487,674 ","252,950 ",0 ,Web,4,0,0,1,9,1,110,High Risk,2025-04
TXN4571,2025-09-11,CUST0231,AGT0141,Arusha,Withdraw,"498,979 ","325,484 ",0 ,Web,14,0,0,1,4,1,60,Medium Risk,2025-09
TXN4572,2025-08-11,CUST0420,AGT0123,Mbeya,PayBill,"424,342 ","401,091 ",0 ,Feature Phone,23,0,0,1,5,1,70,High Risk,2025-08
TXN4573,2025-10-08,CUST0499,AGT0108,Mwanza,Receive,"260,015 ","747,003 ","73,625 ",USSD,8,0,0,1,5,1,70,High Risk,2025-10
TXN4574,2025-06-10,CUST0350,AGT0038,Dodoma,PayBill,"335,849 ","197,796 ",0 ,Feature Phone,14,0,0,1,8,1,100,High Risk,2025-06
TXN4575,2025-02-14,CUST0021,AGT0055,Mwanza,Send,"352,217 ","312,463 ",0 ,Smartphone,12,0,0,1,11,1,130,High Risk,2025-02
TXN4576,2025-05-25,CUST0292,AGT0118,Dar,Withdraw,"208,213 ","850,553 ",0 ,Smartphone,6,0,0,1,4,1,60,Medium Risk,2025-05
TXN4577,2025-06-28,CUST0484,AGT0002,Dar,PayBill,"160,385 ","577,535 ",0 ,Smartphone,15,0,0,0,12,1,120,High Risk,2025-06
TXN4578,2025-09-03,CUST0240,AGT0028,Mwanza,Withdraw,"455,248 ","96,904 ",0 ,Feature Phone,7,0,0,1,4,1,60,Medium Risk,2025-09
TXN4579,2025-04-16,CUST0079,AGT0031,Arusha,BuyAirtime,"471,699 ","534,151 ",0 ,Web,22,0,0,1,14,1,160,High Risk,2025-04
TXN4580,2025-01-19,CUST0112,AGT0077,Dodoma,Withdraw,"18,306 ","706,861 ",0 ,Feature Phone,1,0,0,0,10,1,100,High Risk,2025-01
TXN4581,2025-10-09,CUST0422,AGT0088,Arusha,Send,"154,278 ","800,869 ",0 ,Web,8,0,0,0,3,1,30,Low Risk,2025-10
TXN4582,2025-02-06,CUST0147,AGT0188,Mwanza,PayBill,"416,197 ","439,987 ",0 ,Web,12,0,0,1,8,1,100,High Risk,2025-02
TXN4583,2025-06-14,CUST0343,AGT0180,Mwanza,Withdraw,"377,877 ","588,713 ",0 ,Smartphone,2,0,0,1,5,1,70,High Risk,2025-06
TXN4584,2025-07-25,CUST0309,AGT0065,Dar,Withdraw,"82,972 ","510,126 ",0 ,Web,7,0,0,0,7,1,70,High Risk,2025-07
TXN4585,2025-10-22,CUST0261,AGT0016,Dar,Receive,"455,294 ","423,550 ","165,634 ",Web,9,0,0,1,2,0,40,Medium Risk,2025-10
TXN4586,2025-07-28,CUST0277,AGT0019,Dar,Withdraw,"6,423 ","28,003 ",0 ,Smartphone,4,0,0,0,5,1,50,Medium Risk,2025-07
TXN4587,2025-11-13,CUST0011,AGT0038,Mwanza,BuyAirtime,"225,976 ","707,426 ",0 ,USSD,12,0,0,1,2,0,40,Medium Risk,2025-11
TXN4588,2025-01-31,CUST0137,AGT0089,Mwanza,Receive,"243,503 ","993,464 ","123,663 ",Smartphone,11,0,0,1,13,1,150,High Risk,2025-01
TXN4589,2025-03-15,CUST0062,AGT0075,Mbeya,Withdraw,"336,368 ","74,903 ",0 ,Smartphone,10,0,0,1,8,1,100,High Risk,2025-03
TXN4590,2025-02-24,CUST0457,AGT0073,Dar,Deposit,"435,552 ","701,228 ",0 ,Feature Phone,21,0,0,1,8,1,100,High Risk,2025-02
TXN4591,2025-10-20,CUST0285,AGT0164,Mbeya,Deposit,"159,009 ","649,278 ",0 ,Smartphone,4,0,0,0,2,0,20,Low Risk,2025-10
TXN4592,2025-10-26,CUST0069,AGT0124,Arusha,Withdraw,"182,591 ","89,640 ",0 ,Smartphone,10,0,0,0,3,1,30,Low Risk,2025-10
TXN4593,2025-10-27,CUST0291,AGT0200,Mbeya,BuyAirtime,"93,673 ","758,556 ",0 ,Smartphone,10,0,0,0,2,0,20,Low Risk,2025-10
TXN4594,2025-06-06,CUST0098,AGT0136,Mbeya,Send,"83,698 ","990,474 ",0 ,Web,8,0,0,0,4,1,40,Medium Risk,2025-06
TXN4595,2025-03-09,CUST0292,AGT0111,Arusha,PayBill,"229,216 ","822,349 ",0 ,USSD,10,0,0,1,9,1,110,High Risk,2025-03
TXN4596,2025-02-22,CUST0060,AGT0191,Dodoma,Withdraw,"313,885 ","474,505 ",0 ,USSD,5,0,0,1,9,1,110,High Risk,2025-02
TXN4597,2025-06-09,CUST0429,AGT0022,Mwanza,PayBill,"491,019 ","979,152 ",0 ,Smartphone,3,0,0,1,7,1,90,High Risk,2025-06
TXN4598,2025-09-08,CUST0236,AGT0193,Mwanza,Withdraw,"452,727 ","445,795 ",0 ,Smartphone,11,0,0,1,7,1,90,High Risk,2025-09
TXN4599,2025-03-09,CUST0423,AGT0007,Dodoma,Receive,"282,545 ","854,758 ","118,031 ",Smartphone,8,0,0,1,10,1,120,High Risk,2025-03
TXN4600,2025-05-11,CUST0274,AGT0035,Arusha,Deposit,"65,718 ","293,636 ",0 ,USSD,21,0,0,0,9,1,90,High Risk,2025-05
TXN4601,2025-02-05,CUST0224,AGT0108,Arusha,Receive,"47,507 ","328,921 ","55,074 ",Web,0,0,0,0,8,1,80,High Risk,2025-02
TXN4602,2025-09-12,CUST0100,AGT0100,Mwanza,BuyAirtime,"116,124 ","200,811 ",0 ,USSD,4,0,0,0,5,1,50,Medium Risk,2025-09
TXN4603,2025-02-21,CUST0279,AGT0185,Mbeya,Send,"334,886 ","509,014 ",0 ,Web,8,0,0,1,10,1,120,High Risk,2025-02
TXN4604,2025-04-22,CUST0060,AGT0053,Dodoma,Deposit,"437,800 ","78,675 ",0 ,Smartphone,4,0,0,1,6,1,80,High Risk,2025-04
TXN4605,2025-10-02,CUST0490,AGT0033,Dodoma,PayBill,"413,906 ","234,540 ",0 ,Smartphone,15,0,0,1,3,1,50,Medium Risk,2025-10
TXN4606,2025-01-17,CUST0404,AGT0166,Mbeya,BuyAirtime,"405,340 ","939,991 ",0 ,USSD,10,0,0,1,7,1,90,High Risk,2025-01
TXN4607,2025-03-27,CUST0277,AGT0094,Mbeya,Send,"253,159 ","854,998 ",0 ,Smartphone,17,0,0,1,12,1,140,High Risk,2025-03
TXN4608,2025-07-06,CUST0028,AGT0095,Mbeya,Send,"203,275 ","277,404 ",0 ,Smartphone,15,0,0,1,8,1,100,High Risk,2025-07
TXN4609,2025-02-16,CUST0124,AGT0080,Dar,Send,"159,096 ","386,278 ",0 ,Feature Phone,19,0,0,0,7,1,70,High Risk,2025-02
TXN4610,2025-05-02,CUST0446,AGT0031,Arusha,Deposit,"278,116 ","995,992 ",0 ,Feature Phone,7,0,0,1,9,1,110,High Risk,2025-05
TXN4611,2025-02-14,CUST0244,AGT0167,Mbeya,Withdraw,"424,804 ","329,102 ",0 ,Smartphone,8,0,0,1,12,1,140,High Risk,2025-02
TXN4612,2025-02-16,CUST0018,AGT0106,Mbeya,Withdraw,"198,909 ","590,990 ",0 ,Feature Phone,10,0,0,0,11,1,110,High Risk,2025-02
TXN4613,2025-03-22,CUST0364,AGT0039,Mbeya,Receive,"181,227 ","45,302 ","325,215 ",Feature Phone,13,0,0,0,9,1,90,High Risk,2025-03
TXN4614,2025-03-06,CUST0358,AGT0089,Dar,Deposit,"265,413 ","264,481 ",0 ,USSD,17,0,0,1,11,1,130,High Risk,2025-03
TXN4615,2025-02-28,CUST0147,AGT0147,Arusha,PayBill,"63,890 ","402,705 ",0 ,Feature Phone,1,0,0,0,7,1,70,High Risk,2025-02
TXN4616,2025-04-01,CUST0324,AGT0100,Dodoma,BuyAirtime,"385,155 ","967,917 ",0 ,USSD,23,0,0,1,10,1,120,High Risk,2025-04
TXN4617,2025-08-21,CUST0044,AGT0116,Dodoma,Withdraw,"458,025 ","122,549 ",0 ,USSD,5,0,0,1,10,1,120,High Risk,2025-08
TXN4618,2025-06-29,CUST0090,AGT0057,Dodoma,BuyAirtime,"452,130 ","701,611 ",0 ,Smartphone,15,0,0,1,9,1,110,High Risk,2025-06
TXN4619,2025-12-03,CUST0068,AGT0088,Mbeya,PayBill,"179,913 ","598,946 ",0 ,USSD,4,0,0,0,1,0,10,Low Risk,2025-12
TXN4620,2025-03-11,CUST0050,AGT0164,Dar,PayBill,"7,348 ","804,192 ",0 ,USSD,13,0,0,0,7,1,70,High Risk,2025-03
TXN4621,2025-06-22,CUST0016,AGT0178,Mbeya,Receive,"64,835 ","701,149 ","437,532 ",Smartphone,4,0,0,0,5,1,50,Medium Risk,2025-06
TXN4622,2025-09-20,CUST0164,AGT0073,Mwanza,Deposit,"453,575 ","56,184 ",0 ,USSD,10,0,0,1,5,1,70,High Risk,2025-09
TXN4623,2025-09-25,CUST0053,AGT0056,Mwanza,Send,"36,163 ","459,220 ",0 ,Web,20,0,0,0,1,0,10,Low Risk,2025-09
TXN4624,2025-05-08,CUST0170,AGT0129,Dodoma,BuyAirtime,"13,470 ","540,174 ",0 ,Smartphone,17,0,0,0,5,1,50,Medium Risk,2025-05
TXN4625,2025-01-21,CUST0246,AGT0075,Arusha,Receive,"267,276 ","739,022 ","154,339 ",Web,10,0,0,1,17,1,190,High Risk,2025-01
TXN4626,2025-06-26,CUST0232,AGT0057,Dar,Send,"322,364 ","28,637 ",0 ,Smartphone,4,0,0,1,5,1,70,High Risk,2025-06
TXN4627,2025-02-02,CUST0021,AGT0067,Mbeya,Send,"478,073 ","606,868 ",0 ,Smartphone,8,0,0,1,12,1,140,High Risk,2025-02
TXN4628,2025-12-30,CUST0074,AGT0091,Arusha,Withdraw,"339,757 ","83,995 ",0 ,Web,21,0,0,1,1,0,30,Low Risk,2025-12
TXN4629,2025-04-17,CUST0382,AGT0143,Mbeya,Send,"133,963 ","123,974 ",0 ,USSD,5,0,0,0,8,1,80,High Risk,2025-04
TXN4630,2025-08-26,CUST0170,AGT0077,Mwanza,Deposit,"207,427 ","690,673 ",0 ,Web,19,0,0,1,4,1,60,Medium Risk,2025-08
TXN4631,2025-09-30,CUST0350,AGT0142,Mwanza,Deposit,"373,561 ","896,618 ",0 ,Web,15,0,0,1,5,1,70,High Risk,2025-09
TXN4632,2025-12-24,CUST0333,AGT0083,Dar,Deposit,"81,687 ","667,073 ",0 ,Smartphone,18,0,0,0,2,0,20,Low Risk,2025-12
TXN4633,2025-08-18,CUST0446,AGT0189,Mbeya,Send,"232,079 ","500,049 ",0 ,Smartphone,11,0,0,1,6,1,80,High Risk,2025-08
TXN4634,2025-02-02,CUST0434,AGT0161,Dar,Withdraw,"499,744 ","449,183 ",0 ,Smartphone,23,0,0,1,11,1,130,High Risk,2025-02
TXN4635,2025-10-03,CUST0093,AGT0197,Arusha,Withdraw,"242,848 ","54,538 ",0 ,Web,22,0,0,1,4,1,60,Medium Risk,2025-10
TXN4636,2025-06-27,CUST0472,AGT0101,Dar,BuyAirtime,"342,413 ","585,349 ",0 ,Feature Phone,5,0,0,1,4,1,60,Medium Risk,2025-06
TXN4637,2025-03-03,CUST0350,AGT0168,Mwanza,Deposit,"38,182 ","257,661 ",0 ,USSD,13,0,0,0,10,1,100,High Risk,2025-03
TXN4638,2025-08-25,CUST0267,AGT0117,Dodoma,Send,"82,340 ","33,510 ",0 ,USSD,11,0,0,0,3,1,30,Low Risk,2025-08
TXN4639,2025-03-11,CUST0494,AGT0108,Arusha,Deposit,"121,800 ","123,959 ",0 ,USSD,11,0,0,0,15,1,150,High Risk,2025-03
TXN4640,2025-04-17,CUST0466,AGT0195,Arusha,BuyAirtime,"440,442 ","810,249 ",0 ,Smartphone,23,0,0,1,8,1,100,High Risk,2025-04
TXN4641,2025-05-07,CUST0437,AGT0133,Arusha,Send,"337,658 ","718,475 ",0 ,Smartphone,22,0,0,1,8,1,100,High Risk,2025-05
TXN4642,2025-05-21,CUST0246,AGT0008,Dar,Send,"157,528 ","261,350 ",0 ,USSD,15,0,0,0,12,1,120,High Risk,2025-05
TXN4643,2025-01-05,CUST0218,AGT0004,Mbeya,Receive,"152,325 ","32,940 ","163,588 ",USSD,19,0,0,0,12,1,120,High Risk,2025-01
TXN4644,2025-02-05,CUST0205,AGT0093,Mbeya,Deposit,"312,245 ","76,070 ",0 ,Web,10,0,0,1,7,1,90,High Risk,2025-02
TXN4645,2025-04-28,CUST0028,AGT0080,Dodoma,Receive,"284,281 ","452,977 ","1,944 ",Smartphone,23,0,0,1,10,1,120,High Risk,2025-04
TXN4646,2025-02-20,CUST0117,AGT0098,Dodoma,Receive,"58,633 ","595,096 ","44,159 ",Smartphone,17,0,0,0,11,1,110,High Risk,2025-02
TXN4647,2025-03-01,CUST0030,AGT0099,Dodoma,Deposit,"61,930 ","465,511 ",0 ,Web,7,0,0,0,9,1,90,High Risk,2025-03
TXN4648,2025-09-27,CUST0459,AGT0009,Mbeya,PayBill,"438,498 ","189,889 ",0 ,USSD,20,0,0,1,5,1,70,High Risk,2025-09
TXN4649,2025-04-28,CUST0145,AGT0113,Mbeya,Send,"50,530 ","421,054 ",0 ,USSD,21,1,0,0,7,1,120,High Risk,2025-04
TXN4650,2025-08-20,CUST0164,AGT0137,Arusha,Send,"162,499 ","815,909 ",0 ,Web,1,0,0,0,6,1,60,Medium Risk,2025-08
TXN4651,2025-08-31,CUST0208,AGT0078,Mbeya,BuyAirtime,"106,678 ","465,078 ",0 ,Smartphone,10,0,0,0,3,1,30,Low Risk,2025-08
TXN4652,2025-12-29,CUST0172,AGT0092,Mwanza,PayBill,"413,099 ","203,654 ",0 ,Smartphone,16,0,0,1,1,0,30,Low Risk,2025-12
TXN4653,2025-08-02,CUST0200,AGT0105,Arusha,Deposit,"80,695 ","830,782 ",0 ,USSD,10,0,0,0,5,1,50,Medium Risk,2025-08
TXN4654,2025-02-03,CUST0155,AGT0083,Mwanza,Deposit,"17,012 ","377,783 ",0 ,Web,10,0,0,0,7,1,70,High Risk,2025-02
TXN4655,2025-09-25,CUST0005,AGT0004,Mbeya,Withdraw,"229,057 ","767,788 ",0 ,Web,1,0,0,1,4,1,60,Medium Risk,2025-09
TXN4656,2025-01-01,CUST0030,AGT0012,Mbeya,Deposit,"434,076 ","534,652 ",0 ,Feature Phone,23,0,0,1,10,1,120,High Risk,2025-01
TXN4657,2025-02-04,CUST0493,AGT0112,Mwanza,Withdraw,"132,878 ","194,304 ",0 ,Smartphone,12,0,0,0,8,1,80,High Risk,2025-02
TXN4658,2025-01-07,CUST0298,AGT0136,Mbeya,Withdraw,"48,933 ","144,089 ",0 ,Feature Phone,10,0,0,0,9,1,90,High Risk,2025-01
TXN4659,2025-06-01,CUST0074,AGT0094,Mwanza,Withdraw,"25,242 ","98,725 ",0 ,Web,13,0,0,0,7,1,70,High Risk,2025-06
TXN4660,2025-08-16,CUST0335,AGT0084,Mwanza,Receive,"149,586 ","43,643 ","186,249 ",USSD,21,0,0,0,8,1,80,High Risk,2025-08
TXN4661,2025-02-26,CUST0424,AGT0106,Mbeya,Send,"18,688 ","713,281 ",0 ,Smartphone,23,0,0,0,9,1,90,High Risk,2025-02
TXN4662,2025-06-29,CUST0210,AGT0020,Dodoma,Withdraw,"169,427 ","53,284 ",0 ,Web,6,0,0,0,5,1,50,Medium Risk,2025-06
TXN4663,2025-07-06,CUST0456,AGT0113,Arusha,PayBill,"30,387 ","45,232 ",0 ,USSD,8,1,0,0,9,1,140,High Risk,2025-07
TXN4664,2025-07-08,CUST0312,AGT0146,Dodoma,Receive,"252,430 ","694,765 ","48,412 ",Smartphone,0,0,0,1,4,1,60,Medium Risk,2025-07
TXN4665,2025-12-04,CUST0265,AGT0080,Arusha,Deposit,"270,545 ","250,508 ",0 ,USSD,9,0,0,1,4,1,60,Medium Risk,2025-12
TXN4666,2025-08-10,CUST0158,AGT0043,Mwanza,Deposit,"60,759 ","585,482 ",0 ,Smartphone,22,0,0,0,6,1,60,Medium Risk,2025-08
TXN4667,2025-03-06,CUST0248,AGT0082,Dar,BuyAirtime,"302,764 ","797,070 ",0 ,Smartphone,0,0,0,1,11,1,130,High Risk,2025-03
TXN4668,2025-06-30,CUST0153,AGT0121,Arusha,Withdraw,"13,531 ","46,585 ",0 ,Web,6,0,0,0,4,1,40,Medium Risk,2025-06
TXN4669,2025-10-18,CUST0177,AGT0100,Mbeya,Receive,"24,070 ","583,780 ","472,264 ",Smartphone,23,0,0,0,2,0,20,Low Risk,2025-10
TXN4670,2025-06-22,CUST0244,AGT0111,Dar,Send,"270,058 ","499,077 ",0 ,Web,3,0,0,1,5,1,70,High Risk,2025-06
TXN4671,2025-03-13,CUST0287,AGT0087,Arusha,BuyAirtime,"474,550 ","716,294 ",0 ,Web,16,0,0,1,10,1,120,High Risk,2025-03
TXN4672,2025-09-14,CUST0304,AGT0175,Dar,Withdraw,"90,939 ","165,498 ",0 ,USSD,8,0,0,0,3,1,30,Low Risk,2025-09
TXN4673,2025-10-09,CUST0290,AGT0135,Arusha,BuyAirtime,"300,218 ","810,685 ",0 ,USSD,5,0,0,1,3,1,50,Medium Risk,2025-10
TXN4674,2025-03-18,CUST0261,AGT0149,Arusha,BuyAirtime,"124,046 ","69,727 ",0 ,Feature Phone,18,0,0,0,10,1,100,High Risk,2025-03
TXN4675,2025-09-20,CUST0368,AGT0004,Mbeya,PayBill,"321,429 ","84,554 ",0 ,Feature Phone,11,0,0,1,3,1,50,Medium Risk,2025-09
TXN4676,2025-07-04,CUST0282,AGT0151,Mbeya,Withdraw,"60,792 ","29,885 ",0 ,Web,23,0,0,0,6,1,60,Medium Risk,2025-07
TXN4677,2025-04-16,CUST0321,AGT0093,Dar,Send,"111,088 ","495,314 ",0 ,Smartphone,2,0,0,0,10,1,100,High Risk,2025-04
TXN4678,2025-02-17,CUST0485,AGT0192,Arusha,Receive,"431,636 ","345,699 ","26,305 ",Smartphone,2,0,0,1,12,1,140,High Risk,2025-02
TXN4679,2025-10-13,CUST0349,AGT0048,Dar,PayBill,"164,671 ","256,877 ",0 ,Web,22,0,0,0,1,0,10,Low Risk,2025-10
TXN4680,2025-04-13,CUST0238,AGT0057,Dar,Receive,"148,435 ","386,669 ","48,242 ",Feature Phone,13,0,0,0,5,1,50,Medium Risk,2025-04
TXN4681,2025-10-08,CUST0486,AGT0111,Arusha,Send,"68,471 ","29,692 ",0 ,Web,22,0,0,0,1,0,10,Low Risk,2025-10
TXN4682,2025-03-11,CUST0382,AGT0120,Mwanza,Deposit,"220,895 ","651,035 ",0 ,Web,11,0,0,1,9,1,110,High Risk,2025-03
TXN4683,2025-06-29,CUST0437,AGT0096,Dar,Send,"223,806 ","764,739 ",0 ,USSD,15,0,0,1,7,1,90,High Risk,2025-06
TXN4684,2025-08-08,CUST0366,AGT0105,Mwanza,BuyAirtime,"303,124 ","494,123 ",0 ,Web,15,0,0,1,4,1,60,Medium Risk,2025-08
TXN4685,2025-11-17,CUST0298,AGT0011,Mbeya,Deposit,"181,158 ","752,656 ",0 ,Feature Phone,9,0,0,0,3,1,30,Low Risk,2025-11
TXN4686,2025-01-15,CUST0253,AGT0069,Dar,Deposit,"343,368 ","643,226 ",0 ,Web,4,0,0,1,12,1,140,High Risk,2025-01
TXN4687,2025-12-07,CUST0060,AGT0064,Mbeya,Send,"363,856 ","871,830 ",0 ,Web,9,0,0,1,1,0,30,Low Risk,2025-12
TXN4688,2025-11-25,CUST0009,AGT0009,Dar,Withdraw,"389,844 ","515,466 ",0 ,USSD,23,0,0,1,1,0,30,Low Risk,2025-11
TXN4689,2025-06-11,CUST0246,AGT0062,Dodoma,Deposit,"461,515 ","585,095 ",0 ,Web,13,0,0,1,11,1,130,High Risk,2025-06
TXN4690,2025-10-25,CUST0282,AGT0021,Mwanza,Withdraw,"348,350 ","488,573 ",0 ,Web,3,0,0,1,2,0,40,Medium Risk,2025-10
TXN4691,2025-04-18,CUST0441,AGT0115,Mwanza,Receive,"137,180 ","765,046 ","212,529 ",USSD,15,0,0,0,5,1,50,Medium Risk,2025-04
TXN4692,2025-09-19,CUST0219,AGT0141,Dodoma,Send,"95,035 ","682,777 ",0 ,USSD,21,0,0,0,3,1,30,Low Risk,2025-09
TXN4693,2025-12-26,CUST0223,AGT0016,Arusha,Withdraw,"264,031 ","909,351 ",0 ,Web,11,0,0,1,1,0,30,Low Risk,2025-12
TXN4694,2025-11-18,CUST0329,AGT0104,Mbeya,Receive,"103,514 ","617,692 ","421,167 ",Feature Phone,5,0,0,0,3,1,30,Low Risk,2025-11
TXN4695,2025-10-13,CUST0423,AGT0067,Arusha,Withdraw,"121,148 ","365,763 ",0 ,Feature Phone,11,0,0,0,5,1,50,Medium Risk,2025-10
TXN4696,2025-11-23,CUST0075,AGT0144,Mwanza,Withdraw,"453,756 ","670,625 ",0 ,Feature Phone,14,0,0,1,2,0,40,Medium Risk,2025-11
TXN4697,2025-04-03,CUST0263,AGT0142,Mbeya,Deposit,"214,408 ","774,897 ",0 ,Feature Phone,10,0,0,1,12,1,140,High Risk,2025-04
TXN4698,2025-04-24,CUST0091,AGT0137,Dar,Deposit,"225,849 ","526,326 ",0 ,Web,10,0,0,1,8,1,100,High Risk,2025-04
TXN4699,2025-04-06,CUST0153,AGT0148,Mwanza,Send,"171,135 ","986,665 ",0 ,USSD,15,0,0,0,6,1,60,Medium Risk,2025-04
TXN4700,2025-02-17,CUST0207,AGT0003,Mwanza,Withdraw,"336,688 ","161,647 ",0 ,Smartphone,10,0,0,1,14,1,160,High Risk,2025-02
TXN4701,2025-06-10,CUST0122,AGT0151,Mwanza,BuyAirtime,"343,409 ","990,984 ",0 ,USSD,5,0,0,1,7,1,90,High Risk,2025-06
TXN4702,2025-12-26,CUST0485,AGT0091,Dodoma,Receive,"74,174 ","943,371 ","187,570 ",Feature Phone,21,0,0,0,1,0,10,Low Risk,2025-12
TXN4703,2025-02-10,CUST0201,AGT0092,Dar,PayBill,"147,789 ","638,430 ",0 ,USSD,12,0,0,0,10,1,100,High Risk,2025-02
TXN4704,2025-03-18,CUST0007,AGT0032,Mbeya,Withdraw,"330,676 ","648,993 ",0 ,Feature Phone,14,0,0,1,6,1,80,High Risk,2025-03
TXN4705,2025-01-26,CUST0199,AGT0170,Mbeya,Receive,"330,835 ","533,407 ","266,493 ",Smartphone,22,0,0,1,10,1,120,High Risk,2025-01
TXN4706,2025-09-16,CUST0061,AGT0099,Arusha,PayBill,"402,493 ","351,057 ",0 ,Smartphone,12,0,0,1,2,0,40,Medium Risk,2025-09
TXN4707,2025-01-26,CUST0063,AGT0178,Mbeya,Send,"180,719 ","139,457 ",0 ,USSD,6,0,0,0,16,1,160,High Risk,2025-01
TXN4708,2025-10-30,CUST0322,AGT0049,Dar,Receive,"113,319 ","550,502 ","496,033 ",Smartphone,6,0,0,0,2,0,20,Low Risk,2025-10
TXN4709,2025-02-20,CUST0245,AGT0030,Mbeya,Send,"384,705 ","964,512 ",0 ,USSD,7,0,0,1,8,1,100,High Risk,2025-02
TXN4710,2025-03-29,CUST0344,AGT0016,Arusha,Receive,"189,463 ","38,981 ","482,573 ",USSD,8,0,0,0,5,1,50,Medium Risk,2025-03
TXN4711,2025-02-13,CUST0261,AGT0051,Dodoma,Receive,"328,960 ","157,575 ","236,319 ",Web,17,0,0,1,11,1,130,High Risk,2025-02
TXN4712,2025-01-24,CUST0492,AGT0139,Mwanza,PayBill,"123,888 ","432,510 ",0 ,Web,5,0,0,0,6,1,60,Medium Risk,2025-01
TXN4713,2025-12-26,CUST0370,AGT0063,Arusha,Deposit,"358,404 ","556,538 ",0 ,Feature Phone,1,0,0,1,1,0,30,Low Risk,2025-12
TXN4714,2025-06-30,CUST0206,AGT0014,Mbeya,BuyAirtime,"148,884 ","296,104 ",0 ,Web,9,0,0,0,5,1,50,Medium Risk,2025-06
TXN4715,2025-07-17,CUST0397,AGT0161,Dodoma,Withdraw,"178,888 ","993,626 ",0 ,Feature Phone,2,0,0,0,3,1,30,Low Risk,2025-07
TXN4716,2025-05-19,CUST0182,AGT0029,Dar,Send,"25,139 ","489,970 ",0 ,USSD,12,0,0,0,10,1,100,High Risk,2025-05
TXN4717,2025-09-20,CUST0377,AGT0114,Dodoma,Withdraw,"456,460 ","489,971 ",0 ,USSD,16,0,0,1,4,1,60,Medium Risk,2025-09
TXN4718,2025-09-21,CUST0446,AGT0054,Dodoma,Withdraw,"445,333 ","597,835 ",0 ,Feature Phone,3,0,0,1,4,1,60,Medium Risk,2025-09
TXN4719,2025-05-18,CUST0052,AGT0164,Dodoma,BuyAirtime,"200,748 ","790,869 ",0 ,USSD,20,0,0,1,6,1,80,High Risk,2025-05
TXN4720,2025-10-08,CUST0065,AGT0110,Mbeya,PayBill,"243,213 ","347,635 ",0 ,Web,14,0,0,1,5,1,70,High Risk,2025-10
TXN4721,2025-06-17,CUST0417,AGT0199,Mbeya,Withdraw,"116,337 ","241,749 ",0 ,USSD,18,0,0,0,11,1,110,High Risk,2025-06
TXN4722,2025-09-29,CUST0485,AGT0198,Dodoma,Deposit,"211,009 ","712,728 ",0 ,USSD,20,0,0,1,6,1,80,High Risk,2025-09
TXN4723,2025-12-13,CUST0409,AGT0181,Mbeya,PayBill,"451,090 ","802,576 ",0 ,Feature Phone,13,0,0,1,1,0,30,Low Risk,2025-12
TXN4724,2025-10-19,CUST0071,AGT0007,Mbeya,Receive,"37,641 ","826,348 ","235,787 ",Web,15,0,0,0,3,1,30,Low Risk,2025-10
TXN4725,2025-06-08,CUST0401,AGT0087,Mwanza,Send,"487,349 ","773,475 ",0 ,Web,6,0,0,1,6,1,80,High Risk,2025-06
TXN4726,2025-12-26,CUST0189,AGT0069,Mbeya,Deposit,"11,186 ","496,994 ",0 ,USSD,9,0,0,0,2,0,20,Low Risk,2025-12
TXN4727,2025-11-06,CUST0285,AGT0036,Dodoma,Send,"276,240 ","51,949 ",0 ,Web,10,0,0,1,1,0,30,Low Risk,2025-11
TXN4728,2025-02-06,CUST0166,AGT0185,Dodoma,Deposit,"85,501 ","197,500 ",0 ,Feature Phone,3,0,0,0,15,1,150,High Risk,2025-02
TXN4729,2025-10-22,CUST0297,AGT0034,Dar,Receive,"94,274 ","836,131 ","154,031 ",Web,14,0,0,0,2,0,20,Low Risk,2025-10
TXN4730,2025-08-01,CUST0099,AGT0034,Mwanza,Receive,"243,928 ","199,917 ","267,428 ",Smartphone,12,0,0,1,7,1,90,High Risk,2025-08
TXN4731,2025-09-07,CUST0274,AGT0159,Arusha,BuyAirtime,"310,342 ","695,857 ",0 ,Web,20,0,0,1,2,0,40,Medium Risk,2025-09
TXN4732,2025-12-27,CUST0138,AGT0075,Dodoma,BuyAirtime,"209,896 ","388,237 ",0 ,Feature Phone,22,0,0,1,2,0,40,Medium Risk,2025-12
TXN4733,2025-01-12,CUST0382,AGT0139,Dodoma,BuyAirtime,"29,060 ","259,436 ",0 ,Smartphone,19,0,0,0,11,1,110,High Risk,2025-01
TXN4734,2025-10-06,CUST0409,AGT0152,Arusha,PayBill,"36,984 ","880,872 ",0 ,USSD,11,0,0,0,2,0,20,Low Risk,2025-10
TXN4735,2025-06-10,CUST0065,AGT0139,Mwanza,Receive,"47,849 ","940,083 ","217,556 ",Feature Phone,0,0,0,0,14,1,140,High Risk,2025-06
TXN4736,2025-05-27,CUST0369,AGT0174,Arusha,Send,"203,095 ","919,064 ",0 ,Web,3,0,0,1,6,1,80,High Risk,2025-05
TXN4737,2025-10-16,CUST0206,AGT0107,Arusha,Send,"251,912 ","539,633 ",0 ,Smartphone,1,0,0,1,3,1,50,Medium Risk,2025-10
TXN4738,2025-10-10,CUST0220,AGT0025,Mwanza,PayBill,"349,710 ","198,471 ",0 ,USSD,14,0,0,1,2,0,40,Medium Risk,2025-10
TXN4739,2025-06-23,CUST0425,AGT0130,Dodoma,BuyAirtime,"175,851 ","360,583 ",0 ,Smartphone,10,0,0,0,6,1,60,Medium Risk,2025-06
TXN4740,2025-03-20,CUST0483,AGT0147,Dar,Send,"12,865 ","672,013 ",0 ,USSD,8,0,0,0,11,1,110,High Risk,2025-03
TXN4741,2025-05-15,CUST0497,AGT0131,Mbeya,PayBill,"227,898 ","596,915 ",0 ,USSD,5,0,0,1,4,1,60,Medium Risk,2025-05
TXN4742,2025-02-26,CUST0256,AGT0093,Arusha,Deposit,"36,771 ","132,527 ",0 ,Feature Phone,23,0,0,0,10,1,100,High Risk,2025-02
TXN4743,2025-02-28,CUST0046,AGT0013,Mbeya,Deposit,"27,614 ","742,891 ",0 ,Feature Phone,8,0,0,0,10,1,100,High Risk,2025-02
TXN4744,2025-04-28,CUST0136,AGT0096,Dodoma,Receive,"187,993 ","869,230 ","495,799 ",Feature Phone,8,0,0,0,8,1,80,High Risk,2025-04
TXN4745,2025-08-21,CUST0051,AGT0126,Dar,Receive,"275,790 ","885,655 ","482,077 ",Feature Phone,2,0,0,1,6,1,80,High Risk,2025-08
TXN4746,2025-02-23,CUST0207,AGT0107,Dodoma,Deposit,"314,446 ","380,996 ",0 ,USSD,16,0,0,1,13,1,150,High Risk,2025-02
TXN4747,2025-08-07,CUST0127,AGT0045,Dodoma,Send,"129,115 ","165,011 ",0 ,USSD,8,0,0,0,2,0,20,Low Risk,2025-08
TXN4748,2025-10-09,CUST0256,AGT0124,Arusha,Send,"387,105 ","71,924 ",0 ,USSD,19,0,0,1,2,0,40,Medium Risk,2025-10
TXN4749,2025-08-20,CUST0166,AGT0127,Arusha,Withdraw,"220,419 ","457,222 ",0 ,Web,22,0,0,1,6,1,80,High Risk,2025-08
TXN4750,2025-04-13,CUST0128,AGT0192,Dodoma,PayBill,"34,994 ","748,365 ",0 ,Smartphone,19,0,0,0,11,1,110,High Risk,2025-04
TXN4751,2025-07-22,CUST0026,AGT0146,Arusha,Send,"411,713 ","874,192 ",0 ,Smartphone,15,0,0,1,4,1,60,Medium Risk,2025-07
TXN4752,2025-10-24,CUST0274,AGT0077,Dar,BuyAirtime,"345,700 ","282,010 ",0 ,USSD,19,0,0,1,1,0,30,Low Risk,2025-10
TXN4753,2025-08-03,CUST0339,AGT0096,Mwanza,Send,"37,809 ","239,034 ",0 ,Feature Phone,11,0,0,0,4,1,40,Medium Risk,2025-08
TXN4754,2025-09-12,CUST0007,AGT0078,Arusha,Send,"125,769 ","990,342 ",0 ,Web,12,0,0,0,3,1,30,Low Risk,2025-09
TXN4755,2025-02-23,CUST0314,AGT0196,Mbeya,Withdraw,"383,471 ","217,915 ",0 ,Smartphone,22,0,0,1,6,1,80,High Risk,2025-02
TXN4756,2025-11-18,CUST0316,AGT0027,Dar,PayBill,"408,368 ","238,244 ",0 ,USSD,11,0,0,1,1,0,30,Low Risk,2025-11
TXN4757,2025-04-29,CUST0248,AGT0078,Dar,Deposit,"496,552 ","107,920 ",0 ,Smartphone,14,0,0,1,8,1,100,High Risk,2025-04
TXN4758,2025-03-28,CUST0130,AGT0197,Dodoma,Receive,"247,276 ","440,495 ","249,650 ",Smartphone,6,0,0,1,10,1,120,High Risk,2025-03
TXN4759,2025-06-02,CUST0415,AGT0069,Dodoma,Receive,"452,832 ","267,836 ","330,136 ",Feature Phone,21,0,0,1,4,1,60,Medium Risk,2025-06
TXN4760,2025-08-22,CUST0046,AGT0080,Mwanza,PayBill,"370,862 ","19,306 ",0 ,Smartphone,16,0,0,1,5,1,70,High Risk,2025-08
TXN4761,2025-11-23,CUST0069,AGT0116,Mwanza,Withdraw,"81,629 ","756,405 ",0 ,Smartphone,17,0,0,0,2,0,20,Low Risk,2025-11
TXN4762,2025-12-11,CUST0360,AGT0112,Dar,Deposit,"150,769 ","261,828 ",0 ,Web,10,0,0,0,1,0,10,Low Risk,2025-12
TXN4763,2025-09-28,CUST0460,AGT0067,Mbeya,Deposit,"1,875 ","411,353 ",0 ,Smartphone,13,0,0,0,4,1,40,Medium Risk,2025-09
TXN4764,2025-03-22,CUST0394,AGT0077,Mwanza,BuyAirtime,"361,602 ","7,309 ",0 ,USSD,12,0,0,1,7,1,90,High Risk,2025-03
TXN4765,2025-04-12,CUST0199,AGT0006,Mbeya,Receive,"346,444 ","411,246 ","301,474 ",Web,1,0,0,1,6,1,80,High Risk,2025-04
TXN4766,2025-02-01,CUST0068,AGT0083,Mbeya,Deposit,"271,895 ","348,506 ",0 ,Web,21,0,0,1,12,1,140,High Risk,2025-02
TXN4767,2025-09-27,CUST0040,AGT0123,Mwanza,Send,"277,814 ","194,225 ",0 ,USSD,16,0,0,1,1,0,30,Low Risk,2025-09
TXN4768,2025-11-07,CUST0428,AGT0051,Dar,Send,"461,801 ","691,428 ",0 ,Smartphone,4,0,0,1,1,0,30,Low Risk,2025-11
TXN4769,2025-02-07,CUST0002,AGT0169,Mwanza,BuyAirtime,"415,250 ","883,178 ",0 ,Feature Phone,18,0,0,1,8,1,100,High Risk,2025-02
TXN4770,2025-03-16,CUST0318,AGT0121,Dodoma,Withdraw,"180,251 ","547,316 ",0 ,USSD,7,0,0,0,8,1,80,High Risk,2025-03
TXN4771,2025-12-03,CUST0355,AGT0183,Arusha,BuyAirtime,"234,743 ","716,578 ",0 ,Smartphone,5,0,0,1,1,0,30,Low Risk,2025-12
TXN4772,2025-12-04,CUST0112,AGT0070,Dodoma,Send,"11,814 ","815,921 ",0 ,Feature Phone,10,0,0,0,1,0,10,Low Risk,2025-12
TXN4773,2025-07-15,CUST0120,AGT0089,Arusha,Receive,"478,262 ","35,610 ","354,535 ",Web,16,0,0,1,2,0,40,Medium Risk,2025-07
TXN4774,2025-04-21,CUST0398,AGT0115,Mwanza,Withdraw,"410,620 ","544,113 ",0 ,Web,14,0,0,1,8,1,100,High Risk,2025-04
TXN4775,2025-02-27,CUST0417,AGT0198,Dar,BuyAirtime,"452,382 ","34,016 ",0 ,USSD,14,0,0,1,15,1,170,High Risk,2025-02
TXN4776,2025-04-27,CUST0143,AGT0159,Mbeya,PayBill,"119,480 ","242,758 ",0 ,Smartphone,10,0,0,0,7,1,70,High Risk,2025-04
TXN4777,2025-01-13,CUST0255,AGT0143,Dar,Deposit,"46,294 ","150,696 ",0 ,Feature Phone,14,0,0,0,5,1,50,Medium Risk,2025-01
TXN4778,2025-04-21,CUST0449,AGT0141,Mbeya,Send,"184,430 ","752,448 ",0 ,USSD,13,0,0,0,7,1,70,High Risk,2025-04
TXN4779,2025-08-27,CUST0272,AGT0044,Mwanza,Receive,"215,828 ","257,809 ","446,076 ",Web,18,0,0,1,4,1,60,Medium Risk,2025-08
TXN4780,2025-03-12,CUST0445,AGT0036,Mbeya,Deposit,"164,989 ","455,878 ",0 ,Feature Phone,2,0,0,0,9,1,90,High Risk,2025-03
TXN4781,2025-09-11,CUST0177,AGT0087,Mbeya,Deposit,"196,570 ","346,970 ",0 ,Smartphone,22,0,0,0,3,1,30,Low Risk,2025-09
TXN4782,2025-12-03,CUST0060,AGT0154,Mbeya,Receive,"274,936 ","648,239 ","98,731 ",Web,4,1,0,1,2,0,90,High Risk,2025-12
TXN4783,2025-06-27,CUST0299,AGT0040,Arusha,Send,"102,410 ","512,360 ",0 ,Feature Phone,0,0,0,0,4,1,40,Medium Risk,2025-06
TXN4784,2025-11-03,CUST0235,AGT0025,Mbeya,Receive,"471,749 ","469,532 ","156,176 ",USSD,9,0,0,1,2,0,40,Medium Risk,2025-11
TXN4785,2025-02-15,CUST0464,AGT0150,Mbeya,Withdraw,"199,441 ","708,319 ",0 ,Smartphone,23,0,0,0,9,1,90,High Risk,2025-02
TXN4786,2025-08-17,CUST0109,AGT0135,Dodoma,Withdraw,"272,887 ","261,779 ",0 ,Web,15,0,0,1,4,1,60,Medium Risk,2025-08
TXN4787,2025-02-12,CUST0421,AGT0109,Dodoma,Withdraw,"424,196 ","863,050 ",0 ,Web,18,0,0,1,3,1,50,Medium Risk,2025-02
TXN4788,2025-07-06,CUST0443,AGT0074,Dar,BuyAirtime,"130,405 ","39,047 ",0 ,Web,16,0,0,0,2,0,20,Low Risk,2025-07
TXN4789,2025-01-15,CUST0252,AGT0044,Mbeya,Receive,"127,761 ","257,880 ","238,395 ",Smartphone,17,0,0,0,8,1,80,High Risk,2025-01
TXN4790,2025-04-21,CUST0485,AGT0070,Mwanza,Withdraw,"378,990 ","496,158 ",0 ,Web,0,0,0,1,10,1,120,High Risk,2025-04
TXN4791,2025-04-20,CUST0140,AGT0132,Mwanza,PayBill,"393,616 ","493,213 ",0 ,USSD,2,0,0,1,8,1,100,High Risk,2025-04
TXN4792,2025-10-30,CUST0183,AGT0008,Dodoma,PayBill,"57,622 ","385,783 ",0 ,Smartphone,7,0,0,0,2,0,20,Low Risk,2025-10
TXN4793,2025-10-31,CUST0496,AGT0160,Dar,Receive,"322,829 ","719,337 ","191,355 ",Feature Phone,23,0,0,1,3,1,50,Medium Risk,2025-10
TXN4794,2025-01-09,CUST0173,AGT0170,Dar,PayBill,"465,552 ","997,558 ",0 ,Web,11,0,0,1,10,1,120,High Risk,2025-01
TXN4795,2025-07-11,CUST0319,AGT0014,Dar,Send,"13,971 ","383,859 ",0 ,Web,5,0,0,0,5,1,50,Medium Risk,2025-07
TXN4796,2025-03-20,CUST0394,AGT0022,Dodoma,BuyAirtime,"96,093 ","522,416 ",0 ,Web,0,0,0,0,8,1,80,High Risk,2025-03
TXN4797,2025-04-12,CUST0008,AGT0179,Arusha,Send,"121,912 ","415,614 ",0 ,Feature Phone,23,0,0,0,12,1,120,High Risk,2025-04
TXN4798,2025-01-31,CUST0211,AGT0102,Mbeya,Send,"81,685 ","587,596 ",0 ,Smartphone,4,0,0,0,11,1,110,High Risk,2025-01
TXN4799,2025-12-25,CUST0338,AGT0146,Arusha,Withdraw,"103,616 ","507,505 ",0 ,Web,10,0,0,0,1,0,10,Low Risk,2025-12
TXN4800,2025-02-15,CUST0424,AGT0197,Dar,Send,"5,586 ","348,006 ",0 ,USSD,1,0,0,0,10,1,100,High Risk,2025-02
TXN4801,2025-07-28,CUST0323,AGT0167,Arusha,Withdraw,"271,784 ","814,104 ",0 ,Smartphone,19,0,0,1,11,1,130,High Risk,2025-07
TXN4802,2025-06-04,CUST0133,AGT0054,Mwanza,Send,"289,406 ","984,819 ",0 ,USSD,1,0,0,1,6,1,80,High Risk,2025-06
TXN4803,2025-05-02,CUST0067,AGT0017,Arusha,Withdraw,"452,676 ","237,786 ",0 ,Feature Phone,0,0,0,1,9,1,110,High Risk,2025-05
TXN4804,2025-12-03,CUST0437,AGT0172,Dar,Receive,"363,049 ","729,274 ","371,295 ",Feature Phone,3,0,0,1,1,0,30,Low Risk,2025-12
TXN4805,2025-07-08,CUST0364,AGT0187,Dar,Withdraw,"401,432 ","484,979 ",0 ,USSD,18,0,0,1,5,1,70,High Risk,2025-07
TXN4806,2025-05-18,CUST0493,AGT0064,Dar,BuyAirtime,"403,190 ","508,577 ",0 ,Web,23,0,0,1,6,1,80,High Risk,2025-05
TXN4807,2025-02-20,CUST0170,AGT0049,Dar,PayBill,"142,256 ","321,575 ",0 ,USSD,22,0,0,0,6,1,60,Medium Risk,2025-02
TXN4808,2025-09-24,CUST0243,AGT0044,Mwanza,Withdraw,"227,308 ","211,790 ",0 ,USSD,3,0,0,1,2,0,40,Medium Risk,2025-09
TXN4809,2025-05-28,CUST0283,AGT0129,Mwanza,Deposit,"78,458 ","565,843 ",0 ,Feature Phone,9,0,0,0,11,1,110,High Risk,2025-05
TXN4810,2025-10-17,CUST0314,AGT0023,Arusha,Send,"267,718 ","185,155 ",0 ,Smartphone,7,0,0,1,3,1,50,Medium Risk,2025-10
TXN4811,2025-01-28,CUST0109,AGT0085,Arusha,Deposit,"339,646 ","350,026 ",0 ,USSD,17,0,0,1,7,1,90,High Risk,2025-01
TXN4812,2025-06-01,CUST0436,AGT0035,Mbeya,BuyAirtime,"211,275 ","145,179 ",0 ,Web,22,0,0,1,4,1,60,Medium Risk,2025-06
TXN4813,2025-10-04,CUST0456,AGT0174,Dodoma,Deposit,"172,520 ","19,676 ",0 ,Feature Phone,20,0,0,0,4,1,40,Medium Risk,2025-10
TXN4814,2025-08-04,CUST0051,AGT0007,Dar,Receive,"407,647 ","2,363 ","211,970 ",Feature Phone,0,0,0,1,9,1,110,High Risk,2025-08
TXN4815,2025-10-31,CUST0428,AGT0186,Mwanza,BuyAirtime,"265,473 ","990,023 ",0 ,Smartphone,18,0,0,1,2,0,40,Medium Risk,2025-10
TXN4816,2025-04-17,CUST0494,AGT0001,Mwanza,Send,"141,844 ","86,062 ",0 ,Smartphone,7,0,0,0,12,1,120,High Risk,2025-04
TXN4817,2025-06-25,CUST0468,AGT0160,Mwanza,BuyAirtime,"340,689 ","569,575 ",0 ,Smartphone,9,0,0,1,6,1,80,High Risk,2025-06
TXN4818,2025-11-07,CUST0005,AGT0178,Arusha,PayBill,"132,439 ","719,306 ",0 ,Smartphone,19,0,0,0,2,0,20,Low Risk,2025-11
TXN4819,2025-11-06,CUST0395,AGT0100,Arusha,Withdraw,"387,516 ","857,077 ",0 ,USSD,2,0,0,1,2,0,40,Medium Risk,2025-11
TXN4820,2025-01-09,CUST0437,AGT0019,Dodoma,BuyAirtime,"100,193 ","274,008 ",0 ,Smartphone,12,0,0,0,9,1,90,High Risk,2025-01
TXN4821,2025-09-30,CUST0324,AGT0114,Arusha,Deposit,"84,946 ","700,480 ",0 ,Feature Phone,19,0,0,0,5,1,50,Medium Risk,2025-09
TXN4822,2025-12-03,CUST0290,AGT0008,Arusha,Send,"193,374 ","91,781 ",0 ,USSD,14,0,0,0,2,0,20,Low Risk,2025-12
TXN4823,2025-09-10,CUST0103,AGT0010,Mwanza,BuyAirtime,"78,177 ","93,717 ",0 ,Feature Phone,14,0,0,0,1,0,10,Low Risk,2025-09
TXN4824,2025-10-11,CUST0427,AGT0121,Dodoma,Deposit,"426,750 ","153,487 ",0 ,Smartphone,0,0,0,1,2,0,40,Medium Risk,2025-10
TXN4825,2025-11-17,CUST0128,AGT0177,Mwanza,PayBill,"1,609 ","281,331 ",0 ,Web,16,0,0,0,3,1,30,Low Risk,2025-11
TXN4826,2025-11-22,CUST0346,AGT0011,Dar,PayBill,"384,078 ","607,011 ",0 ,Smartphone,18,0,0,1,2,0,40,Medium Risk,2025-11
TXN4827,2025-02-26,CUST0239,AGT0100,Dar,PayBill,"325,561 ","636,654 ",0 ,Web,16,0,0,1,5,1,70,High Risk,2025-02
TXN4828,2025-10-20,CUST0346,AGT0192,Mwanza,Withdraw,"458,989 ","59,442 ",0 ,Web,2,0,0,1,3,1,50,Medium Risk,2025-10
TXN4829,2025-04-25,CUST0454,AGT0046,Dar,BuyAirtime,"130,874 ","868,811 ",0 ,Smartphone,22,0,0,0,8,1,80,High Risk,2025-04
TXN4830,2025-08-05,CUST0413,AGT0046,Arusha,PayBill,"237,960 ","32,214 ",0 ,Feature Phone,17,0,0,1,5,1,70,High Risk,2025-08
TXN4831,2025-03-07,CUST0214,AGT0042,Dar,Send,"6,398 ","583,603 ",0 ,Smartphone,7,0,0,0,4,1,40,Medium Risk,2025-03
TXN4832,2025-04-21,CUST0046,AGT0037,Mwanza,Send,"138,408 ","305,975 ",0 ,Web,2,0,0,0,8,1,80,High Risk,2025-04
TXN4833,2025-06-29,CUST0065,AGT0057,Arusha,PayBill,"321,801 ","781,956 ",0 ,Web,3,0,0,1,10,1,120,High Risk,2025-06
TXN4834,2025-02-20,CUST0217,AGT0184,Dodoma,BuyAirtime,"271,659 ","581,069 ",0 ,USSD,14,0,0,1,12,1,140,High Risk,2025-02
TXN4835,2025-05-19,CUST0139,AGT0067,Arusha,Send,"129,099 ","685,534 ",0 ,USSD,19,0,0,0,6,1,60,Medium Risk,2025-05
TXN4836,2025-09-09,CUST0235,AGT0053,Mwanza,Receive,"76,400 ","153,894 ","92,036 ",USSD,16,0,0,0,6,1,60,Medium Risk,2025-09
TXN4837,2025-07-07,CUST0195,AGT0176,Dar,BuyAirtime,"56,316 ","385,780 ",0 ,Web,10,0,0,0,7,1,70,High Risk,2025-07
TXN4838,2025-01-10,CUST0433,AGT0161,Mbeya,Receive,"191,613 ","148,871 ","378,433 ",USSD,12,0,0,0,9,1,90,High Risk,2025-01
TXN4839,2025-05-20,CUST0141,AGT0026,Dar,Withdraw,"198,274 ","847,319 ",0 ,Web,17,0,0,0,8,1,80,High Risk,2025-05
TXN4840,2025-08-31,CUST0287,AGT0034,Dar,PayBill,"431,796 ","636,144 ",0 ,Smartphone,15,0,0,1,6,1,80,High Risk,2025-08
TXN4841,2025-02-23,CUST0101,AGT0038,Dodoma,BuyAirtime,"446,039 ","867,482 ",0 ,Web,7,0,0,1,12,1,140,High Risk,2025-02
TXN4842,2025-04-14,CUST0359,AGT0151,Dodoma,BuyAirtime,"479,713 ","702,387 ",0 ,Feature Phone,13,0,0,1,5,1,70,High Risk,2025-04
TXN4843,2025-09-14,CUST0221,AGT0062,Dar,PayBill,"34,824 ","356,194 ",0 ,Web,20,0,0,0,4,1,40,Medium Risk,2025-09
TXN4844,2025-08-05,CUST0489,AGT0059,Mbeya,Withdraw,"238,636 ","81,508 ",0 ,Web,11,0,0,1,4,1,60,Medium Risk,2025-08
TXN4845,2025-08-13,CUST0489,AGT0010,Arusha,Deposit,"98,687 ","790,440 ",0 ,Smartphone,23,1,0,0,3,1,80,High Risk,2025-08
TXN4846,2025-04-05,CUST0429,AGT0138,Dar,Deposit,"127,146 ","170,217 ",0 ,Feature Phone,22,0,0,0,9,1,90,High Risk,2025-04
TXN4847,2025-01-23,CUST0316,AGT0165,Dodoma,Withdraw,"341,243 ","442,840 ",0 ,Smartphone,11,0,0,1,6,1,80,High Risk,2025-01
TXN4848,2025-07-11,CUST0368,AGT0035,Dodoma,Receive,"77,695 ","105,383 ","80,905 ",Smartphone,23,0,0,0,4,1,40,Medium Risk,2025-07
TXN4849,2025-06-01,CUST0342,AGT0021,Dodoma,Withdraw,"388,392 ","310,530 ",0 ,Smartphone,14,0,0,1,6,1,80,High Risk,2025-06
TXN4850,2025-07-25,CUST0258,AGT0141,Dar,Deposit,"306,562 ","693,623 ",0 ,Feature Phone,23,0,0,1,5,1,70,High Risk,2025-07
TXN4851,2025-03-19,CUST0115,AGT0143,Mwanza,Withdraw,"201,715 ","11,653 ",0 ,Feature Phone,1,0,0,1,10,1,120,High Risk,2025-03
TXN4852,2025-08-02,CUST0425,AGT0022,Dar,BuyAirtime,"89,076 ","871,966 ",0 ,Web,1,0,0,0,4,1,40,Medium Risk,2025-08
TXN4853,2025-04-28,CUST0089,AGT0185,Arusha,Receive,"68,522 ","806,810 ","72,341 ",Smartphone,18,0,0,0,7,1,70,High Risk,2025-04
TXN4854,2025-04-06,CUST0332,AGT0048,Arusha,Send,"275,287 ","150,752 ",0 ,Smartphone,16,0,0,1,9,1,110,High Risk,2025-04
TXN4855,2025-06-27,CUST0456,AGT0091,Arusha,Deposit,"124,328 ","200,814 ",0 ,Web,6,0,0,0,11,1,110,High Risk,2025-06
TXN4856,2025-07-22,CUST0446,AGT0043,Dodoma,BuyAirtime,"55,272 ","828,877 ",0 ,USSD,20,0,0,0,7,1,70,High Risk,2025-07
TXN4857,2025-06-08,CUST0005,AGT0169,Dar,BuyAirtime,"133,133 ","453,904 ",0 ,Feature Phone,6,0,0,0,8,1,80,High Risk,2025-06
TXN4858,2025-11-20,CUST0124,AGT0149,Mwanza,Deposit,"175,673 ","572,148 ",0 ,Web,23,0,0,0,2,0,20,Low Risk,2025-11
TXN4859,2025-02-21,CUST0266,AGT0022,Arusha,Receive,"321,883 ","972,170 ","67,744 ",Smartphone,10,0,0,1,7,1,90,High Risk,2025-02
TXN4860,2025-11-26,CUST0432,AGT0126,Mbeya,Receive,"254,158 ","511,124 ","45,719 ",Smartphone,11,0,0,1,3,1,50,Medium Risk,2025-11
TXN4861,2025-08-04,CUST0005,AGT0062,Dodoma,PayBill,"160,420 ","368,457 ",0 ,USSD,4,0,0,0,6,1,60,Medium Risk,2025-08
TXN4862,2025-12-10,CUST0327,AGT0165,Mwanza,Send,"210,977 ","197,778 ",0 ,Web,14,0,0,1,3,1,50,Medium Risk,2025-12
TXN4863,2025-01-15,CUST0119,AGT0169,Mbeya,Receive,"436,966 ","53,513 ","62,161 ",USSD,18,0,0,1,11,1,130,High Risk,2025-01
TXN4864,2025-09-30,CUST0462,AGT0106,Mwanza,Send,"130,524 ","461,084 ",0 ,USSD,6,0,0,0,4,1,40,Medium Risk,2025-09
TXN4865,2025-06-02,CUST0317,AGT0139,Arusha,Receive,"428,936 ","482,155 ","420,838 ",USSD,8,0,0,1,7,1,90,High Risk,2025-06
TXN4866,2025-03-30,CUST0088,AGT0119,Mwanza,BuyAirtime,"325,850 ","92,238 ",0 ,Feature Phone,11,0,0,1,9,1,110,High Risk,2025-03
TXN4867,2025-02-21,CUST0167,AGT0199,Mbeya,PayBill,"201,883 ","375,464 ",0 ,Feature Phone,9,0,0,1,11,1,130,High Risk,2025-02
TXN4868,2025-11-12,CUST0191,AGT0090,Arusha,Receive,"460,973 ","250,281 ","48,532 ",USSD,11,0,0,1,2,0,40,Medium Risk,2025-11
TXN4869,2025-02-20,CUST0142,AGT0002,Mwanza,Deposit,"495,557 ","714,910 ",0 ,USSD,23,0,0,1,9,1,110,High Risk,2025-02
TXN4870,2025-12-05,CUST0352,AGT0003,Mwanza,BuyAirtime,"329,844 ","918,831 ",0 ,Smartphone,5,0,0,1,1,0,30,Low Risk,2025-12
TXN4871,2025-07-19,CUST0377,AGT0063,Dar,Send,"496,474 ","168,168 ",0 ,Web,6,0,0,1,7,1,90,High Risk,2025-07
TXN4872,2025-11-09,CUST0119,AGT0165,Mwanza,Receive,"140,377 ","288,560 ","309,515 ",USSD,2,0,0,0,2,0,20,Low Risk,2025-11
TXN4873,2025-10-01,CUST0181,AGT0158,Arusha,Deposit,"354,425 ","498,541 ",0 ,USSD,15,0,0,1,3,1,50,Medium Risk,2025-10
TXN4874,2025-10-18,CUST0485,AGT0144,Dodoma,Withdraw,"113,451 ","172,619 ",0 ,Web,5,0,0,0,4,1,40,Medium Risk,2025-10
TXN4875,2025-03-16,CUST0092,AGT0058,Mbeya,Deposit,"465,390 ","944,914 ",0 ,USSD,12,0,0,1,11,1,130,High Risk,2025-03
TXN4876,2025-07-05,CUST0442,AGT0134,Mwanza,Withdraw,"184,741 ","876,150 ",0 ,Smartphone,16,0,0,0,4,1,40,Medium Risk,2025-07
TXN4877,2025-03-30,CUST0226,AGT0072,Arusha,PayBill,"393,536 ","991,791 ",0 ,USSD,14,0,0,1,13,1,150,High Risk,2025-03
TXN4878,2025-09-02,CUST0102,AGT0117,Arusha,Deposit,"177,863 ","582,214 ",0 ,Web,21,0,0,0,3,1,30,Low Risk,2025-09
TXN4879,2025-12-02,CUST0380,AGT0016,Dar,Withdraw,"65,309 ","956,018 ",0 ,Web,7,0,0,0,3,1,30,Low Risk,2025-12
TXN4880,2025-03-21,CUST0359,AGT0047,Arusha,Send,"472,326 ","153,346 ",0 ,Web,0,0,0,1,7,1,90,High Risk,2025-03
TXN4881,2025-03-17,CUST0107,AGT0075,Mbeya,PayBill,"325,021 ","181,830 ",0 ,Web,9,0,0,1,10,1,120,High Risk,2025-03
TXN4882,2025-11-17,CUST0257,AGT0138,Mwanza,BuyAirtime,"305,451 ","766,069 ",0 ,Feature Phone,9,0,0,1,3,1,50,Medium Risk,2025-11
TXN4883,2025-03-29,CUST0365,AGT0148,Dodoma,Send,"255,885 ","984,367 ",0 ,USSD,23,0,0,1,10,1,120,High Risk,2025-03
TXN4884,2025-04-25,CUST0247,AGT0188,Arusha,BuyAirtime,"352,790 ","584,195 ",0 ,Feature Phone,6,0,0,1,11,1,130,High Risk,2025-04
TXN4885,2025-07-23,CUST0037,AGT0017,Dodoma,Withdraw,"432,592 ","269,788 ",0 ,Smartphone,0,0,0,1,5,1,70,High Risk,2025-07
TXN4886,2025-09-08,CUST0496,AGT0177,Mbeya,BuyAirtime,"420,650 ","675,880 ",0 ,USSD,9,0,0,1,5,1,70,High Risk,2025-09
TXN4887,2025-03-24,CUST0091,AGT0179,Mwanza,BuyAirtime,"91,507 ","556,903 ",0 ,Smartphone,20,0,0,0,9,1,90,High Risk,2025-03
TXN4888,2025-02-23,CUST0049,AGT0085,Mbeya,Receive,"295,501 ","122,653 ","475,148 ",Smartphone,2,0,0,1,9,1,110,High Risk,2025-02
TXN4889,2025-12-29,CUST0092,AGT0025,Dar,Withdraw,"416,101 ","610,126 ",0 ,Web,12,0,0,1,1,0,30,Low Risk,2025-12
TXN4890,2025-05-22,CUST0280,AGT0101,Mwanza,Receive,"99,134 ","46,861 ","435,375 ",Smartphone,5,0,0,0,7,1,70,High Risk,2025-05
TXN4891,2025-09-23,CUST0078,AGT0038,Arusha,Deposit,"233,451 ","225,363 ",0 ,Web,0,0,0,1,3,1,50,Medium Risk,2025-09
TXN4892,2025-05-24,CUST0235,AGT0175,Arusha,PayBill,"322,300 ","145,716 ",0 ,Feature Phone,1,0,0,1,9,1,110,High Risk,2025-05
TXN4893,2025-02-19,CUST0294,AGT0095,Mwanza,Receive,"254,003 ","606,982 ","413,655 ",Smartphone,15,0,0,1,9,1,110,High Risk,2025-02
TXN4894,2025-12-12,CUST0178,AGT0131,Dar,Withdraw,"129,400 ","455,235 ",0 ,Feature Phone,20,0,0,0,1,0,10,Low Risk,2025-12
TXN4895,2025-04-21,CUST0217,AGT0076,Mbeya,BuyAirtime,"234,557 ","719,469 ",0 ,Web,0,0,0,1,10,1,120,High Risk,2025-04
TXN4896,2025-10-01,CUST0193,AGT0157,Dodoma,BuyAirtime,"435,477 ","767,963 ",0 ,USSD,23,0,0,1,3,1,50,Medium Risk,2025-10
TXN4897,2025-10-25,CUST0360,AGT0021,Mbeya,Withdraw,"134,558 ","257,343 ",0 ,Feature Phone,0,0,0,0,4,1,40,Medium Risk,2025-10
TXN4898,2025-12-26,CUST0226,AGT0037,Dar,BuyAirtime,"418,245 ","874,889 ",0 ,Feature Phone,11,0,0,1,1,0,30,Low Risk,2025-12
TXN4899,2025-08-30,CUST0485,AGT0153,Arusha,PayBill,"269,486 ","647,402 ",0 ,Feature Phone,10,0,0,1,7,1,90,High Risk,2025-08
TXN4900,2025-05-20,CUST0463,AGT0030,Mbeya,PayBill,"226,502 ","209,079 ",0 ,Smartphone,9,1,0,1,6,1,130,High Risk,2025-05
TXN4901,2025-02-01,CUST0051,AGT0038,Mwanza,PayBill,"18,246 ","867,217 ",0 ,USSD,1,0,0,0,12,1,120,High Risk,2025-02
TXN4902,2025-02-16,CUST0399,AGT0108,Dar,Send,"433,994 ","893,843 ",0 ,Web,0,0,0,1,8,1,100,High Risk,2025-02
TXN4903,2025-01-14,CUST0485,AGT0181,Mwanza,Send,"204,767 ","762,013 ",0 ,USSD,3,0,0,1,13,1,150,High Risk,2025-01
TXN4904,2025-06-12,CUST0105,AGT0055,Mbeya,Receive,"6,409 ","248,717 ","120,262 ",Web,4,0,0,0,5,1,50,Medium Risk,2025-06
TXN4905,2025-12-02,CUST0194,AGT0032,Mbeya,Send,"276,736 ","729,833 ",0 ,Feature Phone,9,0,0,1,2,0,40,Medium Risk,2025-12
TXN4906,2025-12-15,CUST0482,AGT0069,Mbeya,Withdraw,"207,803 ","860,126 ",0 ,USSD,7,0,0,1,1,0,30,Low Risk,2025-12
TXN4907,2025-04-17,CUST0056,AGT0120,Arusha,Send,"81,861 ","336,297 ",0 ,Web,8,0,0,0,12,1,120,High Risk,2025-04
TXN4908,2025-11-19,CUST0465,AGT0010,Dodoma,Send,"144,479 ","789,664 ",0 ,Web,23,0,0,0,1,0,10,Low Risk,2025-11
TXN4909,2025-05-21,CUST0229,AGT0118,Mbeya,Receive,"40,845 ","687,360 ","293,701 ",Smartphone,14,0,0,0,10,1,100,High Risk,2025-05
TXN4910,2025-08-05,CUST0246,AGT0186,Mwanza,BuyAirtime,"64,791 ","541,133 ",0 ,Smartphone,11,0,0,0,9,1,90,High Risk,2025-08
TXN4911,2025-09-19,CUST0361,AGT0063,Mwanza,BuyAirtime,"486,063 ","894,558 ",0 ,USSD,17,0,0,1,2,0,40,Medium Risk,2025-09
TXN4912,2025-07-08,CUST0442,AGT0022,Dar,BuyAirtime,"132,147 ","994,925 ",0 ,USSD,2,0,0,0,3,1,30,Low Risk,2025-07
TXN4913,2025-04-27,CUST0481,AGT0172,Arusha,Withdraw,"239,205 ","582,030 ",0 ,Smartphone,18,0,0,1,8,1,100,High Risk,2025-04
TXN4914,2025-02-27,CUST0461,AGT0067,Arusha,Receive,"189,609 ","972,717 ","450,062 ",Web,0,0,0,0,6,1,60,Medium Risk,2025-02
TXN4915,2025-06-27,CUST0428,AGT0200,Mwanza,Receive,"64,106 ","504,380 ","272,355 ",USSD,8,1,0,0,4,1,90,High Risk,2025-06
TXN4916,2025-02-13,CUST0234,AGT0037,Mbeya,PayBill,"101,019 ","913,293 ",0 ,Smartphone,21,0,0,0,9,1,90,High Risk,2025-02
TXN4917,2025-07-23,CUST0277,AGT0025,Arusha,Send,"213,507 ","926,170 ",0 ,Feature Phone,0,0,0,1,6,1,80,High Risk,2025-07
TXN4918,2025-10-03,CUST0481,AGT0035,Mbeya,Receive,"293,847 ","471,189 ","228,330 ",Smartphone,10,0,0,1,1,0,30,Low Risk,2025-10
TXN4919,2025-10-27,CUST0016,AGT0025,Dar,Send,"217,137 ","258,874 ",0 ,Web,3,0,0,1,1,0,30,Low Risk,2025-10
TXN4920,2025-08-19,CUST0031,AGT0043,Mwanza,Send,"392,811 ","577,648 ",0 ,Feature Phone,10,0,0,1,4,1,60,Medium Risk,2025-08
TXN4921,2025-06-22,CUST0338,AGT0022,Arusha,Deposit,"447,050 ","823,455 ",0 ,Smartphone,9,0,0,1,6,1,80,High Risk,2025-06
TXN4922,2025-11-24,CUST0156,AGT0073,Dar,Withdraw,"1,128 ","859,155 ",0 ,Smartphone,4,0,0,0,1,0,10,Low Risk,2025-11
TXN4923,2025-05-19,CUST0292,AGT0099,Dar,BuyAirtime,"56,333 ","449,948 ",0 ,Feature Phone,22,0,0,0,6,1,60,Medium Risk,2025-05
TXN4924,2025-08-17,CUST0490,AGT0121,Arusha,Send,"171,799 ","169,132 ",0 ,Smartphone,18,0,0,0,4,1,40,Medium Risk,2025-08
TXN4925,2025-06-14,CUST0407,AGT0179,Mwanza,Withdraw,"192,648 ","670,297 ",0 ,Smartphone,18,0,0,0,12,1,120,High Risk,2025-06
TXN4926,2025-12-23,CUST0290,AGT0047,Dodoma,Send,"297,332 ","532,332 ",0 ,Feature Phone,9,0,0,1,1,0,30,Low Risk,2025-12
TXN4927,2025-02-28,CUST0191,AGT0051,Dar,Withdraw,"483,855 ","787,752 ",0 ,Smartphone,7,0,0,1,9,1,110,High Risk,2025-02
TXN4928,2025-07-28,CUST0112,AGT0049,Dodoma,Send,"491,028 ","74,650 ",0 ,Feature Phone,12,0,0,1,4,1,60,Medium Risk,2025-07
TXN4929,2025-06-17,CUST0274,AGT0161,Arusha,Send,"19,801 ","438,614 ",0 ,Feature Phone,7,0,0,0,6,1,60,Medium Risk,2025-06
TXN4930,2025-08-28,CUST0103,AGT0177,Mwanza,PayBill,"2,688 ","154,158 ",0 ,Smartphone,20,0,0,0,2,0,20,Low Risk,2025-08
TXN4931,2025-09-07,CUST0076,AGT0025,Dodoma,BuyAirtime,"318,342 ","255,919 ",0 ,Web,23,0,0,1,2,0,40,Medium Risk,2025-09
TXN4932,2025-10-31,CUST0173,AGT0123,Mwanza,BuyAirtime,"442,050 ","930,561 ",0 ,Feature Phone,22,0,0,1,2,0,40,Medium Risk,2025-10
TXN4933,2025-09-21,CUST0382,AGT0056,Mwanza,Send,"452,175 ","997,015 ",0 ,Web,3,0,0,1,2,0,40,Medium Risk,2025-09
TXN4934,2025-12-19,CUST0070,AGT0045,Dar,BuyAirtime,"110,061 ","112,323 ",0 ,Feature Phone,18,0,0,0,2,0,20,Low Risk,2025-12
TXN4935,2025-03-12,CUST0195,AGT0053,Arusha,PayBill,"114,112 ","6,415 ",0 ,Feature Phone,22,0,0,0,12,1,120,High Risk,2025-03
TXN4936,2025-04-26,CUST0396,AGT0056,Dar,Receive,"167,985 ","807,990 ","190,658 ",USSD,9,0,0,0,6,1,60,Medium Risk,2025-04
TXN4937,2025-04-16,CUST0108,AGT0105,Mwanza,Deposit,"208,786 ","939,133 ",0 ,Feature Phone,12,0,0,1,7,1,90,High Risk,2025-04
TXN4938,2025-05-23,CUST0442,AGT0161,Dar,PayBill,"232,772 ","86,369 ",0 ,Feature Phone,3,0,0,1,6,1,80,High Risk,2025-05
TXN4939,2025-11-25,CUST0187,AGT0097,Mwanza,Send,"221,937 ","829,372 ",0 ,Feature Phone,2,0,0,1,2,0,40,Medium Risk,2025-11
TXN4940,2025-11-19,CUST0027,AGT0169,Mwanza,PayBill,"83,247 ","105,630 ",0 ,Feature Phone,2,0,0,0,1,0,10,Low Risk,2025-11
TXN4941,2025-10-24,CUST0461,AGT0144,Mbeya,Withdraw,"424,268 ","969,909 ",0 ,Smartphone,7,0,0,1,4,1,60,Medium Risk,2025-10
TXN4942,2025-11-14,CUST0432,AGT0127,Arusha,Send,"159,107 ","90,506 ",0 ,Feature Phone,9,0,0,0,5,1,50,Medium Risk,2025-11
TXN4943,2025-07-15,CUST0149,AGT0078,Mbeya,Withdraw,"114,006 ","810,999 ",0 ,Web,23,0,0,0,7,1,70,High Risk,2025-07
TXN4944,2025-02-28,CUST0442,AGT0024,Dodoma,Withdraw,"275,889 ","649,207 ",0 ,Feature Phone,23,0,0,1,11,1,130,High Risk,2025-02
TXN4945,2025-04-07,CUST0101,AGT0158,Mwanza,BuyAirtime,"159,880 ","522,528 ",0 ,Web,19,0,0,0,9,1,90,High Risk,2025-04
TXN4946,2025-03-09,CUST0149,AGT0002,Dar,Send,"442,833 ","660,797 ",0 ,USSD,6,0,0,1,11,1,130,High Risk,2025-03
TXN4947,2025-05-21,CUST0166,AGT0162,Mbeya,BuyAirtime,"219,858 ","672,853 ",0 ,Smartphone,9,0,0,1,11,1,130,High Risk,2025-05
TXN4948,2025-07-02,CUST0270,AGT0193,Dodoma,Withdraw,"23,812 ","504,076 ",0 ,Feature Phone,11,0,0,0,7,1,70,High Risk,2025-07
TXN4949,2025-03-09,CUST0091,AGT0143,Arusha,Receive,"274,988 ","913,048 ","299,589 ",Smartphone,20,0,0,1,11,1,130,High Risk,2025-03
TXN4950,2025-03-26,CUST0464,AGT0165,Mbeya,Send,"421,623 ","136,508 ",0 ,Web,17,0,0,1,8,1,100,High Risk,2025-03
TXN4951,2025-01-29,CUST0425,AGT0125,Mbeya,Receive,"295,368 ","129,055 ","219,092 ",Web,15,0,0,1,16,1,180,High Risk,2025-01
TXN4952,2025-12-31,CUST0372,AGT0004,Dodoma,Send,"190,694 ","111,217 ",0 ,Smartphone,18,0,0,0,1,0,10,Low Risk,2025-12
TXN4953,2025-06-25,CUST0233,AGT0195,Dodoma,Withdraw,"371,132 ","637,086 ",0 ,Feature Phone,2,0,0,1,8,1,100,High Risk,2025-06
TXN4954,2025-02-01,CUST0326,AGT0182,Mbeya,PayBill,"213,875 ","319,299 ",0 ,Smartphone,18,0,0,1,6,1,80,High Risk,2025-02
TXN4955,2025-10-30,CUST0180,AGT0021,Arusha,Receive,"197,034 ","579,569 ","207,158 ",Smartphone,5,0,0,0,3,1,30,Low Risk,2025-10
TXN4956,2025-07-24,CUST0212,AGT0192,Dar,Receive,"421,523 ","295,857 ","287,595 ",USSD,16,0,0,1,4,1,60,Medium Risk,2025-07
TXN4957,2025-10-08,CUST0495,AGT0032,Mwanza,Withdraw,"240,394 ","569,586 ",0 ,Smartphone,8,0,0,1,3,1,50,Medium Risk,2025-10
TXN4958,2025-01-28,CUST0138,AGT0043,Arusha,PayBill,"383,958 ","50,101 ",0 ,Smartphone,18,0,0,1,7,1,90,High Risk,2025-01
TXN4959,2025-08-31,CUST0467,AGT0067,Dodoma,Send,"124,734 ","177,284 ",0 ,Smartphone,17,0,0,0,10,1,100,High Risk,2025-08
TXN4960,2025-04-27,CUST0046,AGT0141,Mwanza,Deposit,"226,659 ","848,306 ",0 ,Feature Phone,0,0,0,1,7,1,90,High Risk,2025-04
TXN4961,2025-03-30,CUST0157,AGT0138,Arusha,PayBill,"445,264 ","876,215 ",0 ,Web,19,0,0,1,6,1,80,High Risk,2025-03
TXN4962,2025-05-31,CUST0347,AGT0107,Dodoma,PayBill,"475,487 ","48,764 ",0 ,Smartphone,8,0,0,1,5,1,70,High Risk,2025-05
TXN4963,2025-06-13,CUST0068,AGT0062,Dodoma,Deposit,"30,845 ","254,686 ",0 ,Web,14,0,0,0,6,1,60,Medium Risk,2025-06
TXN4964,2025-02-13,CUST0477,AGT0129,Dodoma,BuyAirtime,"337,518 ","201,913 ",0 ,Smartphone,23,0,0,1,8,1,100,High Risk,2025-02
TXN4965,2025-02-03,CUST0282,AGT0013,Mwanza,Withdraw,"207,571 ","639,174 ",0 ,USSD,15,0,0,1,15,1,170,High Risk,2025-02
TXN4966,2025-04-25,CUST0297,AGT0070,Dodoma,Receive,"495,561 ","546,046 ","397,775 ",USSD,16,0,0,1,8,1,100,High Risk,2025-04
TXN4967,2025-01-17,CUST0427,AGT0070,Dar,PayBill,"407,760 ","356,109 ",0 ,Feature Phone,5,0,0,1,12,1,140,High Risk,2025-01
TXN4968,2025-12-30,CUST0079,AGT0130,Dodoma,Deposit,"21,369 ","762,988 ",0 ,Web,15,0,0,0,1,0,10,Low Risk,2025-12
TXN4969,2025-04-04,CUST0029,AGT0117,Mwanza,Send,"312,231 ","108,996 ",0 ,Feature Phone,12,0,0,1,6,1,80,High Risk,2025-04
TXN4970,2025-05-20,CUST0330,AGT0008,Mbeya,Receive,"318,425 ","254,215 ","446,914 ",Web,2,0,0,1,9,1,110,High Risk,2025-05
TXN4971,2025-11-17,CUST0156,AGT0142,Mwanza,Send,"414,222 ","272,926 ",0 ,Smartphone,17,0,0,1,2,0,40,Medium Risk,2025-11
TXN4972,2025-04-13,CUST0340,AGT0191,Arusha,PayBill,"289,036 ","659,868 ",0 ,USSD,3,0,0,1,8,1,100,High Risk,2025-04
TXN4973,2025-07-03,CUST0492,AGT0093,Arusha,Deposit,"149,438 ","790,620 ",0 ,USSD,9,0,0,0,4,1,40,Medium Risk,2025-07
TXN4974,2025-10-10,CUST0348,AGT0144,Mbeya,Send,"441,436 ","976,473 ",0 ,Web,1,0,0,1,2,0,40,Medium Risk,2025-10
TXN4975,2025-10-03,CUST0486,AGT0115,Arusha,Withdraw,"253,590 ","136,965 ",0 ,Smartphone,6,0,0,1,2,0,40,Medium Risk,2025-10
TXN4976,2025-03-16,CUST0038,AGT0134,Mwanza,Receive,"177,881 ","901,244 ","241,740 ",Web,7,0,0,0,7,1,70,High Risk,2025-03
TXN4977,2025-08-23,CUST0103,AGT0150,Mwanza,Withdraw,"130,038 ","956,733 ",0 ,Feature Phone,9,0,0,0,3,1,30,Low Risk,2025-08
TXN4978,2025-06-25,CUST0405,AGT0133,Arusha,Receive,"380,162 ","663,220 ","149,701 ",USSD,10,0,0,1,7,1,90,High Risk,2025-06
TXN4979,2025-09-02,CUST0131,AGT0138,Mbeya,Deposit,"235,484 ","443,637 ",0 ,USSD,15,0,0,1,5,1,70,High Risk,2025-09
TXN4980,2025-11-13,CUST0086,AGT0132,Dar,Deposit,"192,731 ","150,228 ",0 ,Smartphone,14,0,0,0,4,1,40,Medium Risk,2025-11
TXN4981,2025-07-06,CUST0034,AGT0032,Mwanza,Deposit,"346,537 ","716,676 ",0 ,Smartphone,9,0,0,1,4,1,60,Medium Risk,2025-07
TXN4982,2025-08-18,CUST0498,AGT0034,Dar,BuyAirtime,"33,763 ","777,806 ",0 ,Smartphone,11,0,0,0,8,1,80,High Risk,2025-08
TXN4983,2025-09-09,CUST0213,AGT0029,Mwanza,Withdraw,"302,220 ","293,679 ",0 ,Web,17,0,0,1,2,0,40,Medium Risk,2025-09
TXN4984,2025-08-23,CUST0494,AGT0116,Mwanza,Receive,"150,463 ","54,489 ","360,048 ",Smartphone,13,0,0,0,7,1,70,High Risk,2025-08
TXN4985,2025-12-11,CUST0090,AGT0019,Mwanza,Send,"23,641 ","905,059 ",0 ,Web,10,0,0,0,1,0,10,Low Risk,2025-12
TXN4986,2025-04-24,CUST0269,AGT0076,Mwanza,BuyAirtime,"112,412 ","865,976 ",0 ,Smartphone,4,0,0,0,10,1,100,High Risk,2025-04
TXN4987,2025-10-02,CUST0106,AGT0137,Dar,Receive,"435,022 ","736,486 ","180,542 ",Web,5,0,0,1,5,1,70,High Risk,2025-10
TXN4988,2025-04-15,CUST0447,AGT0034,Dar,Deposit,"363,340 ","995,556 ",0 ,Feature Phone,19,0,0,1,9,1,110,High Risk,2025-04
TXN4989,2025-01-18,CUST0198,AGT0183,Dodoma,BuyAirtime,"327,250 ","45,412 ",0 ,Web,8,0,0,1,7,1,90,High Risk,2025-01
TXN4990,2025-05-10,CUST0159,AGT0059,Mwanza,PayBill,"188,632 ","217,282 ",0 ,Smartphone,2,0,0,0,7,1,70,High Risk,2025-05
TXN4991,2025-09-29,CUST0163,AGT0184,Dar,Withdraw,"66,908 ","448,482 ",0 ,Smartphone,4,0,0,0,5,1,50,Medium Risk,2025-09
TXN4992,2025-07-03,CUST0334,AGT0119,Arusha,BuyAirtime,"285,292 ","862,038 ",0 ,Feature Phone,23,0,0,1,3,1,50,Medium Risk,2025-07
TXN4993,2025-02-19,CUST0022,AGT0070,Mbeya,PayBill,"194,927 ","386,050 ",0 ,Smartphone,8,0,0,0,10,1,100,High Risk,2025-02
TXN4994,2025-12-04,CUST0253,AGT0178,Dar,BuyAirtime,"344,339 ","978,671 ",0 ,USSD,8,0,0,1,1,0,30,Low Risk,2025-12
TXN4995,2025-07-31,CUST0168,AGT0077,Dodoma,Deposit,"33,179 ","862,849 ",0 ,Web,8,0,0,0,5,1,50,Medium Risk,2025-07
TXN4996,2025-08-14,CUST0289,AGT0181,Dodoma,Deposit,"480,524 ","556,191 ",0 ,Smartphone,15,0,0,1,4,1,60,Medium Risk,2025-08
TXN4997,2025-09-29,CUST0226,AGT0012,Arusha,Withdraw,"200,685 ","413,263 ",0 ,USSD,8,0,0,1,6,1,80,High Risk,2025-09
TXN4998,2025-02-20,CUST0415,AGT0071,Mbeya,Withdraw,"40,899 ","949,687 ",0 ,Feature Phone,6,0,0,0,11,1,110,High Risk,2025-02
TXN4999,2025-04-18,CUST0485,AGT0027,Arusha,BuyAirtime,"178,083 ","936,026 ",0 ,Smartphone,18,0,0,0,11,1,110,High Risk,2025-04
TXN5000,2025-07-20,CUST0430,AGT0037,Mwanza,Send,"276,539 ","33,434 ",0 ,Smartphone,2,0,0,1,4,1,60,Medium Risk,2025-07
TXN5001,2025-11-20,CUST0478,AGT0110,Mbeya,Deposit,"77,704 ","311,701 ",0 ,USSD,22,0,0,0,5,1,50,Medium Risk,2025-11
TXN5002,2025-01-18,CUST0424,AGT0194,Mbeya,Receive,"336,163 ","635,933 ","182,937 ",Web,6,0,0,1,11,1,130,High Risk,2025-01
